This is pdfTeX, Version 3.141592653-2.6-1.40.29 (MiKTeX 26.5) (preloaded format=pdflatex 2026.7.26)  11 AUG 2026 17:03
entering extended mode
 restricted \write18 enabled.
 file:line:error style messages enabled.
 %&-line parsing enabled.
**d:/tailieu/Tailieu/10CD.tex
(d:/tailieu/Tailieu/10CD.tex
LaTeX2e <2026-06-01>
L3 programming layer <2026-06-18>
(C:\Users\cocha\AppData\Local\Programs\MiKTeX\tex/latex/base\book.cls
Document Class: book 2025/01/22 v1.4n Standard LaTeX document class
(C:\Users\cocha\AppData\Local\Programs\MiKTeX\tex/latex/base\bk10.clo
File: bk10.clo 2025/01/22 v1.4n Standard LaTeX file (size option)
)
\c@part=\count276
\c@chapter=\count277
\c@section=\count278
\c@subsection=\count279
\c@subsubsection=\count280
\c@paragraph=\count281
\c@subparagraph=\count282
\c@figure=\count283
\c@table=\count284
\abovecaptionskip=\skip49
\belowcaptionskip=\skip50
\bibindent=\dimen150
) (cautrucDT/colorN.tex (C:\Users\cocha\AppData\Local\Programs\MiKTeX\tex/latex/xcolor\xcolor.sty
Package: xcolor 2024/09/29 v3.02 LaTeX color extensions (UK)
 (C:\Users\cocha\AppData\Local\Programs\MiKTeX\tex/latex/graphics-cfg\color.cfg
File: color.cfg 2016/01/02 v1.6 sample color configuration
)
Package xcolor Info: Driver file: pdftex.def on input line 274.
 (C:\Users\cocha\AppData\Local\Programs\MiKTeX\tex/latex/graphics-def\pdftex.def
File: pdftex.def 2025/09/29 v1.2d Graphics/color driver for pdftex
) (C:\Users\cocha\AppData\Local\Programs\MiKTeX\tex/latex/graphics\mathcolor.ltx)
Package xcolor Info: Model `cmy' substituted by `cmy0' on input line 1349.
Package xcolor Info: Model `hsb' substituted by `rgb' on input line 1353.
Package xcolor Info: Model `RGB' extended on input line 1365.
Package xcolor Info: Model `HTML' substituted by `rgb' on input line 1367.
Package xcolor Info: Model `Hsb' substituted by `hsb' on input line 1368.
Package xcolor Info: Model `tHsb' substituted by `hsb' on input line 1369.
Package xcolor Info: Model `HSB' substituted by `hsb' on input line 1370.
Package xcolor Info: Model `Gray' substituted by `gray' on input line 1371.
Package xcolor Info: Model `wave' substituted by `hsb' on input line 1372.
)) (cautrucDT/Khai-bao-cho-file-mainDT.tex (C:\Users\cocha\AppData\Local\Programs\MiKTeX\tex/latex/amsmath\amsmath.sty
Package: amsmath 2026/05/19 v2.18d AMS math features
\@mathmargin=\skip51

For additional information on amsmath, use the `?' option.
(C:\Users\cocha\AppData\Local\Programs\MiKTeX\tex/latex/amsmath\amstext.sty
Package: amstext 2024/11/17 v2.01 AMS text
 (C:\Users\cocha\AppData\Local\Programs\MiKTeX\tex/latex/amsmath\amsgen.sty
File: amsgen.sty 1999/11/30 v2.0 generic functions
\@emptytoks=\toks17
\ex@=\dimen151
)) (C:\Users\cocha\AppData\Local\Programs\MiKTeX\tex/latex/amsmath\amsbsy.sty
Package: amsbsy 1999/11/29 v1.2d Bold Symbols
\pmbraise@=\dimen152
) (C:\Users\cocha\AppData\Local\Programs\MiKTeX\tex/latex/amsmath\amsopn.sty
Package: amsopn 2022/04/08 v2.04 operator names
)
\inf@bad=\count285
LaTeX Info: Redefining \frac on input line 233.
\uproot@=\count286
\leftroot@=\count287
LaTeX Info: Redefining \overline on input line 398.
LaTeX Info: Redefining \colon on input line 409.
\classnum@=\count288
\DOTSCASE@=\count289
LaTeX Info: Redefining \ldots on input line 495.
LaTeX Info: Redefining \dots on input line 498.
LaTeX Info: Redefining \cdots on input line 619.
\Mathstrutbox@=\box53
\strutbox@=\box54
LaTeX Info: Redefining \big on input line 721.
LaTeX Info: Redefining \Big on input line 722.
LaTeX Info: Redefining \bigg on input line 723.
LaTeX Info: Redefining \Bigg on input line 724.
\big@size=\dimen153
LaTeX Font Info:    Redeclaring font encoding OML on input line 742.
LaTeX Font Info:    Redeclaring font encoding OMS on input line 743.
\macc@depth=\count290
LaTeX Info: Redefining \bmod on input line 904.
LaTeX Info: Redefining \pmod on input line 909.
LaTeX Info: Redefining \smash on input line 939.
LaTeX Info: Redefining \relbar on input line 969.
LaTeX Info: Redefining \Relbar on input line 970.
\c@MaxMatrixCols=\count291
\dotsspace@=\muskip17
\c@parentequation=\count292
\dspbrk@lvl=\count293
\tag@help=\toks18
\row@=\count294
\column@=\count295
\maxfields@=\count296
\andhelp@=\toks19
\eqnshift@=\dimen154
\alignsep@=\dimen155
\tagshift@=\dimen156
\tagwidth@=\dimen157
\totwidth@=\dimen158
\lineht@=\dimen159
\@envbody=\toks20
\multlinegap=\skip52
\multlinetaggap=\skip53
\mathdisplay@stack=\toks21
LaTeX Info: Redefining \[ on input line 2965.
LaTeX Info: Redefining \] on input line 2966.
) (C:\Users\cocha\AppData\Local\Programs\MiKTeX\tex/latex/amsfonts\amssymb.sty
Package: amssymb 2013/01/14 v3.01 AMS font symbols
 (C:\Users\cocha\AppData\Local\Programs\MiKTeX\tex/latex/amsfonts\amsfonts.sty
Package: amsfonts 2013/01/14 v3.01 Basic AMSFonts support
\symAMSa=\mathgroup4
\symAMSb=\mathgroup5
LaTeX Font Info:    Redeclaring math symbol \hbar on input line 98.
LaTeX Font Info:    Overwriting math alphabet `\mathfrak' in version `bold'
(Font)                  U/euf/m/n --> U/euf/b/n on input line 106.
)) (C:\Users\cocha\AppData\Local\Programs\MiKTeX\tex/latex/jknappen\mathrsfs.sty
Package: mathrsfs 1996/01/01 Math RSFS package v1.0 (jk)
\symrsfs=\mathgroup6
) (C:\Users\cocha\AppData\Local\Programs\MiKTeX\tex/latex/maybemath\maybemath.sty
Package: maybemath 2005/2/22
 (C:\Users\cocha\AppData\Local\Programs\MiKTeX\tex/latex/tools\bm.sty
Package: bm 2025/10/21 v1.2g Bold Symbol Support (DPC/FMi)
\symboldoperators=\mathgroup7
\symboldletters=\mathgroup8
\symboldsymbols=\mathgroup9
Package bm Info: No bold for \OMX/cmex/m/n, using \pmb.
Package bm Info: No bold for \U/msa/m/n, using \pmb.
Package bm Info: No bold for \U/msb/m/n, using \pmb.
Package bm Info: No bold for \U/rsfs/m/n, using \pmb.
LaTeX Font Info:    Redeclaring math alphabet \mathbf on input line 149.
)) (C:\Users\cocha\AppData\Local\Programs\MiKTeX\tex/latex/xlop\xlop.sty
Package: xlop 2020/04/26 package wrapper for xlop.tex
 (C:\Users\cocha\AppData\Local\Programs\MiKTeX\tex/generic/xlop\xlop.tex
\op@count@z=\count297
\op@count@i=\count298
\op@count@ii=\count299
\op@count@iii=\count300
\op@count@iv=\count301
\op@count@v=\count302
\op@count@vi=\count303
\op@nbop=\count304
\op@currentstyle=\toks22

`xlop' v0.28  <2020/11/11> (jcc)
\opcolumnwidth=\dimen160
\oplineheight=\dimen161
\op@strutbox=\box55
\op@decimalsepwidth=\dimen162
\op@decimalsepoffset=\dimen163
\op@hrulewidth=\dimen164
\op@vrulewidth=\dimen165
\op@parenthesis=\count305
\op@token=\count306
\op@stack=\count307
\op@stackb=\count308
)) (C:\Users\cocha\AppData\Local\Programs\MiKTeX\tex/latex/polynom\polynom.sty
Package: polynom 2017/07/17 0.19 (CH,HA)
 (C:\Users\cocha\AppData\Local\Programs\MiKTeX\tex/latex/graphics\keyval.sty
Package: keyval 2026-05-17 v1.15 key=value parser (DPC)
\KV@toks@=\toks23
)
\pld@currstage=\count309
) (C:\Users\cocha\AppData\Local\Programs\MiKTeX\tex/latex/slashbox\slashbox.sty
slashbox style by K.Yasuoka, May 1993.
\@slashboxa=\box56
\@slashboxb=\box57
\@slashboxc=\box58
\@slashboxwd=\count310
\@slashboxht=\count311
\@slashsepl=\dimen166
\@slashsepr=\dimen167
) (C:\Users\cocha\AppData\Local\Programs\MiKTeX\tex/latex/tabularray\tabularray.sty
Package: tabularray 2025-11-27 v2025C Typeset tabulars and arrays with LaTeX3
 (C:\Users\cocha\AppData\Local\Programs\MiKTeX\tex/latex/ninecolors\ninecolors.sty
Package: ninecolors 2022-02-13 v2022D Select colors with proper color contrast
 (C:\Users\cocha\AppData\Local\Programs\MiKTeX\tex/latex/l3packages/xparse\xparse.sty (C:\Users\cocha\AppData\Local\Programs\MiKTeX\tex/latex/l3kernel\expl3.sty
Package: expl3 2026-06-18 L3 programming layer (loader) 
 (C:\Users\cocha\AppData\Local\Programs\MiKTeX\tex/latex/l3backend\l3backend-pdftex.def
File: l3backend-pdftex.def 2026-02-18 L3 backend support: PDF output (pdfTeX)
\l__color_backend_stack_int=\count312
))
Package: xparse 2025-10-09 L3 Experimental document command parser
))
\g__tblr_nohyper_int=\count313
\l__tblr_a_int=\count314
\l__tblr_c_int=\count315
\l__tblr_r_int=\count316
\l__tblr_d_dim=\dimen168
\l__tblr_h_dim=\dimen169
\l__tblr_o_dim=\dimen170
\l__tblr_p_dim=\dimen171
\l__tblr_q_dim=\dimen172
\l__tblr_r_dim=\dimen173
\l__tblr_s_dim=\dimen174
\l__tblr_t_dim=\dimen175
\l__tblr_v_dim=\dimen176
\l__tblr_w_dim=\dimen177
\l__tblr_a_box=\box59
\l__tblr_b_box=\box60
\l__tblr_c_box=\box61
\l__tblr_d_box=\box62
\c@tblrcount=\count317
\c@rownum=\count318
\c@colnum=\count319
\c@rowcount=\count320
\c@colcount=\count321
\abovesep=\dimen178
\belowsep=\dimen179
\leftsep=\dimen180
\rightsep=\dimen181
\gTblrLevelInt=\count322
\g__tblr_data_row_key_count_int=\count323
\g__tblr_data_column_key_count_int=\count324
\g__tblr_data_cell_key_count_int=\count325
\g__tblr_array_int=\count326
\l__tblr_key_count_int=\count327
\l__tblr_key_quotient_int=\count328
\l__tblr_key_quotient_two_int=\count329
\l__tblr_key_remainder_int=\count330
\g__tblr_data_str_value_count_int=\count331
\lTblrChildTotalInt=\count332
\lTblrChildHtotalInt=\count333
\lTblrChildVtotalInt=\count334
\l__child_diff_h_int=\count335
\l__child_diff_v_int=\count336
\l__child_sign_h_int=\count337
\l__child_sign_v_int=\count338
\l__child_step_int=\count339
\lTblrDefaultHruleWidthDim=\dimen182
\lTblrDefaultVruleWidthDim=\dimen183
\l__tblr_split_balance_int=\count340
\l__tblr_strut_dp_dim=\dimen184
\l__tblr_strut_ht_dim=\dimen185
\g__tblr_cell_wd_dim=\dimen186
\g__tblr_cell_ht_dim=\dimen187
\g__tblr_cell_head_dim=\dimen188
\g__tblr_cell_foot_dim=\dimen189
\l__tblr_measured_cell_box=\box63
\g__tblr_last_box=\box64
\l__tblr_temp_box=\box65
\l__tblr_column_target_dim=\dimen190
\l__tblr_hfuzz_dim=\dimen191
\l__tblr_caption_box=\box66
\l__tblr_caption_left_box=\box67
\lTblrRowHeadInt=\count341
\lTblrRowFootInt=\count342
\l__tblr_row_head_box=\box68
\l__tblr_row_foot_box=\box69
\l__tblr_row_head_foot_dim=\dimen192
\lTblrTableWidthDim=\dimen193
\l__tblr_table_firsthead_box=\box70
\l__tblr_table_middlehead_box=\box71
\l__tblr_table_lasthead_box=\box72
\l__tblr_table_firstfoot_box=\box73
\l__tblr_table_middlefoot_box=\box74
\l__tblr_table_lastfoot_box=\box75
\l__tblr_remain_height_dim=\dimen194
\l__tblr_next_rows_dim=\dimen195
\l__tblr_page_overfill_dim=\dimen196
\l__tblr_long_from_int=\count343
\l__tblr_long_to_int=\count344
\l__tblr_curr_i_int=\count345
\l__tblr_prev_i_int=\count346
\lTblrTablePageInt=\count347
\l__tblr_table_head_box=\box76
\l__tblr_table_foot_box=\box77
\l__tblr_table_head_foot_dim=\dimen197
\l__tblr_table_head_body_foot_dim=\dimen198
\l__tblr_table_box=\box78
\lTblrRowFirstInt=\count348
\lTblrRowLastInt=\count349
\l__tblr_cover_box_a_dim=\dimen199
\l__tblr_cover_box_b_dim=\dimen256
\l__tblr_table_hlines_box=\box79
\l__tblr_hline_box=\box80
\l__tblr_row_box=\box81
\l__tblr_col_o_wd_dim=\dimen257
\l__tblr_col_b_wd_dim=\dimen258
\l__tblr_hline_leftskip_dim=\dimen259
\l__tblr_hline_rightskip_dim=\dimen260
\l__tblr_row_ht_dim=\dimen261
\l__tblr_row_dp_dim=\dimen262
\l__tblr_row_abovesep_dim=\dimen263
\l__tblr_row_belowsep_dim=\dimen264
\l__tblr_row_vlines_box=\box82
\l__tblr_vline_box=\box83
\l__tblr_cell_box=\box84
\l__tblr_row_upper_dim=\dimen265
\l__tblr_row_lower_dim=\dimen266
\l__tblr_row_vpace_dim=\dimen267
\l__tblr_vline_aboveskip_dim=\dimen268
\l__tblr_vline_belowskip_dim=\dimen269
\lTblrCellRowSpanInt=\count350
\lTblrCellColSpanInt=\count351
\l__tblr_cell_wd_dim=\dimen270
\l__tblr_cell_ht_dim=\dimen271
\lTblrCellAboveBorderWidthDim=\dimen272
\lTblrCellBelowBorderWidthDim=\dimen273
\lTblrCellLeftBorderWidthDim=\dimen274
\lTblrCellRightBorderWidthDim=\dimen275
\l__tblr_diag_box=\box85
\l__tblr_cell_inner_wd_dim=\dimen276
\l__tblr_cell_inner_dp_dim=\dimen277
\l__tblr_cell_hanchor_dim=\dimen278
\l__tblr_last_cell_table_ht_dim=\dimen279
\l__tblr_last_cell_table_dp_dim=\dimen280
\l__tblr_last_vline_wd_dim=\dimen281
\l__tblr_tikz_node_box=\box86
) (C:\Users\cocha\AppData\Local\Programs\MiKTeX\tex/latex/yhmath\yhmath.sty
Package: yhmath 2020/03/17 v1.6
\symyhlargesymbols=\mathgroup10
LaTeX Font Info:    Redeclaring math accent \widetilde on input line 29.
LaTeX Font Info:    Redeclaring math accent \widehat on input line 30.
LaTeX Font Info:    Redeclaring math symbol \braceld on input line 48.
LaTeX Font Info:    Redeclaring math symbol \bracerd on input line 49.
LaTeX Font Info:    Redeclaring math symbol \bracelu on input line 50.
LaTeX Font Info:    Redeclaring math symbol \braceru on input line 51.
LaTeX Font Info:    Redeclaring math delimiter \lmoustache on input line 53.
LaTeX Font Info:    Redeclaring math delimiter \rmoustache on input line 55.
LaTeX Font Info:    Redeclaring math delimiter \arrowvert on input line 57.
LaTeX Font Info:    Redeclaring math delimiter \Arrowvert on input line 59.
LaTeX Font Info:    Redeclaring math delimiter \Vert on input line 61.
LaTeX Font Info:    Redeclaring math delimiter \vert on input line 63.
LaTeX Font Info:    Redeclaring math delimiter \uparrow on input line 65.
LaTeX Font Info:    Redeclaring math delimiter \downarrow on input line 67.
LaTeX Font Info:    Redeclaring math delimiter \updownarrow on input line 69.
LaTeX Font Info:    Redeclaring math delimiter \Uparrow on input line 71.
LaTeX Font Info:    Redeclaring math delimiter \Downarrow on input line 73.
LaTeX Font Info:    Redeclaring math delimiter \Updownarrow on input line 75.
LaTeX Font Info:    Redeclaring math delimiter \backslash on input line 79.
LaTeX Font Info:    Redeclaring math delimiter \rangle on input line 81.
LaTeX Font Info:    Redeclaring math delimiter \langle on input line 83.
LaTeX Font Info:    Redeclaring math delimiter \rbrace on input line 85.
LaTeX Font Info:    Redeclaring math delimiter \lbrace on input line 87.
LaTeX Font Info:    Redeclaring math delimiter \rceil on input line 89.
LaTeX Font Info:    Redeclaring math delimiter \lceil on input line 91.
LaTeX Font Info:    Redeclaring math delimiter \rfloor on input line 93.
LaTeX Font Info:    Redeclaring math delimiter \lfloor on input line 95.
LaTeX Font Info:    Redeclaring math delimiter \lgroup on input line 97.
LaTeX Font Info:    Redeclaring math delimiter \rgroup on input line 99.
LaTeX Font Info:    Redeclaring math delimiter \bracevert on input line 101.
) (C:\Users\cocha\AppData\Local\Programs\MiKTeX\tex/latex/venndiagram\venndiagram.sty
Package: venndiagram 2018/06/07 v1.2 (NLCT) Venn diagrams
 (C:\Users\cocha\AppData\Local\Programs\MiKTeX\tex/latex/xkeyval\xkeyval.sty
Package: xkeyval 2022/06/16 v2.9 package option processing (HA)
 (C:\Users\cocha\AppData\Local\Programs\MiKTeX\tex/generic/xkeyval\xkeyval.tex (C:\Users\cocha\AppData\Local\Programs\MiKTeX\tex/generic/xkeyval\xkvutils.tex
\XKV@toks=\toks24
\XKV@tempa@toks=\toks25
)
\XKV@depth=\count352
File: xkeyval.tex 2014/12/03 v2.7a key=value parser (HA)
)) (C:\Users\cocha\AppData\Local\Programs\MiKTeX\tex/latex/pgf/frontendlayer\tikz.sty (C:\Users\cocha\AppData\Local\Programs\MiKTeX\tex/latex/pgf/basiclayer\pgf.sty (C:\Users\cocha\AppData\Local\Programs\MiKTeX\tex/latex/pgf/utilities\pgfrcs.sty (C:\Users\cocha\AppData\Local\Programs\MiKTeX\tex/generic/pgf/utilities\pgfutil-common.tex
\pgfutil@everybye=\toks26
\pgfutil@tempdima=\dimen282
\pgfutil@tempdimb=\dimen283
) (C:\Users\cocha\AppData\Local\Programs\MiKTeX\tex/generic/pgf/utilities\pgfutil-latex.def
\pgfutil@abb=\box87
) (C:\Users\cocha\AppData\Local\Programs\MiKTeX\tex/generic/pgf/utilities\pgfrcs.code.tex (C:\Users\cocha\AppData\Local\Programs\MiKTeX\tex/generic/pgf\pgf.revision.tex)
Package: pgfrcs 2025-08-29 v3.1.11a (3.1.11a)
))
Package: pgf 2025-08-29 v3.1.11a (3.1.11a)
 (C:\Users\cocha\AppData\Local\Programs\MiKTeX\tex/latex/pgf/basiclayer\pgfcore.sty (C:\Users\cocha\AppData\Local\Programs\MiKTeX\tex/latex/graphics\graphicx.sty
Package: graphicx 2026-05-17 v1.2e Enhanced LaTeX Graphics (DPC,SPQR)
 (C:\Users\cocha\AppData\Local\Programs\MiKTeX\tex/latex/graphics\graphics.sty
Package: graphics 2026-05-17 v1.4h Standard LaTeX Graphics (DPC,SPQR)
 (C:\Users\cocha\AppData\Local\Programs\MiKTeX\tex/latex/graphics\trig.sty
Package: trig 2023/12/02 v1.11 sin cos tan (DPC)
) (C:\Users\cocha\AppData\Local\Programs\MiKTeX\tex/latex/graphics-cfg\graphics.cfg
File: graphics.cfg 2016/06/04 v1.11 sample graphics configuration
)
Package graphics Info: Driver file: pdftex.def on input line 106.
)
\Gin@req@height=\dimen284
\Gin@req@width=\dimen285
) (C:\Users\cocha\AppData\Local\Programs\MiKTeX\tex/latex/pgf/systemlayer\pgfsys.sty (C:\Users\cocha\AppData\Local\Programs\MiKTeX\tex/generic/pgf/systemlayer\pgfsys.code.tex
Package: pgfsys 2025-08-29 v3.1.11a (3.1.11a)
 (C:\Users\cocha\AppData\Local\Programs\MiKTeX\tex/generic/pgf/utilities\pgfkeys.code.tex
\pgfkeys@pathtoks=\toks27
\pgfkeys@temptoks=\toks28
 (C:\Users\cocha\AppData\Local\Programs\MiKTeX\tex/generic/pgf/utilities\pgfkeyslibraryfiltered.code.tex
\pgfkeys@tmptoks=\toks29
))
\pgf@x=\dimen286
\pgf@y=\dimen287
\pgf@xa=\dimen288
\pgf@ya=\dimen289
\pgf@xb=\dimen290
\pgf@yb=\dimen291
\pgf@xc=\dimen292
\pgf@yc=\dimen293
\pgf@xd=\dimen294
\pgf@yd=\dimen295
\w@pgf@writea=\write3
\r@pgf@reada=\read2
\c@pgf@counta=\count353
\c@pgf@countb=\count354
\c@pgf@countc=\count355
\c@pgf@countd=\count356
\t@pgf@toka=\toks30
\t@pgf@tokb=\toks31
\t@pgf@tokc=\toks32
\pgf@sys@id@count=\count357
 (C:\Users\cocha\AppData\Local\Programs\MiKTeX\tex/generic/pgf/systemlayer\pgf.cfg
File: pgf.cfg 2025-08-29 v3.1.11a (3.1.11a)
)
Driver file for pgf: pgfsys-pdftex.def
 (C:\Users\cocha\AppData\Local\Programs\MiKTeX\tex/generic/pgf/systemlayer\pgfsys-pdftex.def
File: pgfsys-pdftex.def 2025-08-29 v3.1.11a (3.1.11a)
 (C:\Users\cocha\AppData\Local\Programs\MiKTeX\tex/generic/pgf/systemlayer\pgfsys-common-pdf.def
File: pgfsys-common-pdf.def 2025-08-29 v3.1.11a (3.1.11a)
))) (C:\Users\cocha\AppData\Local\Programs\MiKTeX\tex/generic/pgf/systemlayer\pgfsyssoftpath.code.tex
File: pgfsyssoftpath.code.tex 2025-08-29 v3.1.11a (3.1.11a)
\pgfsyssoftpath@smallbuffer@items=\count358
\pgfsyssoftpath@bigbuffer@items=\count359
) (C:\Users\cocha\AppData\Local\Programs\MiKTeX\tex/generic/pgf/systemlayer\pgfsysprotocol.code.tex
File: pgfsysprotocol.code.tex 2025-08-29 v3.1.11a (3.1.11a)
)) (C:\Users\cocha\AppData\Local\Programs\MiKTeX\tex/generic/pgf/basiclayer\pgfcore.code.tex
Package: pgfcore 2025-08-29 v3.1.11a (3.1.11a)
 (C:\Users\cocha\AppData\Local\Programs\MiKTeX\tex/generic/pgf/math\pgfmath.code.tex (C:\Users\cocha\AppData\Local\Programs\MiKTeX\tex/generic/pgf/math\pgfmathutil.code.tex) (C:\Users\cocha\AppData\Local\Programs\MiKTeX\tex/generic/pgf/math\pgfmathparser.code.tex
\pgfmath@dimen=\dimen296
\pgfmath@count=\count360
\pgfmath@box=\box88
\pgfmath@toks=\toks33
\pgfmath@stack@operand=\toks34
\pgfmath@stack@operation=\toks35
) (C:\Users\cocha\AppData\Local\Programs\MiKTeX\tex/generic/pgf/math\pgfmathfunctions.code.tex) (C:\Users\cocha\AppData\Local\Programs\MiKTeX\tex/generic/pgf/math\pgfmathfunctions.basic.code.tex) (C:\Users\cocha\AppData\Local\Programs\MiKTeX\tex/generic/pgf/math\pgfmathfunctions.trigonometric.code.tex) (C:\Users\cocha\AppData\Local\Programs\MiKTeX\tex/generic/pgf/math\pgfmathfunctions.random.code.tex) (C:\Users\cocha\AppData\Local\Programs\MiKTeX\tex/generic/pgf/math\pgfmathfunctions.comparison.code.tex) (C:\Users\cocha\AppData\Local\Programs\MiKTeX\tex/generic/pgf/math\pgfmathfunctions.base.code.tex) (C:\Users\cocha\AppData\Local\Programs\MiKTeX\tex/generic/pgf/math\pgfmathfunctions.round.code.tex) (C:\Users\cocha\AppData\Local\Programs\MiKTeX\tex/generic/pgf/math\pgfmathfunctions.misc.code.tex) (C:\Users\cocha\AppData\Local\Programs\MiKTeX\tex/generic/pgf/math\pgfmathfunctions.integerarithmetics.code.tex) (C:\Users\cocha\AppData\Local\Programs\MiKTeX\tex/generic/pgf/math\pgfmathcalc.code.tex) (C:\Users\cocha\AppData\Local\Programs\MiKTeX\tex/generic/pgf/math\pgfmathfloat.code.tex
\c@pgfmathroundto@lastzeros=\count361
)) (C:\Users\cocha\AppData\Local\Programs\MiKTeX\tex/generic/pgf/math\pgfint.code.tex) (C:\Users\cocha\AppData\Local\Programs\MiKTeX\tex/generic/pgf/basiclayer\pgfcorepoints.code.tex
File: pgfcorepoints.code.tex 2025-08-29 v3.1.11a (3.1.11a)
\pgf@picminx=\dimen297
\pgf@picmaxx=\dimen298
\pgf@picminy=\dimen299
\pgf@picmaxy=\dimen300
\pgf@pathminx=\dimen301
\pgf@pathmaxx=\dimen302
\pgf@pathminy=\dimen303
\pgf@pathmaxy=\dimen304
\pgf@xx=\dimen305
\pgf@xy=\dimen306
\pgf@yx=\dimen307
\pgf@yy=\dimen308
\pgf@zx=\dimen309
\pgf@zy=\dimen310
) (C:\Users\cocha\AppData\Local\Programs\MiKTeX\tex/generic/pgf/basiclayer\pgfcorepathconstruct.code.tex
File: pgfcorepathconstruct.code.tex 2025-08-29 v3.1.11a (3.1.11a)
\pgf@path@lastx=\dimen311
\pgf@path@lasty=\dimen312
) (C:\Users\cocha\AppData\Local\Programs\MiKTeX\tex/generic/pgf/basiclayer\pgfcorepathusage.code.tex
File: pgfcorepathusage.code.tex 2025-08-29 v3.1.11a (3.1.11a)
\pgf@shorten@end@additional=\dimen313
\pgf@shorten@start@additional=\dimen314
) (C:\Users\cocha\AppData\Local\Programs\MiKTeX\tex/generic/pgf/basiclayer\pgfcorescopes.code.tex
File: pgfcorescopes.code.tex 2025-08-29 v3.1.11a (3.1.11a)
\pgfpic=\box89
\pgf@hbox=\box90
\pgf@layerbox@main=\box91
\pgf@picture@serial@count=\count362
) (C:\Users\cocha\AppData\Local\Programs\MiKTeX\tex/generic/pgf/basiclayer\pgfcoregraphicstate.code.tex
File: pgfcoregraphicstate.code.tex 2025-08-29 v3.1.11a (3.1.11a)
\pgflinewidth=\dimen315
) (C:\Users\cocha\AppData\Local\Programs\MiKTeX\tex/generic/pgf/basiclayer\pgfcoretransformations.code.tex
File: pgfcoretransformations.code.tex 2025-08-29 v3.1.11a (3.1.11a)
\pgf@pt@x=\dimen316
\pgf@pt@y=\dimen317
\pgf@pt@temp=\dimen318
) (C:\Users\cocha\AppData\Local\Programs\MiKTeX\tex/generic/pgf/basiclayer\pgfcorequick.code.tex
File: pgfcorequick.code.tex 2025-08-29 v3.1.11a (3.1.11a)
) (C:\Users\cocha\AppData\Local\Programs\MiKTeX\tex/generic/pgf/basiclayer\pgfcoreobjects.code.tex
File: pgfcoreobjects.code.tex 2025-08-29 v3.1.11a (3.1.11a)
) (C:\Users\cocha\AppData\Local\Programs\MiKTeX\tex/generic/pgf/basiclayer\pgfcorepathprocessing.code.tex
File: pgfcorepathprocessing.code.tex 2025-08-29 v3.1.11a (3.1.11a)
) (C:\Users\cocha\AppData\Local\Programs\MiKTeX\tex/generic/pgf/basiclayer\pgfcorearrows.code.tex
File: pgfcorearrows.code.tex 2025-08-29 v3.1.11a (3.1.11a)
\pgfarrowsep=\dimen319
) (C:\Users\cocha\AppData\Local\Programs\MiKTeX\tex/generic/pgf/basiclayer\pgfcoreshade.code.tex
File: pgfcoreshade.code.tex 2025-08-29 v3.1.11a (3.1.11a)
\pgf@max=\dimen320
\pgf@sys@shading@range@num=\count363
\pgf@shadingcount=\count364
) (C:\Users\cocha\AppData\Local\Programs\MiKTeX\tex/generic/pgf/basiclayer\pgfcoreimage.code.tex
File: pgfcoreimage.code.tex 2025-08-29 v3.1.11a (3.1.11a)
) (C:\Users\cocha\AppData\Local\Programs\MiKTeX\tex/generic/pgf/basiclayer\pgfcoreexternal.code.tex
File: pgfcoreexternal.code.tex 2025-08-29 v3.1.11a (3.1.11a)
\pgfexternal@startupbox=\box92
) (C:\Users\cocha\AppData\Local\Programs\MiKTeX\tex/generic/pgf/basiclayer\pgfcorelayers.code.tex
File: pgfcorelayers.code.tex 2025-08-29 v3.1.11a (3.1.11a)
) (C:\Users\cocha\AppData\Local\Programs\MiKTeX\tex/generic/pgf/basiclayer\pgfcoretransparency.code.tex
File: pgfcoretransparency.code.tex 2025-08-29 v3.1.11a (3.1.11a)
) (C:\Users\cocha\AppData\Local\Programs\MiKTeX\tex/generic/pgf/basiclayer\pgfcorepatterns.code.tex
File: pgfcorepatterns.code.tex 2025-08-29 v3.1.11a (3.1.11a)
) (C:\Users\cocha\AppData\Local\Programs\MiKTeX\tex/generic/pgf/basiclayer\pgfcorerdf.code.tex
File: pgfcorerdf.code.tex 2025-08-29 v3.1.11a (3.1.11a)
))) (C:\Users\cocha\AppData\Local\Programs\MiKTeX\tex/generic/pgf/modules\pgfmoduleshapes.code.tex
File: pgfmoduleshapes.code.tex 2025-08-29 v3.1.11a (3.1.11a)
\pgfnodeparttextbox=\box93
) (C:\Users\cocha\AppData\Local\Programs\MiKTeX\tex/generic/pgf/modules\pgfmoduleplot.code.tex
File: pgfmoduleplot.code.tex 2025-08-29 v3.1.11a (3.1.11a)
) (C:\Users\cocha\AppData\Local\Programs\MiKTeX\tex/latex/pgf/compatibility\pgfcomp-version-0-65.sty
Package: pgfcomp-version-0-65 2025-08-29 v3.1.11a (3.1.11a)
\pgf@nodesepstart=\dimen321
\pgf@nodesepend=\dimen322
) (C:\Users\cocha\AppData\Local\Programs\MiKTeX\tex/latex/pgf/compatibility\pgfcomp-version-1-18.sty
Package: pgfcomp-version-1-18 2025-08-29 v3.1.11a (3.1.11a)
)) (C:\Users\cocha\AppData\Local\Programs\MiKTeX\tex/latex/pgf/utilities\pgffor.sty (C:\Users\cocha\AppData\Local\Programs\MiKTeX\tex/latex/pgf/utilities\pgfkeys.sty (C:\Users\cocha\AppData\Local\Programs\MiKTeX\tex/generic/pgf/utilities\pgfkeys.code.tex)) (C:\Users\cocha\AppData\Local\Programs\MiKTeX\tex/latex/pgf/math\pgfmath.sty (C:\Users\cocha\AppData\Local\Programs\MiKTeX\tex/generic/pgf/math\pgfmath.code.tex)) (C:\Users\cocha\AppData\Local\Programs\MiKTeX\tex/generic/pgf/utilities\pgffor.code.tex
Package: pgffor 2025-08-29 v3.1.11a (3.1.11a)
\pgffor@iter=\dimen323
\pgffor@skip=\dimen324
\pgffor@stack=\toks36
\pgffor@toks=\toks37
)) (C:\Users\cocha\AppData\Local\Programs\MiKTeX\tex/generic/pgf/frontendlayer/tikz\tikz.code.tex
Package: tikz 2025-08-29 v3.1.11a (3.1.11a)
 (C:\Users\cocha\AppData\Local\Programs\MiKTeX\tex/generic/pgf/libraries\pgflibraryplothandlers.code.tex
File: pgflibraryplothandlers.code.tex 2025-08-29 v3.1.11a (3.1.11a)
\pgf@plot@mark@count=\count365
\pgfplotmarksize=\dimen325
)
\tikz@lastx=\dimen326
\tikz@lasty=\dimen327
\tikz@lastxsaved=\dimen328
\tikz@lastysaved=\dimen329
\tikz@lastmovetox=\dimen330
\tikz@lastmovetoy=\dimen331
\tikzleveldistance=\dimen332
\tikzsiblingdistance=\dimen333
\tikz@figbox=\box94
\tikz@figbox@bg=\box95
\tikz@tempbox=\box96
\tikz@tempbox@bg=\box97
\tikztreelevel=\count366
\tikznumberofchildren=\count367
\tikznumberofcurrentchild=\count368
\tikz@fig@count=\count369
 (C:\Users\cocha\AppData\Local\Programs\MiKTeX\tex/generic/pgf/modules\pgfmodulematrix.code.tex
File: pgfmodulematrix.code.tex 2025-08-29 v3.1.11a (3.1.11a)
\pgfmatrixcurrentrow=\count370
\pgfmatrixcurrentcolumn=\count371
\pgf@matrix@numberofcolumns=\count372
)
\tikz@expandcount=\count373
 (C:\Users\cocha\AppData\Local\Programs\MiKTeX\tex/generic/pgf/frontendlayer/tikz/libraries\tikzlibrarytopaths.code.tex
File: tikzlibrarytopaths.code.tex 2025-08-29 v3.1.11a (3.1.11a)
))) (C:\Users\cocha\AppData\Local\Programs\MiKTeX\tex/latex/etoolbox\etoolbox.sty
Package: etoolbox 2025/10/02 v2.5m e-TeX tools for LaTeX (JAW)
\etb@tempcnta=\count374
)
\@venn@Ax=\skip54
\@venn@Ay=\skip55
\@venn@Bx=\skip56
\@venn@By=\skip57
\@venn@Cx=\skip58
\@venn@Cy=\skip59
\@venn@w=\skip60
\@venn@h=\skip61
\@venn@intersect@i@x=\skip62
\@venn@intersect@i@y=\skip63
\@venn@intersect@ii@x=\skip64
\@venn@intersect@ii@y=\skip65
) (C:\Users\cocha\AppData\Local\Programs\MiKTeX\tex/latex/tools\enumerate.sty
Package: enumerate 2023/07/04 v3.00 enumerate extensions (DPC)
\@enLab=\toks38
) (C:\Users\cocha\AppData\Local\Programs\MiKTeX\tex/latex/tkz-euclide\tkz-euclide.sty
2026/01/25 5.13c tkz-euclide.sty
Package: tkz-euclide  2026/01/25 5.13c for pure Euclidean Geometry 
(C:\Users\cocha\AppData\Local\Programs\MiKTeX\tex/generic/pgf/frontendlayer/tikz/libraries\tikzlibraryangles.code.tex
File: tikzlibraryangles.code.tex 2025-08-29 v3.1.11a (3.1.11a)
) (C:\Users\cocha\AppData\Local\Programs\MiKTeX\tex/generic/pgf/frontendlayer/tikz/libraries\tikzlibraryarrows.code.tex
File: tikzlibraryarrows.code.tex 2025-08-29 v3.1.11a (3.1.11a)
 (C:\Users\cocha\AppData\Local\Programs\MiKTeX\tex/generic/pgf/libraries\pgflibraryarrows.code.tex
File: pgflibraryarrows.code.tex 2025-08-29 v3.1.11a (3.1.11a)
\arrowsize=\dimen334
)) (C:\Users\cocha\AppData\Local\Programs\MiKTeX\tex/generic/pgf/libraries\pgflibraryarrows.meta.code.tex
File: pgflibraryarrows.meta.code.tex 2025-08-29 v3.1.11a (3.1.11a)
\pgfarrowinset=\dimen335
\pgfarrowlength=\dimen336
\pgfarrowwidth=\dimen337
\pgfarrowlinewidth=\dimen338
) (C:\Users\cocha\AppData\Local\Programs\MiKTeX\tex/generic/pgf/frontendlayer/tikz/libraries\tikzlibrarybackgrounds.code.tex
File: tikzlibrarybackgrounds.code.tex 2025-08-29 v3.1.11a (3.1.11a)
\pgf@layerbox@background=\box98
\pgf@layerboxsaved@background=\box99
) (C:\Users\cocha\AppData\Local\Programs\MiKTeX\tex/generic/pgf/frontendlayer/tikz/libraries\tikzlibrarycalc.code.tex
File: tikzlibrarycalc.code.tex 2025-08-29 v3.1.11a (3.1.11a)
) (C:\Users\cocha\AppData\Local\Programs\MiKTeX\tex/generic/pgf/frontendlayer/tikz/libraries\tikzlibrarydecorations.code.tex (C:\Users\cocha\AppData\Local\Programs\MiKTeX\tex/generic/pgf/modules\pgfmoduledecorations.code.tex
\pgfdecoratedcompleteddistance=\dimen339
\pgfdecoratedremainingdistance=\dimen340
\pgfdecoratedinputsegmentcompleteddistance=\dimen341
\pgfdecoratedinputsegmentremainingdistance=\dimen342
\pgf@decorate@distancetomove=\dimen343
\pgf@decorate@repeatstate=\count375
\pgfdecorationsegmentamplitude=\dimen344
\pgfdecorationsegmentlength=\dimen345
)
\tikz@lib@dec@box=\box100
) (C:\Users\cocha\AppData\Local\Programs\MiKTeX\tex/generic/pgf/frontendlayer/tikz/libraries\tikzlibrarydecorations.markings.code.tex (C:\Users\cocha\AppData\Local\Programs\MiKTeX\tex/generic/pgf/libraries/decorations\pgflibrarydecorations.markings.code.tex)) (C:\Users\cocha\AppData\Local\Programs\MiKTeX\tex/generic/pgf/frontendlayer/tikz/libraries\tikzlibrarydecorations.pathreplacing.code.tex (C:\Users\cocha\AppData\Local\Programs\MiKTeX\tex/generic/pgf/libraries/decorations\pgflibrarydecorations.pathreplacing.code.tex)) (C:\Users\cocha\AppData\Local\Programs\MiKTeX\tex/generic/pgf/frontendlayer/tikz/libraries\tikzlibrarydecorations.shapes.code.tex (C:\Users\cocha\AppData\Local\Programs\MiKTeX\tex/generic/pgf/libraries/decorations\pgflibrarydecorations.shapes.code.tex)) (C:\Users\cocha\AppData\Local\Programs\MiKTeX\tex/generic/pgf/frontendlayer/tikz/libraries\tikzlibrarydecorations.text.code.tex (C:\Users\cocha\AppData\Local\Programs\MiKTeX\tex/generic/pgf/libraries/decorations\pgflibrarydecorations.text.code.tex
\pgf@lib@dec@text@box=\box101
)
\tikz@lib@dec@te@box=\box102
) (C:\Users\cocha\AppData\Local\Programs\MiKTeX\tex/generic/pgf/frontendlayer/tikz/libraries\tikzlibrarydecorations.pathmorphing.code.tex (C:\Users\cocha\AppData\Local\Programs\MiKTeX\tex/generic/pgf/libraries/decorations\pgflibrarydecorations.pathmorphing.code.tex)) (C:\Users\cocha\AppData\Local\Programs\MiKTeX\tex/generic/pgf/frontendlayer/tikz/libraries\tikzlibraryintersections.code.tex (C:\Users\cocha\AppData\Local\Programs\MiKTeX\tex/generic/pgf/libraries\pgflibraryintersections.code.tex (C:\Users\cocha\AppData\Local\Programs\MiKTeX\tex/generic/pgf/libraries\pgflibraryfpu.code.tex)
\pgf@intersect@solutions=\count376
)) (C:\Users\cocha\AppData\Local\Programs\MiKTeX\tex/generic/pgf/frontendlayer/tikz/libraries\tikzlibrarymath.code.tex (C:\Users\cocha\AppData\Local\Programs\MiKTeX\tex/generic/pgf/frontendlayer/tikz/libraries\tikzlibraryfpu.code.tex)
\tikz@math@for@depth=\count377
\tikz@math@dimen=\dimen346
\tikz@math@toks=\toks39
) (C:\Users\cocha\AppData\Local\Programs\MiKTeX\tex/generic/pgf/frontendlayer/tikz/libraries\tikzlibraryplotmarks.code.tex
File: tikzlibraryplotmarks.code.tex 2025-08-29 v3.1.11a (3.1.11a)
 (C:\Users\cocha\AppData\Local\Programs\MiKTeX\tex/generic/pgf/libraries\pgflibraryplotmarks.code.tex
File: pgflibraryplotmarks.code.tex 2025-08-29 v3.1.11a (3.1.11a)
)) (C:\Users\cocha\AppData\Local\Programs\MiKTeX\tex/generic/pgf/frontendlayer/tikz/libraries\tikzlibrarypositioning.code.tex
File: tikzlibrarypositioning.code.tex 2025-08-29 v3.1.11a (3.1.11a)
) (C:\Users\cocha\AppData\Local\Programs\MiKTeX\tex/generic/pgf/frontendlayer/tikz/libraries\tikzlibraryquotes.code.tex
File: tikzlibraryquotes.code.tex 2025-08-29 v3.1.11a (3.1.11a)
) (C:\Users\cocha\AppData\Local\Programs\MiKTeX\tex/generic/pgf/frontendlayer/tikz/libraries\tikzlibraryshapes.misc.code.tex
File: tikzlibraryshapes.misc.code.tex 2025-08-29 v3.1.11a (3.1.11a)
 (C:\Users\cocha\AppData\Local\Programs\MiKTeX\tex/generic/pgf/libraries/shapes\pgflibraryshapes.misc.code.tex
File: pgflibraryshapes.misc.code.tex 2025-08-29 v3.1.11a (3.1.11a)
)) (C:\Users\cocha\AppData\Local\Programs\MiKTeX\tex/generic/pgf/frontendlayer/tikz/libraries\tikzlibrarythrough.code.tex
File: tikzlibrarythrough.code.tex 2025-08-29 v3.1.11a (3.1.11a)
) (C:\Users\cocha\AppData\Local\Programs\MiKTeX\tex/latex/l3packages/xfp\xfp.sty
Package: xfp 2025-10-09 L3 Floating point unit
) (C:\Users\cocha\AppData\Local\Programs\MiKTeX\tex/latex/xpatch\xpatch.sty
Package: xpatch 2020/03/25 v0.3a Extending etoolbox patching commands
)
\tkzRadius=\dimen347
\tkzLength=\dimen348
\tkz@radi=\dimen349
\tkz@ax=\dimen350
\tkz@ay=\dimen351
\tkz@bx=\dimen352
\tkz@by=\dimen353
\tkz@cx=\dimen354
\tkz@cy=\dimen355
\tkz@dx=\dimen356
\tkz@dy=\dimen357
\tkz@cntmk=\count378

Local configuration file tkz-euclide.cfg found and used
(C:\Users\cocha\AppData\Local\Programs\MiKTeX\tex/latex/tkz-euclide\tkz-euclide.cfg
2026/01/25 5.13c tkz-euclide.cfg
) (C:\Users\cocha\AppData\Local\Programs\MiKTeX\tex/latex/tkz-euclide/tools\tkz-tools-eu-base.tex
2026/01/25 5.13c tkz-tools-eu-base.tex
) (C:\Users\cocha\AppData\Local\Programs\MiKTeX\tex/latex/tkz-euclide/tools\tkz-tools-eu-utilities.tex
2026/01/25 5.13c tkz-tools-eu-utilities.tex
) (C:\Users\cocha\AppData\Local\Programs\MiKTeX\tex/latex/tkz-euclide/tools\tkz-tools-eu-BB.tex
2026/01/25 5.13c tkz-obj-eu-BB.tex
) (C:\Users\cocha\AppData\Local\Programs\MiKTeX\tex/latex/tkz-euclide/obj\tkz-obj-eu-grids.tex
2026/01/25 5.13c tkz-obj-eu-grids.tex
) (C:\Users\cocha\AppData\Local\Programs\MiKTeX\tex/latex/tkz-euclide/libs\tkz-lib-eu-marks.tex
2026/01/25 5.13c tkz-lib-eu-marks.tex
) (C:\Users\cocha\AppData\Local\Programs\MiKTeX\tex/latex/tkz-euclide/tools\tkz-tools-eu-text.tex
2026/01/25 5.13c tkz-tools-eu-text.tex
) (C:\Users\cocha\AppData\Local\Programs\MiKTeX\tex/latex/tkz-euclide/libs\tkz-lib-eu-shape.tex
2026/01/25 5.13c tkz-lib-eu-shape.tex
) (C:\Users\cocha\AppData\Local\Programs\MiKTeX\tex/latex/tkz-euclide/obj\tkz-obj-eu-axesmin.tex
2026/01/25 5.13c tkz-obj-eu-axesmin
) (C:\Users\cocha\AppData\Local\Programs\MiKTeX\tex/latex/tkz-euclide/tools\tkz-tools-eu-colors.tex
2026/01/25 5.13c tkz-tools-eu-colors
) (C:\Users\cocha\AppData\Local\Programs\MiKTeX\tex/latex/tkz-euclide/obj\tkz-obj-eu-points.tex
2026/01/25 5.13c tkz-obj-eu-points.tex
) (C:\Users\cocha\AppData\Local\Programs\MiKTeX\tex/latex/tkz-euclide/drawings\tkz-draw-eu-points.tex
2026/01/25 5.13c tkz-draw-eu-points.tex
) (C:\Users\cocha\AppData\Local\Programs\MiKTeX\tex/latex/tkz-euclide/obj\tkz-obj-eu-points.tex
2026/01/25 5.13c tkz-obj-eu-points.tex
) (C:\Users\cocha\AppData\Local\Programs\MiKTeX\tex/latex/tkz-euclide/obj\tkz-obj-eu-points-by.tex
2026/01/25 5.13c tkz-tools-eu-points-by.tex
) (C:\Users\cocha\AppData\Local\Programs\MiKTeX\tex/latex/tkz-euclide/tools\tkz-tools-eu-math.tex
2026/01/25 5.13c tkz-tools-eu-math.tex
) (C:\Users\cocha\AppData\Local\Programs\MiKTeX\tex/latex/tkz-euclide/tools\tkz-tools-eu-intersections.tex
2026/01/25 5.13c tkz-tools-eu-intersections.tex
) (C:\Users\cocha\AppData\Local\Programs\MiKTeX\tex/latex/tkz-euclide/obj\tkz-obj-eu-points-with.tex
2026/01/25 5.13c tkz-obj-eu-points-with.tex
) (C:\Users\cocha\AppData\Local\Programs\MiKTeX\tex/latex/tkz-euclide/obj\tkz-obj-eu-points-spc.tex
2026/01/25 5.13c tkz-obj-el-points.tex
) (C:\Users\cocha\AppData\Local\Programs\MiKTeX\tex/latex/tkz-euclide/tools\tkz-tools-eu-angles.tex
2026/01/25 5.13c tkz-tools-eu-angles.tex
) (C:\Users\cocha\AppData\Local\Programs\MiKTeX\tex/latex/tkz-euclide/obj\tkz-obj-eu-circles.tex
2026/01/25 5.13c tkz-obj-eu-circles.tex
) (C:\Users\cocha\AppData\Local\Programs\MiKTeX\tex/latex/tkz-euclide/obj\tkz-obj-eu-circles-by.tex
2026/01/25 5.13c tkz-obj-eu-circles.tex
) (C:\Users\cocha\AppData\Local\Programs\MiKTeX\tex/latex/tkz-euclide/obj\tkz-obj-eu-points-rnd.tex
2026/01/25 5.13c tkz-obj-eu-points-rnd.tex
) (C:\Users\cocha\AppData\Local\Programs\MiKTeX\tex/latex/tkz-euclide/obj\tkz-obj-eu-lines.tex
2026/01/25 5.13c tkz-obj-eu-lines.tex
) (C:\Users\cocha\AppData\Local\Programs\MiKTeX\tex/latex/tkz-euclide/obj\tkz-obj-eu-polygons.tex
2026/01/25 5.13c tkz-obj-eu-polygons.tex
) (C:\Users\cocha\AppData\Local\Programs\MiKTeX\tex/latex/tkz-euclide/obj\tkz-obj-eu-triangles.tex
2026/01/25 5.13c tkz-obj-eu-triangles.tex
) (C:\Users\cocha\AppData\Local\Programs\MiKTeX\tex/latex/tkz-euclide/drawings\tkz-draw-eu-lines.tex
2026/01/25 5.13c tkz-obj-eu-draw-lines.tex
) (C:\Users\cocha\AppData\Local\Programs\MiKTeX\tex/latex/tkz-euclide/drawings\tkz-draw-eu-circles.tex
2026/01/25 5.13c tkz-obj-eu-draw-circles.tex
) (C:\Users\cocha\AppData\Local\Programs\MiKTeX\tex/latex/tkz-euclide/drawings\tkz-draw-eu-ellipses.tex
2026/01/25 5.13c tkz-obj-eu-draw-ellipses.tex
) (C:\Users\cocha\AppData\Local\Programs\MiKTeX\tex/latex/tkz-euclide/drawings\tkz-draw-eu-polygons.tex
2026/01/25 5.13c tkz-obj-eu-polygons.tex
) (C:\Users\cocha\AppData\Local\Programs\MiKTeX\tex/latex/tkz-euclide/drawings\tkz-draw-eu-arcs.tex
2026/01/25 5.13c tkz-tool-eu-arcs.tex
) (C:\Users\cocha\AppData\Local\Programs\MiKTeX\tex/latex/tkz-euclide/drawings\tkz-draw-eu-angles.tex
2026/01/25 5.13c tkz-tool-eu-angles.tex
) (C:\Users\cocha\AppData\Local\Programs\MiKTeX\tex/latex/tkz-euclide/drawings\tkz-draw-eu-sectors.tex
2026/01/25 5.13c tkz-obj-eu-sectors.tex
) (C:\Users\cocha\AppData\Local\Programs\MiKTeX\tex/latex/tkz-euclide/drawings\tkz-draw-eu-compass.tex
2026/01/25 5.13c tkz-obj-eu-compass.tex
) (C:\Users\cocha\AppData\Local\Programs\MiKTeX\tex/latex/tkz-euclide/drawings\tkz-draw-eu-show.tex
2026/01/25 5.13c tkz-obj-eu-show.tex
) (C:\Users\cocha\AppData\Local\Programs\MiKTeX\tex/latex/tkz-euclide/drawings\tkz-draw-eu-protractor.tex
2026/01/25 5.13c tkz-obj-eu-protractor.tex
)) (tikz-3dplot.sty (C:\Users\cocha\AppData\Local\Programs\MiKTeX\tex/latex/base\ifthen.sty
Package: ifthen 2024/03/16 v1.1e Standard LaTeX ifthen package (DPC)
)) (tkz-tab.sty
Package: tkz-tab 2019/01/19 v1.4e variations (ctan version) 
 (C:\Users\cocha\AppData\Local\Programs\MiKTeX\tex/generic/pgf/frontendlayer/tikz/libraries\tikzlibrarypatterns.code.tex
File: tikzlibrarypatterns.code.tex 2025-08-29 v3.1.11a (3.1.11a)
 (C:\Users\cocha\AppData\Local\Programs\MiKTeX\tex/generic/pgf/libraries\pgflibrarypatterns.code.tex
File: pgflibrarypatterns.code.tex 2025-08-29 v3.1.11a (3.1.11a)
))
\tkz@XF=\dimen358
\tkz@YF=\dimen359
\c@tkz@cnt@line=\count379
\c@tkz@cnt@lg=\count380
\c@tkz@cnt@cl=\count381
\c@tkz@cnt@pred=\count382
\c@tkz@cnt@temp=\count383
\c@tkz@cnt@arrow=\count384
\c@tkz@cnt@zone=\count385
\c@tkz@cnt@lgnext=\count386
\c@tkz@cnt@clnext=\count387
\c@tkz@cnt@pair=\count388
\c@tkz@cnt@impair=\count389
\c@tkz@cnt@aw=\count390
) (C:\Users\cocha\AppData\Local\Programs\MiKTeX\tex/latex/psnfss\pifont.sty
Package: pifont 2020/03/25 PSNFSS-v9.3 Pi font support (SPQR) 
LaTeX Font Info:    Trying to load font information for U+pzd on input line 63.
 (C:\Users\cocha\AppData\Local\Programs\MiKTeX\tex/latex/psnfss\upzd.fd
File: upzd.fd 2001/06/04 font definitions for U/pzd.
)
LaTeX Font Info:    Trying to load font information for U+psy on input line 64.
 (C:\Users\cocha\AppData\Local\Programs\MiKTeX\tex/latex/psnfss\upsy.fd
File: upsy.fd 2001/06/04 font definitions for U/psy.
)) (C:\Users\cocha\AppData\Local\Programs\MiKTeX\tex/latex/tasks\tasks.sty (C:\Users\cocha\AppData\Local\Programs\MiKTeX\tex/latex/l3packages/xtemplate\xtemplate.sty
Package: xtemplate 2025-10-09 L3 Experimental prototype document functions
)
Package: tasks 2022/01/08 v1.4a lists with columns filled horizontally
\g__tasks_total_items_int=\count391
\l__tasks_columns_int=\count392
\g__tasks_rows_int=\count393
\g__tasks_current_col_num_int=\count394
\g__tasks_current_row_num_int=\count395
\l__tasks_item_columns_int=\count396
\g__tasks_env_int=\count397
\l__tasks_start_int=\count398
\l__tasks_item_indent_dim=\dimen360
\l__tasks_item_default_indent_dim=\dimen361
\l__tasks_item_width_dim=\dimen362
\l__tasks_label_width_dim=\dimen363
\l__tasks_label_default_width_dim=\dimen364
\l__tasks_label_offset_dim=\dimen365
\l__tasks_label_default_offset_dim=\dimen366
\l__tasks_column_sep_dim=\dimen367
\l__tasks_correction_dim=\dimen368
\l__tasks_full_width_dim=\dimen369
\l__tasks_after_item_skip=\skip66
\l__tasks_custom_after_item_skip=\skip67
\l__tasks_before_list_skip=\skip68
\l__tasks_after_list_skip=\skip69
\l__tasks_item_coffin=\box103
\l__tasks_label_coffin=\box104
\c@task=\count399
\l__tasks_tmpa_int=\count400
\l__tasks_tmpb_int=\count401
\l__tasks_tmpa_coffin=\box105
\l__tasks_tmpa_box=\box106

LaTeX template Info: Declaring template type 'tasks' taking 3 argument(s) on
(template)           line 450.

 (C:\Users\cocha\AppData\Local\Programs\MiKTeX\tex/latex/tasks\tasks.cfg)) (casiovn.sty
Package: casiovn 2018/07/17 version 1.01 Le Dinh Man
 (C:\Users\cocha\AppData\Local\Programs\MiKTeX\tex/latex/tools\xspace.sty
Package: xspace 2014/10/28 v1.13 Space after command names (DPC,MH)
){C:/Users/cocha/AppData/Local/MiKTeX/fonts/map/pdftex/pdftex.map}

pdfTeX warning: pdflatex (file CASIOfonts.map): cannot open font map file
LaTeX Info: Redefining \exp2k on input line 24.
) (C:\Users\cocha\AppData\Local\Programs\MiKTeX\tex/latex/cancel\cancel.sty
Package: cancel 2013/04/12 v2.2 Cancel math terms
) (C:\Users\cocha\AppData\Local\Programs\MiKTeX\tex/latex/pdfpages\pdfpages.sty
Package: pdfpages 2026/03/30 v0.6h Insert pages of external PDF documents (AM)
 (C:\Users\cocha\AppData\Local\Programs\MiKTeX\tex/latex/tools\calc.sty
Package: calc 2025/03/01 v4.3b Infix arithmetic (KKT,FJ)
\calc@Acount=\count402
\calc@Bcount=\count403
\calc@Adimen=\dimen370
\calc@Bdimen=\dimen371
\calc@Askip=\skip70
\calc@Bskip=\skip71
LaTeX Info: Redefining \setlength on input line 86.
LaTeX Info: Redefining \addtolength on input line 87.
\calc@Ccount=\count404
\calc@Cskip=\skip72
) (C:\Users\cocha\AppData\Local\Programs\MiKTeX\tex/latex/eso-pic\eso-pic.sty
Package: eso-pic 2026/05/31 v3.0e eso-pic (RN)
\ESO@tempdima=\dimen372
\ESO@tempdimb=\dimen373
)
\AM@pagewidth=\dimen374
\AM@pageheight=\dimen375
\AM@fboxrule=\dimen376
 (C:\Users\cocha\AppData\Local\Programs\MiKTeX\tex/latex/pdfpages\pppdftex.def
File: pppdftex.def 2026/03/30 v0.6h Pdfpages driver for pdfTeX (AM)
)
\pdfpages@includegraphics@status=\count405
\AM@pagebox=\box107
\AM@global@opts=\toks40
\AM@pagecnt=\count406
\AM@toc@title=\toks41
\AM@lof@heading=\toks42
\c@AM@survey=\count407
\AM@templatesizebox=\box108
) (C:\Users\cocha\AppData\Local\Programs\MiKTeX\tex/generic/pgf/frontendlayer/tikz/libraries\tikzlibraryshapes.code.tex
File: tikzlibraryshapes.code.tex 2025-08-29 v3.1.11a (3.1.11a)
 (C:\Users\cocha\AppData\Local\Programs\MiKTeX\tex/generic/pgf/frontendlayer/tikz/libraries\tikzlibraryshapes.geometric.code.tex
File: tikzlibraryshapes.geometric.code.tex 2025-08-29 v3.1.11a (3.1.11a)
 (C:\Users\cocha\AppData\Local\Programs\MiKTeX\tex/generic/pgf/libraries/shapes\pgflibraryshapes.geometric.code.tex
File: pgflibraryshapes.geometric.code.tex 2025-08-29 v3.1.11a (3.1.11a)
)) (C:\Users\cocha\AppData\Local\Programs\MiKTeX\tex/generic/pgf/frontendlayer/tikz/libraries\tikzlibraryshapes.symbols.code.tex
File: tikzlibraryshapes.symbols.code.tex 2025-08-29 v3.1.11a (3.1.11a)
 (C:\Users\cocha\AppData\Local\Programs\MiKTeX\tex/generic/pgf/libraries/shapes\pgflibraryshapes.symbols.code.tex
File: pgflibraryshapes.symbols.code.tex 2025-08-29 v3.1.11a (3.1.11a)
)) (C:\Users\cocha\AppData\Local\Programs\MiKTeX\tex/generic/pgf/frontendlayer/tikz/libraries\tikzlibraryshapes.arrows.code.tex
File: tikzlibraryshapes.arrows.code.tex 2025-08-29 v3.1.11a (3.1.11a)
 (C:\Users\cocha\AppData\Local\Programs\MiKTeX\tex/generic/pgf/libraries/shapes\pgflibraryshapes.arrows.code.tex
File: pgflibraryshapes.arrows.code.tex 2025-08-29 v3.1.11a (3.1.11a)
)) (C:\Users\cocha\AppData\Local\Programs\MiKTeX\tex/generic/pgf/frontendlayer/tikz/libraries\tikzlibraryshapes.callouts.code.tex (C:\Users\cocha\AppData\Local\Programs\MiKTeX\tex/generic/pgf/libraries/shapes\pgflibraryshapes.callouts.code.tex)) (C:\Users\cocha\AppData\Local\Programs\MiKTeX\tex/generic/pgf/frontendlayer/tikz/libraries\tikzlibraryshapes.multipart.code.tex
File: tikzlibraryshapes.multipart.code.tex 2025-08-29 v3.1.11a (3.1.11a)
 (C:\Users\cocha\AppData\Local\Programs\MiKTeX\tex/generic/pgf/libraries/shapes\pgflibraryshapes.multipart.code.tex
File: pgflibraryshapes.multipart.code.tex 2025-08-29 v3.1.11a (3.1.11a)
\pgfnodepartlowerbox=\box109
\pgfnodeparttwobox=\box110
\pgfnodepartthreebox=\box111
\pgfnodepartfourbox=\box112
\pgfnodeparttwentybox=\box113
\pgfnodepartnineteenbox=\box114
\pgfnodeparteighteenbox=\box115
\pgfnodepartseventeenbox=\box116
\pgfnodepartsixteenbox=\box117
\pgfnodepartfifteenbox=\box118
\pgfnodepartfourteenbox=\box119
\pgfnodepartthirteenbox=\box120
\pgfnodeparttwelvebox=\box121
\pgfnodepartelevenbox=\box122
\pgfnodeparttenbox=\box123
\pgfnodepartninebox=\box124
\pgfnodeparteightbox=\box125
\pgfnodepartsevenbox=\box126
\pgfnodepartsixbox=\box127
\pgfnodepartfivebox=\box128
))) (C:\Users\cocha\AppData\Local\Programs\MiKTeX\tex/generic/pgf/frontendlayer/tikz/libraries\tikzlibrarysnakes.code.tex
File: tikzlibrarysnakes.code.tex 2025-08-29 v3.1.11a (3.1.11a)


Package pgf Warning: Snakes have been superseded by decorations. Please use the decoration libraries instead of the snakes library on input line 14.

) (C:\Users\cocha\AppData\Local\Programs\MiKTeX\tex/generic/pgf/frontendlayer/tikz/libraries\tikzlibrarymatrix.code.tex
File: tikzlibrarymatrix.code.tex 2025-08-29 v3.1.11a (3.1.11a)
) (C:\Users\cocha\AppData\Local\Programs\MiKTeX\tex/generic/pgf/frontendlayer/tikz/libraries\tikzlibrarychains.code.tex
File: tikzlibrarychains.code.tex 2025-08-29 v3.1.11a (3.1.11a)
) (C:\Users\cocha\AppData\Local\Programs\MiKTeX\tex/generic/pgf/frontendlayer/tikz/libraries\tikzlibrarydecorations.fractals.code.tex (C:\Users\cocha\AppData\Local\Programs\MiKTeX\tex/generic/pgf/libraries/decorations\pgflibrarydecorations.fractals.code.tex)) (C:\Users\cocha\AppData\Local\Programs\MiKTeX\tex/generic/pgf/frontendlayer/tikz/libraries\tikzlibraryshadows.code.tex
File: tikzlibraryshadows.code.tex 2025-08-29 v3.1.11a (3.1.11a)
 (C:\Users\cocha\AppData\Local\Programs\MiKTeX\tex/generic/pgf/frontendlayer/tikz/libraries\tikzlibraryfadings.code.tex
File: tikzlibraryfadings.code.tex 2025-08-29 v3.1.11a (3.1.11a)
 (C:\Users\cocha\AppData\Local\Programs\MiKTeX\tex/generic/pgf/libraries\pgflibraryfadings.code.tex
File: pgflibraryfadings.code.tex 2025-08-29 v3.1.11a (3.1.11a)
))) (C:\Users\cocha\AppData\Local\Programs\MiKTeX\tex/generic/pgf/frontendlayer/tikz/libraries\tikzlibrary3d.code.tex
File: tikzlibrary3d.code.tex 2025-08-29 v3.1.11a (3.1.11a)
) (C:\Users\cocha\AppData\Local\Programs\MiKTeX\tex/generic/pgf/frontendlayer/tikz/libraries\tikzlibraryshadings.code.tex
File: tikzlibraryshadings.code.tex 2025-08-29 v3.1.11a (3.1.11a)
 (C:\Users\cocha\AppData\Local\Programs\MiKTeX\tex/generic/pgf/libraries\pgflibraryshadings.code.tex
File: pgflibraryshadings.code.tex 2025-08-29 v3.1.11a (3.1.11a)
)) (C:\Users\cocha\AppData\Local\Programs\MiKTeX\tex/latex/pgfplots\pgfplots.sty (C:\Users\cocha\AppData\Local\Programs\MiKTeX\tex/generic/pgfplots\pgfplots.revision.tex)
Package: pgfplots 2021/05/15 v1.18.1 Data Visualization (1.18.1)
 (C:\Users\cocha\AppData\Local\Programs\MiKTeX\tex/generic/pgfplots\pgfplots.code.tex (C:\Users\cocha\AppData\Local\Programs\MiKTeX\tex/generic/pgfplots\pgfplotscore.code.tex
\t@pgfplots@toka=\toks43
\t@pgfplots@tokb=\toks44
\t@pgfplots@tokc=\toks45
\pgfplots@tmpa=\dimen377
\c@pgfplots@coordindex=\count408
\c@pgfplots@scanlineindex=\count409
 (C:\Users\cocha\AppData\Local\Programs\MiKTeX\tex/generic/pgfplots/sys\pgfplotssysgeneric.code.tex)) (C:\Users\cocha\AppData\Local\Programs\MiKTeX\tex/generic/pgfplots/libs\pgfplotslibrary.code.tex) (C:\Users\cocha\AppData\Local\Programs\MiKTeX\tex/generic/pgfplots/oldpgfcompatib\pgfplotsoldpgfsupp_loader.code.tex
Package pgfplots: loading complementary utilities for your pgf version...
\t@pgf@toka=\toks46
\t@pgf@tokb=\toks47
\t@pgf@tokc=\toks48
(C:\Users\cocha\AppData\Local\Programs\MiKTeX\tex/generic/pgfplots/oldpgfcompatib\pgfplotsoldpgfsupp_pgfutil-common-lists.tex)) (C:\Users\cocha\AppData\Local\Programs\MiKTeX\tex/generic/pgfplots/util\pgfplotsutil.code.tex (C:\Users\cocha\AppData\Local\Programs\MiKTeX\tex/generic/pgfplots/liststructure\pgfplotsliststructure.code.tex) (C:\Users\cocha\AppData\Local\Programs\MiKTeX\tex/generic/pgfplots/liststructure\pgfplotsliststructureext.code.tex) (C:\Users\cocha\AppData\Local\Programs\MiKTeX\tex/generic/pgfplots/liststructure\pgfplotsarray.code.tex
\c@pgfplotsarray@tmp=\count410
) (C:\Users\cocha\AppData\Local\Programs\MiKTeX\tex/generic/pgfplots/liststructure\pgfplotsmatrix.code.tex) (C:\Users\cocha\AppData\Local\Programs\MiKTeX\tex/generic/pgfplots/numtable\pgfplotstableshared.code.tex
\c@pgfplotstable@counta=\count411
\t@pgfplotstable@a=\toks49
) (C:\Users\cocha\AppData\Local\Programs\MiKTeX\tex/generic/pgfplots/liststructure\pgfplotsdeque.code.tex) (C:\Users\cocha\AppData\Local\Programs\MiKTeX\tex/generic/pgfplots/util\pgfplotsbinary.code.tex (C:\Users\cocha\AppData\Local\Programs\MiKTeX\tex/generic/pgfplots/util\pgfplotsbinary.data.code.tex)) (C:\Users\cocha\AppData\Local\Programs\MiKTeX\tex/generic/pgfplots/util\pgfplotsutil.verb.code.tex) (C:\Users\cocha\AppData\Local\Programs\MiKTeX\tex/generic/pgfplots/libs\pgflibrarypgfplots.surfshading.code.tex
\c@pgfplotslibrarysurf@no=\count412
 (C:\Users\cocha\AppData\Local\Programs\MiKTeX\tex/generic/pgfplots/sys\pgflibrarypgfplots.surfshading.pgfsys-pdftex.def))) (C:\Users\cocha\AppData\Local\Programs\MiKTeX\tex/generic/pgfplots/util\pgfplotscolormap.code.tex (C:\Users\cocha\AppData\Local\Programs\MiKTeX\tex/generic/pgfplots/util\pgfplotscolor.code.tex)) (C:\Users\cocha\AppData\Local\Programs\MiKTeX\tex/generic/pgfplots\pgfplotsstackedplots.code.tex) (C:\Users\cocha\AppData\Local\Programs\MiKTeX\tex/generic/pgfplots\pgfplotsplothandlers.code.tex (C:\Users\cocha\AppData\Local\Programs\MiKTeX\tex/generic/pgfplots\pgfplotsmeshplothandler.code.tex (C:\Users\cocha\AppData\Local\Programs\MiKTeX\tex/generic/pgfplots\pgfplotsmeshplotimage.code.tex))) (C:\Users\cocha\AppData\Local\Programs\MiKTeX\tex/generic/pgfplots\pgfplots.scaling.code.tex) (C:\Users\cocha\AppData\Local\Programs\MiKTeX\tex/generic/pgfplots\pgfplotscoordprocessing.code.tex) (C:\Users\cocha\AppData\Local\Programs\MiKTeX\tex/generic/pgfplots\pgfplots.errorbars.code.tex) (C:\Users\cocha\AppData\Local\Programs\MiKTeX\tex/generic/pgfplots\pgfplots.markers.code.tex) (C:\Users\cocha\AppData\Local\Programs\MiKTeX\tex/generic/pgfplots\pgfplotsticks.code.tex) (C:\Users\cocha\AppData\Local\Programs\MiKTeX\tex/generic/pgfplots\pgfplots.paths.code.tex) (C:\Users\cocha\AppData\Local\Programs\MiKTeX\tex/generic/pgfplots/libs\tikzlibrarypgfplots.contourlua.code.tex)
\pgfplots@numplots=\count413
\pgfplots@xmin@reg=\dimen378
\pgfplots@xmax@reg=\dimen379
\pgfplots@ymin@reg=\dimen380
\pgfplots@ymax@reg=\dimen381
\pgfplots@zmin@reg=\dimen382
\pgfplots@zmax@reg=\dimen383
)) (C:\Users\cocha\AppData\Local\Programs\MiKTeX\tex/latex/pgfornament\pgfornament.sty (C:\Users\cocha\AppData\Local\Programs\MiKTeX\tex/latex/pgfopts\pgfopts.sty
Package: pgfopts 2014/07/10 v2.1a LaTeX package options with pgfkeys
\pgfopts@list@add@a@toks=\toks50
\pgfopts@list@add@b@toks=\toks51
)
Package: pgfornament 2024/08/14 v1.3 vector ornaments
 (C:\Users\cocha\AppData\Local\Programs\MiKTeX\tex/latex/pgfornament\pgflibraryvectorian.code.tex
2020/04/06 1.1 pgflibraryvectorian.code.tex
)) (C:\Users\cocha\AppData\Local\Programs\MiKTeX\tex/generic/pgfplots/libs\tikzlibrarypgfplots.fillbetween.code.tex (C:\Users\cocha\AppData\Local\Programs\MiKTeX\tex/generic/pgfplots/pgfcontrib\tikzlibraryfillbetween.code.tex (C:\Users\cocha\AppData\Local\Programs\MiKTeX\tex/generic/pgfplots/pgfcontrib\tikzlibrarydecorations.softclip.code.tex (C:\Users\cocha\AppData\Local\Programs\MiKTeX\tex/generic/pgfplots/pgfcontrib\pgflibraryfillbetween.code.tex))) (C:\Users\cocha\AppData\Local\Programs\MiKTeX\tex/generic/pgfplots/libs\tikzlibrarypgfplots.decorations.softclip.code.tex)) (C:\Users\cocha\AppData\Local\Programs\MiKTeX\tex/latex/hyperref\hyperref.sty
Package: hyperref 2026-06-17 v7.01r Hypertext links for LaTeX
 (C:\Users\cocha\AppData\Local\Programs\MiKTeX\tex/generic/iftex\iftex.sty
Package: iftex 2024/12/12 v1.0g TeX engine tests
) (C:\Users\cocha\AppData\Local\Programs\MiKTeX\tex/latex/kvsetkeys\kvsetkeys.sty
Package: kvsetkeys 2022-10-05 v1.19 Key value parser (HO)
) (C:\Users\cocha\AppData\Local\Programs\MiKTeX\tex/generic/kvdefinekeys\kvdefinekeys.sty
Package: kvdefinekeys 2019-12-19 v1.6 Define keys (HO)
) (C:\Users\cocha\AppData\Local\Programs\MiKTeX\tex/generic/pdfescape\pdfescape.sty
Package: pdfescape 2019/12/09 v1.15 Implements pdfTeX's escape features (HO)
 (C:\Users\cocha\AppData\Local\Programs\MiKTeX\tex/generic/ltxcmds\ltxcmds.sty
Package: ltxcmds 2023-12-04 v1.26 LaTeX kernel commands for general use (HO)
) (C:\Users\cocha\AppData\Local\Programs\MiKTeX\tex/generic/pdftexcmds\pdftexcmds.sty
Package: pdftexcmds 2020-06-27 v0.33 Utility functions of pdfTeX for LuaTeX (HO)
 (C:\Users\cocha\AppData\Local\Programs\MiKTeX\tex/generic/infwarerr\infwarerr.sty
Package: infwarerr 2019/12/03 v1.5 Providing info/warning/error messages (HO)
)
Package pdftexcmds Info: \pdf@primitive is available.
Package pdftexcmds Info: \pdf@ifprimitive is available.
Package pdftexcmds Info: \pdfdraftmode found.
)) (C:\Users\cocha\AppData\Local\Programs\MiKTeX\tex/latex/hycolor\hycolor.sty
Package: hycolor 2020-01-27 v1.10 Color options for hyperref/bookmark (HO)
) (C:\Users\cocha\AppData\Local\Programs\MiKTeX\tex/latex/hyperref\nameref.sty
Package: nameref 2026-01-29 v2.58 Cross-referencing by name of section
 (C:\Users\cocha\AppData\Local\Programs\MiKTeX\tex/latex/refcount\refcount.sty
Package: refcount 2019/12/15 v3.6 Data extraction from label references (HO)
) (C:\Users\cocha\AppData\Local\Programs\MiKTeX\tex/generic/gettitlestring\gettitlestring.sty
Package: gettitlestring 2019/12/15 v1.6 Cleanup title references (HO)
 (C:\Users\cocha\AppData\Local\Programs\MiKTeX\tex/latex/kvoptions\kvoptions.sty
Package: kvoptions 2022-06-15 v3.15 Key value format for package options (HO)
))
\c@section@level=\count414
) (C:\Users\cocha\AppData\Local\Programs\MiKTeX\tex/generic/stringenc\stringenc.sty
Package: stringenc 2019/11/29 v1.12 Convert strings between diff. encodings (HO)
)
\@linkdim=\dimen384
\Hy@linkcounter=\count415
\Hy@pagecounter=\count416
 (C:\Users\cocha\AppData\Local\Programs\MiKTeX\tex/latex/hyperref\pd1enc.def
File: pd1enc.def 2026-06-17 v7.01r Hyperref: PDFDocEncoding definition (HO)
Now handling font encoding PD1 ...
... no UTF-8 mapping file for font encoding PD1
) (C:\Users\cocha\AppData\Local\Programs\MiKTeX\tex/generic/intcalc\intcalc.sty
Package: intcalc 2019/12/15 v1.3 Expandable calculations with integers (HO)
)
\Hy@SavedSpaceFactor=\count417
 (C:\Users\cocha\AppData\Local\Programs\MiKTeX\tex/latex/hyperref\puenc.def
File: puenc.def 2026-06-17 v7.01r Hyperref: PDF Unicode definition (HO)
Now handling font encoding PU ...
... no UTF-8 mapping file for font encoding PU
)
Package hyperref Info: Option `unicode' set `true' on input line 4070.
Package hyperref Info: Hyper figures OFF on input line 4199.
Package hyperref Info: Link nesting OFF on input line 4204.
Package hyperref Info: Hyper index ON on input line 4207.
Package hyperref Info: Plain pages OFF on input line 4214.
Package hyperref Info: Backreferencing OFF on input line 4219.
Package hyperref Info: Implicit mode ON; LaTeX internals redefined.
Package hyperref Info: Bookmarks ON on input line 4466.
\c@Hy@tempcnt=\count418
 (C:\Users\cocha\AppData\Local\Programs\MiKTeX\tex/latex/url\url.sty
\Urlmuskip=\muskip18
Package: url 2013/09/16  ver 3.4  Verb mode for urls, etc.
)
LaTeX Info: Redefining \url on input line 4805.
\XeTeXLinkMargin=\dimen385
 (C:\Users\cocha\AppData\Local\Programs\MiKTeX\tex/generic/bitset\bitset.sty
Package: bitset 2019/12/09 v1.3 Handle bit-vector datatype (HO)
 (C:\Users\cocha\AppData\Local\Programs\MiKTeX\tex/generic/bigintcalc\bigintcalc.sty
Package: bigintcalc 2019/12/15 v1.5 Expandable calculations on big integers (HO)
))
\Fld@menulength=\count419
\Field@Width=\dimen386
\Fld@charsize=\dimen387
Package hyperref Info: Hyper figures OFF on input line 6091.
Package hyperref Info: Link nesting OFF on input line 6096.
Package hyperref Info: Hyper index ON on input line 6099.
Package hyperref Info: backreferencing OFF on input line 6106.
Package hyperref Info: Link coloring OFF on input line 6111.
Package hyperref Info: Link coloring with OCG OFF on input line 6116.
Package hyperref Info: PDF/A mode OFF on input line 6121.
\Hy@abspage=\count420
\c@Item=\count421
\c@Hfootnote=\count422
)
Package hyperref Info: Driver (autodetected): hpdftex.
 (C:\Users\cocha\AppData\Local\Programs\MiKTeX\tex/latex/hyperref\hpdftex.def
File: hpdftex.def 2026-06-17 v7.01r Hyperref driver for pdfTeX
\Fld@listcount=\count423
\c@bookmark@seq@number=\count424
 (C:\Users\cocha\AppData\Local\Programs\MiKTeX\tex/latex/rerunfilecheck\rerunfilecheck.sty
Package: rerunfilecheck 2025-06-21 v1.11 Rerun checks for auxiliary files (HO)
 (C:\Users\cocha\AppData\Local\Programs\MiKTeX\tex/generic/uniquecounter\uniquecounter.sty
Package: uniquecounter 2019/12/15 v1.4 Provide unlimited unique counter (HO)
)
Package uniquecounter Info: New unique counter `rerunfilecheck' on input line 284.
)
\Hy@SectionHShift=\skip73
) (C:\Users\cocha\AppData\Local\Programs\MiKTeX\tex/latex/currfile\currfile.sty
Package: currfile 2024/03/14 v1.0 Provides the file path elements of the current input file
 (C:\Users\cocha\AppData\Local\Programs\MiKTeX\tex/latex/filehook\filehook.sty
Package: filehook 2022/10/25 v0.8b Hooks for input files
 (C:\Users\cocha\AppData\Local\Programs\MiKTeX\tex/latex/filehook\filehook-2020.sty
Package: filehook-2020 2022/10/25 v0.8b Hooks for input files
))
\c@currfiledepth=\count425
) (C:\Users\cocha\AppData\Local\Programs\MiKTeX\tex/latex/contour\contour.sty
Package: contour 2004/11/18 v2.14 Print contoured text (HH, MH)
\con@length=\skip74

Loading configuration file `contour.cfg'.
(C:\Users\cocha\AppData\Local\Programs\MiKTeX\tex/latex/contour\contour.cfg
File: contour.cfg 2004/11/18 v2.14 Print contoured text (HH, MH)
)
contour: Using driver file `pdftex.cnt'.
(C:\Users\cocha\AppData\Local\Programs\MiKTeX\tex/latex/contour\pdftex.cnt
File: pdftex.cnt 2004/11/18 v2.14 Print contoured text (HH, MH)
)) (fontawesome5.sty
Package: fontawesome5 2021/06/04 v5.15.3 Font Awesome 5
 (C:\Users\cocha\AppData\Local\Programs\MiKTeX\tex/latex/l3packages/l3keys2e\l3keys2e.sty
Package: l3keys2e 2025-10-09 LaTeX2e option processing using LaTeX3 keys
) (C:\Users\cocha\AppData\Local\Programs\MiKTeX\tex/latex/fontawesome5\fontawesome5-generic-helper.sty
Package: fontawesome5-generic-helper 2022/05/02 v5.15.4 non-uTeX helper for fontawesome5
 (C:\Users\cocha\AppData\Local\Programs\MiKTeX\tex/latex/fontawesome5\fontawesome5-mapping.def))) (C:\Users\cocha\AppData\Local\Programs\MiKTeX\tex/latex/fontawesome\fontawesome.sty
Package: fontawesome 2016/05/15 v4.6.3.1 font awesome icons
 (C:\Users\cocha\AppData\Local\Programs\MiKTeX\tex/generic/iftex\ifxetex.sty
Package: ifxetex 2019/10/25 v0.7 ifxetex legacy package. Use iftex instead.
) (C:\Users\cocha\AppData\Local\Programs\MiKTeX\tex/generic/iftex\ifluatex.sty
Package: ifluatex 2019/10/25 v1.5 ifluatex legacy package. Use iftex instead.
) (C:\Users\cocha\AppData\Local\Programs\MiKTeX\tex/latex/fontawesome\fontawesomesymbols-generic.tex) (C:\Users\cocha\AppData\Local\Programs\MiKTeX\tex/latex/fontawesome\fontawesomesymbols-pdftex.tex)) (C:\Users\cocha\AppData\Local\Programs\MiKTeX\tex/latex/lipsum\lipsum.sty
Package: lipsum 2021-09-20 v2.7 150 paragraphs of Lorem Ipsum dummy text
\g__lipsum_par_int=\count426
\l__lipsum_a_int=\count427
\l__lipsum_b_int=\count428
 (C:\Users\cocha\AppData\Local\Programs\MiKTeX\tex/latex/lipsum\lipsum.ltd.tex)) (C:\Users\cocha\AppData\Local\Programs\MiKTeX\tex/latex/tools\tabularx.sty
Package: tabularx 2023/12/11 v2.12a `tabularx' package (DPC)
 (C:\Users\cocha\AppData\Local\Programs\MiKTeX\tex/latex/tools\array.sty
Package: array 2026/02/24 v2.7b Tabular extension package (FMi)
\col@sep=\dimen388
\ar@mcellbox=\box129
\extrarowheight=\dimen389
\NC@list=\toks52
\extratabsurround=\skip75
\backup@length=\skip76
\ar@cellbox=\box130
)
\TX@col@width=\dimen390
\TX@old@table=\dimen391
\TX@old@col=\dimen392
\TX@target=\dimen393
\TX@delta=\dimen394
\TX@cols=\count429
\TX@ftn=\toks53
) (C:\Users\cocha\AppData\Local\Programs\MiKTeX\tex/latex/varwidth\varwidth.sty
Package: varwidth 2009/03/30 ver 0.92;  Variable-width minipages
\@vwid@box=\box131
\sift@deathcycles=\count430
\@vwid@loff=\dimen395
\@vwid@roff=\dimen396
)
==> First Aid for varwidth.sty applied!
(C:\Users\cocha\AppData\Local\Programs\MiKTeX\tex/latex/tools\longtable.sty
Package: longtable 2026-01-28 v4.27 Multi-page Table package (DPC)
\LTleft=\skip77
\LTright=\skip78
\LTpre=\skip79
\LTpost=\skip80
\LTchunksize=\count431
\LTcapwidth=\dimen397
\LT@head=\box132
\LT@firsthead=\box133
\LT@foot=\box134
\LT@lastfoot=\box135
\LT@gbox=\box136
\LT@cols=\count432
\LT@rows=\count433
\c@LT@tables=\count434
\c@LT@chunks=\count435
\LT@p@ftn=\toks54
) (C:\Users\cocha\AppData\Local\Programs\MiKTeX\tex/latex/multirow\multirow.sty
Package: multirow 2024/11/12 v2.9 Span multiple rows of a table
\multirow@colwidth=\skip81
\multirow@cntb=\count436
\multirow@dima=\skip82
\bigstrutjot=\dimen398
) (C:\Users\cocha\AppData\Local\Programs\MiKTeX\tex/latex/makecell\makecell.sty
Package: makecell 2009/08/03 V0.1e Managing of Tab Column Heads and Cells
\rotheadsize=\dimen399
\c@nlinenum=\count437
\TeXr@lab=\toks55
) (C:\Users\cocha\AppData\Local\Programs\MiKTeX\tex/latex/diagbox\diagbox.sty
Package: diagbox 2020/02/09 v2.3 Making table heads with diagonal lines
 (C:\Users\cocha\AppData\Local\Programs\MiKTeX\tex/latex/pict2e\pict2e.sty
Package: pict2e 2020/09/30 v0.4b Improved picture commands (HjG,RN,JT)
 (C:\Users\cocha\AppData\Local\Programs\MiKTeX\tex/latex/pict2e\pict2e.cfg
File: pict2e.cfg 2016/02/05 v0.1u pict2e configuration for teTeX/TeXLive
)
Package pict2e Info: Driver file: pdftex.def on input line 112.
Package pict2e Info: Driver file for pict2e: p2e-pdftex.def on input line 114.
 (C:\Users\cocha\AppData\Local\Programs\MiKTeX\tex/latex/pict2e\p2e-pdftex.def
File: p2e-pdftex.def 2016/02/05 v0.1u Driver-dependant file (RN,HjG,JT)
)
\pIIe@GRAPH=\toks56
\@arclen=\dimen400
\@arcrad=\dimen401
\pIIe@tempdima=\dimen402
\pIIe@tempdimb=\dimen403
\pIIe@tempdimc=\dimen404
\pIIe@tempdimd=\dimen405
\pIIe@tempdime=\dimen406
\pIIe@tempdimf=\dimen407
)
\diagbox@boxa=\box137
\diagbox@boxb=\box138
\diagbox@boxm=\box139
\diagbox@wd=\dimen408
\diagbox@ht=\dimen409
\diagbox@insepl=\dimen410
\diagbox@insepr=\dimen411
\diagbox@outsepl=\dimen412
\diagbox@outsepr=\dimen413
) (C:\Users\cocha\AppData\Local\Programs\MiKTeX\tex/latex/geometry\geometry.sty
Package: geometry 2026/03/07 v6.0 Page Geometry
 (C:\Users\cocha\AppData\Local\Programs\MiKTeX\tex/generic/iftex\ifvtex.sty
Package: ifvtex 2019/10/25 v1.7 ifvtex legacy package. Use iftex instead.
)
\Gm@cnth=\count438
\Gm@cntv=\count439
\c@Gm@tempcnt=\count440
\Gm@bindingoffset=\dimen414
\Gm@wd@mp=\dimen415
\Gm@odd@mp=\dimen416
\Gm@even@mp=\dimen417
\Gm@layoutwidth=\dimen418
\Gm@layoutheight=\dimen419
\Gm@layouthoffset=\dimen420
\Gm@layoutvoffset=\dimen421
\Gm@dimlist=\toks57
 (C:\Users\cocha\AppData\Local\Programs\MiKTeX\tex/latex/geometry\geometry.cfg)) (C:\Users\cocha\AppData\Local\Programs\MiKTeX\tex/latex/marginnote\marginnote.sty
Package: marginnote 2026-06-15 1.5 non floating margin notes for LaTeX 
\c@mn@abspage=\count441
) (ex_test.sty
Package: ex_test 2026/7/18 for Ex_test version 3.3.4, Tran Anh Tuan and Duong Phuoc Sang
 (C:\Users\cocha\AppData\Local\Programs\MiKTeX\tex/latex/vntex\vietnam.sty
Package: vietnam 2009/07/12 v1.3 support for Vietnamese
 (C:\Users\cocha\AppData\Local\Programs\MiKTeX\tex/latex/base\fontenc.sty
Package: fontenc 2025/07/18 v2.1d Standard LaTeX package
 (C:\Users\cocha\AppData\Local\Programs\MiKTeX\tex/latex/vntex\t5enc.def
File: t5enc.def 2006/11/21 v1.4 Vietnamese T5 encoding
Now handling font encoding T5 ...
... processing UTF-8 mapping file for font encoding T5
 (C:\Users\cocha\AppData\Local\Programs\MiKTeX\tex/latex/vntex\t5enc.dfu
File: t5enc.dfu 2006/08/19 v1.1 UTF8 support for Vietnamese
   defining Unicode char U+00AB (decimal 171)
   defining Unicode char U+00BB (decimal 187)
   defining Unicode char U+00C0 (decimal 192)
   defining Unicode char U+00C1 (decimal 193)
   defining Unicode char U+00C2 (decimal 194)
   defining Unicode char U+00C3 (decimal 195)
   defining Unicode char U+00C8 (decimal 200)
   defining Unicode char U+00C9 (decimal 201)
   defining Unicode char U+00CA (decimal 202)
   defining Unicode char U+00CC (decimal 204)
   defining Unicode char U+00CD (decimal 205)
   defining Unicode char U+00D2 (decimal 210)
   defining Unicode char U+00D3 (decimal 211)
   defining Unicode char U+00D4 (decimal 212)
   defining Unicode char U+00D5 (decimal 213)
   defining Unicode char U+00D9 (decimal 217)
   defining Unicode char U+00DA (decimal 218)
   defining Unicode char U+00DD (decimal 221)
   defining Unicode char U+00E0 (decimal 224)
   defining Unicode char U+00E1 (decimal 225)
   defining Unicode char U+00E2 (decimal 226)
   defining Unicode char U+00E3 (decimal 227)
   defining Unicode char U+00E8 (decimal 232)
   defining Unicode char U+00E9 (decimal 233)
   defining Unicode char U+00EA (decimal 234)
   defining Unicode char U+00EC (decimal 236)
   defining Unicode char U+00ED (decimal 237)
   defining Unicode char U+00F2 (decimal 242)
   defining Unicode char U+00F3 (decimal 243)
   defining Unicode char U+00F4 (decimal 244)
   defining Unicode char U+00F5 (decimal 245)
   defining Unicode char U+00F9 (decimal 249)
   defining Unicode char U+00FA (decimal 250)
   defining Unicode char U+00FD (decimal 253)
   defining Unicode char U+0102 (decimal 258)
   defining Unicode char U+0103 (decimal 259)
   defining Unicode char U+0110 (decimal 272)
   defining Unicode char U+0111 (decimal 273)
   defining Unicode char U+0128 (decimal 296)
   defining Unicode char U+0129 (decimal 297)
   defining Unicode char U+0131 (decimal 305)
   defining Unicode char U+0168 (decimal 360)
   defining Unicode char U+0169 (decimal 361)
   defining Unicode char U+01A0 (decimal 416)
   defining Unicode char U+01A1 (decimal 417)
   defining Unicode char U+01AF (decimal 431)
   defining Unicode char U+01B0 (decimal 432)
   defining Unicode char U+1EA0 (decimal 7840)
   defining Unicode char U+1EA1 (decimal 7841)
   defining Unicode char U+1EA2 (decimal 7842)
   defining Unicode char U+1EA3 (decimal 7843)
   defining Unicode char U+1EA4 (decimal 7844)
   defining Unicode char U+1EA5 (decimal 7845)
   defining Unicode char U+1EA6 (decimal 7846)
   defining Unicode char U+1EA7 (decimal 7847)
   defining Unicode char U+1EA8 (decimal 7848)
   defining Unicode char U+1EA9 (decimal 7849)
   defining Unicode char U+1EAA (decimal 7850)
   defining Unicode char U+1EAB (decimal 7851)
   defining Unicode char U+1EAC (decimal 7852)
   defining Unicode char U+1EAD (decimal 7853)
   defining Unicode char U+1EAE (decimal 7854)
   defining Unicode char U+1EAF (decimal 7855)
   defining Unicode char U+1EB0 (decimal 7856)
   defining Unicode char U+1EB1 (decimal 7857)
   defining Unicode char U+1EB2 (decimal 7858)
   defining Unicode char U+1EB3 (decimal 7859)
   defining Unicode char U+1EB4 (decimal 7860)
   defining Unicode char U+1EB5 (decimal 7861)
   defining Unicode char U+1EB6 (decimal 7862)
   defining Unicode char U+1EB7 (decimal 7863)
   defining Unicode char U+1EB8 (decimal 7864)
   defining Unicode char U+1EB9 (decimal 7865)
   defining Unicode char U+1EBA (decimal 7866)
   defining Unicode char U+1EBB (decimal 7867)
   defining Unicode char U+1EBC (decimal 7868)
   defining Unicode char U+1EBD (decimal 7869)
   defining Unicode char U+1EBE (decimal 7870)
   defining Unicode char U+1EBF (decimal 7871)
   defining Unicode char U+1EC0 (decimal 7872)
   defining Unicode char U+1EC1 (decimal 7873)
   defining Unicode char U+1EC2 (decimal 7874)
   defining Unicode char U+1EC3 (decimal 7875)
   defining Unicode char U+1EC4 (decimal 7876)
   defining Unicode char U+1EC5 (decimal 7877)
   defining Unicode char U+1EC6 (decimal 7878)
   defining Unicode char U+1EC7 (decimal 7879)
   defining Unicode char U+1EC8 (decimal 7880)
   defining Unicode char U+1EC9 (decimal 7881)
   defining Unicode char U+1ECA (decimal 7882)
   defining Unicode char U+1ECB (decimal 7883)
   defining Unicode char U+1ECC (decimal 7884)
   defining Unicode char U+1ECD (decimal 7885)
   defining Unicode char U+1ECE (decimal 7886)
   defining Unicode char U+1ECF (decimal 7887)
   defining Unicode char U+1ED0 (decimal 7888)
   defining Unicode char U+1ED1 (decimal 7889)
   defining Unicode char U+1ED2 (decimal 7890)
   defining Unicode char U+1ED3 (decimal 7891)
   defining Unicode char U+1ED4 (decimal 7892)
   defining Unicode char U+1ED5 (decimal 7893)
   defining Unicode char U+1ED6 (decimal 7894)
   defining Unicode char U+1ED7 (decimal 7895)
   defining Unicode char U+1ED8 (decimal 7896)
   defining Unicode char U+1ED9 (decimal 7897)
   defining Unicode char U+1EDA (decimal 7898)
   defining Unicode char U+1EDB (decimal 7899)
   defining Unicode char U+1EDC (decimal 7900)
   defining Unicode char U+1EDD (decimal 7901)
   defining Unicode char U+1EDE (decimal 7902)
   defining Unicode char U+1EDF (decimal 7903)
   defining Unicode char U+1EE0 (decimal 7904)
   defining Unicode char U+1EE1 (decimal 7905)
   defining Unicode char U+1EE2 (decimal 7906)
   defining Unicode char U+1EE3 (decimal 7907)
   defining Unicode char U+1EE4 (decimal 7908)
   defining Unicode char U+1EE5 (decimal 7909)
   defining Unicode char U+1EE6 (decimal 7910)
   defining Unicode char U+1EE7 (decimal 7911)
   defining Unicode char U+1EE8 (decimal 7912)
   defining Unicode char U+1EE9 (decimal 7913)
   defining Unicode char U+1EEA (decimal 7914)
   defining Unicode char U+1EEB (decimal 7915)
   defining Unicode char U+1EEC (decimal 7916)
   defining Unicode char U+1EED (decimal 7917)
   defining Unicode char U+1EEE (decimal 7918)
   defining Unicode char U+1EEF (decimal 7919)
   defining Unicode char U+1EF0 (decimal 7920)
   defining Unicode char U+1EF1 (decimal 7921)
   defining Unicode char U+1EF2 (decimal 7922)
   defining Unicode char U+1EF3 (decimal 7923)
   defining Unicode char U+1EF4 (decimal 7924)
   defining Unicode char U+1EF5 (decimal 7925)
   defining Unicode char U+1EF6 (decimal 7926)
   defining Unicode char U+1EF7 (decimal 7927)
   defining Unicode char U+1EF8 (decimal 7928)
   defining Unicode char U+1EF9 (decimal 7929)
   defining Unicode char U+200C (decimal 8204)
   defining Unicode char U+2013 (decimal 8211)
   defining Unicode char U+2014 (decimal 8212)
   defining Unicode char U+2018 (decimal 8216)
   defining Unicode char U+2019 (decimal 8217)
   defining Unicode char U+201A (decimal 8218)
   defining Unicode char U+201C (decimal 8220)
   defining Unicode char U+201D (decimal 8221)
   defining Unicode char U+201E (decimal 8222)
   defining Unicode char U+2030 (decimal 8240)
   defining Unicode char U+2031 (decimal 8241)
   defining Unicode char U+2039 (decimal 8249)
   defining Unicode char U+203A (decimal 8250)
   defining Unicode char U+2423 (decimal 9251)
))
LaTeX Font Info:    Trying to load font information for T5+cmr on input line 116.
 (C:\Users\cocha\AppData\Local\Programs\MiKTeX\tex/latex/vntex\t5cmr.fd
File: t5cmr.fd 1999/05/25 v2.5h Standard LaTeX font definitions
)) (C:\Users\cocha\AppData\Local\Programs\MiKTeX\tex/latex/base\inputenc.sty
Package: inputenc 2024/02/08 v1.3d Input encoding file
\inpenc@prehook=\toks58
\inpenc@posthook=\toks59
) (C:\Users\cocha\AppData\Local\Programs\MiKTeX\tex/latex/vntex\vncaps.tex
File: vncaps.tex 2006/06/07 v1.1 Captions in Vietnamese
)) (C:\Users\cocha\AppData\Local\Programs\MiKTeX\tex/latex/ntheorem\ntheorem.sty
Style `ntheorem', Version 1.33 <2011/08/15>
Package: ntheorem 2011/08/15 1.33
\theorem@style=\toks60
\theorem@@style=\toks61
\theorembodyfont=\toks62
\theoremnumbering=\toks63
\theorempreskipamount=\skip83
\theorempostskipamount=\skip84
\theoremframepreskipamount=\skip85
\theoremframepostskipamount=\skip86
\theoreminframepreskipamount=\skip87
\theoreminframepostskipamount=\skip88
\theorem@preskip=\toks64
\theorem@postskip=\toks65
\theorem@framepreskip=\toks66
\theorem@framepostskip=\toks67
\theorem@inframepreskip=\toks68
\theorem@inframepostskip=\toks69
\theoremindent=\dimen422
\theorem@indent=\dimen423
\theoremrightindent=\dimen424
\theorem@rightindent=\dimen425
\theoremheaderfont=\toks70
\theoremseparator=\toks71
\theoremprework=\toks72
\theorempostwork=\toks73
\theoremsymbol=\toks74
\qedsymbol=\toks75
\theoremkeyword=\toks76
\qedsymbol=\toks77
\thm@topsep=\skip89
\thm@topsepadd=\skip90
) (C:\Users\cocha\AppData\Local\Programs\MiKTeX\tex/latex/xtab\xtab.sty
Package: xtab 2011/07/31 v2.3f Extended supertabular package
\c@tracingst=\count442
\PWSTcapht=\dimen426
\ST@wd=\dimen427
\ST@rightskip=\skip91
\ST@leftskip=\skip92
\ST@parfillskip=\skip93
\c@PWSTtable=\count443
\PWSTlastpage=\count444
\PWSTpenultimate=\count445
\PWSTcurpage=\count446
\PWSTtempc=\count447
\PWSTlines=\count448
\PWST@lastht=\dimen428
\PWST@generalht=\dimen429
\PWST@ht=\dimen430
\ST@pageleft=\dimen431
\ST@headht=\dimen432
\ST@tailht=\dimen433
\ST@pagesofar=\dimen434
\ST@pboxht=\dimen435
\ST@lineht=\dimen436
\ST@stretchht=\dimen437
\ST@prevht=\dimen438
\ST@toadd=\dimen439
\ST@dimen=\dimen440
\ST@pbox=\box140
) (C:\Users\cocha\AppData\Local\Programs\MiKTeX\tex/latex/tools\multicol.sty
Package: multicol 2025/10/21 v2.0b multicolumn formatting (FMi)
\c@tracingmulticols=\count449
\mult@box=\box141
\multicol@leftmargin=\dimen441
\c@unbalance=\count450
\c@collectmore=\count451
\doublecol@number=\count452
\multicoltolerance=\count453
\multicolpretolerance=\count454
\full@width=\dimen442
\page@free=\dimen443
\premulticols=\dimen444
\postmulticols=\dimen445
\multicolsep=\skip94
\multicolbaselineskip=\skip95
\partial@page=\box142
\last@line=\box143
\mc@boxedresult=\box144
\maxbalancingoverflow=\dimen446
\mult@rightbox=\box145
\mult@grightbox=\box146
\mult@firstbox=\box147
\mult@gfirstbox=\box148
\@tempa=\box149
\@tempa=\box150
\@tempa=\box151
\@tempa=\box152
\@tempa=\box153
\@tempa=\box154
\@tempa=\box155
\@tempa=\box156
\@tempa=\box157
\@tempa=\box158
\@tempa=\box159
\@tempa=\box160
\@tempa=\box161
\@tempa=\box162
\@tempa=\box163
\@tempa=\box164
\@tempa=\box165
\@tempa=\box166
\@tempa=\box167
\@tempa=\box168
\@tempa=\box169
\@tempa=\box170
\@tempa=\box171
\@tempa=\box172
\@tempa=\box173
\@tempa=\box174
\@tempa=\box175
\@tempa=\box176
\@tempa=\box177
\@tempa=\box178
\@tempa=\box179
\@tempa=\box180
\@tempa=\box181
\@tempa=\box182
\@tempa=\box183
\@tempa=\box184
\c@minrows=\count455
\c@columnbadness=\count456
\c@finalcolumnbadness=\count457
\last@try=\dimen447
\multicolovershoot=\dimen448
\multicolundershoot=\dimen449
\mult@nat@firstbox=\box185
\colbreak@box=\box186
\mc@col@check@num=\count458
\g__mc_curr_col_int=\count459
) (C:\Users\cocha\AppData\Local\Programs\MiKTeX\tex/latex/paracol\paracol.sty
Package: paracol 2025/07/14 1.37 typeset columns in parallel
\pcol@currcol=\count460
\pcol@nextcol=\count461
\pcol@ncol=\count462
\pcol@ncolleft=\count463
\pcol@page=\count464
\pcol@basepage=\count465
\pcol@toppage=\count466
\pcol@footnotebase=\count467
\pcol@nfootnotes=\count468
\pcol@mcid=\count469
\pcol@prevdepth=\dimen450
\pcol@colht=\dimen451
\pcol@textfloatsep=\dimen452
\pcol@lrmargin=\dimen453
\pagerim=\dimen454
\pcol@topskip=\skip96
\belowfootnoteskip=\skip97
\pcol@topfnotes=\box187
\pcol@prespan=\box188
\pcol@rightpage=\box189
\pcol@colorstack@saved=\box190
\pcol@tempboxa=\box191
\pcol@tempboxb=\box192
\pcol@colorins=\insert252
\pcol@everyvbox=\toks78
) (C:\Users\cocha\AppData\Local\Programs\MiKTeX\tex/latex/fancyhdr\fancyhdr.sty
Package: fancyhdr 2025/02/07 v5.2 Extensive control of page headers and footers
\f@nch@headwidth=\skip98
\f@nch@offset@elh=\skip99
\f@nch@offset@erh=\skip100
\f@nch@offset@olh=\skip101
\f@nch@offset@orh=\skip102
\f@nch@offset@elf=\skip103
\f@nch@offset@erf=\skip104
\f@nch@offset@olf=\skip105
\f@nch@offset@orf=\skip106
\f@nch@height=\skip107
\f@nch@footalignment=\skip108
\f@nch@widthL=\skip109
\f@nch@widthC=\skip110
\f@nch@widthR=\skip111
\@temptokenb=\toks79
) (C:\Users\cocha\AppData\Local\Programs\MiKTeX\tex/latex/answers\answers.sty
Package: answers 2014/08/24 v2.16 Production of solution sheets in LaTeX2e
 (C:\Users\cocha\AppData\Local\Programs\MiKTeX\tex/latex/tools\verbatim.sty
Package: verbatim 2024-01-22 v1.5x LaTeX2e package for verbatim enhancements
\every@verbatim=\toks80
\verbatim@line=\toks81
\verbatim@in@stream=\read3
)) (C:\Users\cocha\AppData\Local\Programs\MiKTeX\tex/latex/probsoln\probsoln.sty
Package: probsoln 2017/07/10 v3.05 (NLCT)
\probsoln@write=\write4
\probsoln@startyear=\count470
\probsoln@startmonth=\count471
\probsoln@prev=\write5
\probsoln@used=\write6
\probsoln@prev@cutoff=\count472
\@probN=\count473
\@probselN=\count474
\@rndselctr=\count475
\r@ndcur=\count476
\@ps@randtmp=\count477
\@shfctr=\count478
\@shfA=\count479
\@shfB=\count480
\@ps@forrand=\count481
\@ps@forrand@level=\count482
) (C:\Users\cocha\AppData\Local\Programs\MiKTeX\tex/latex/xstring\xstring.sty (C:\Users\cocha\AppData\Local\Programs\MiKTeX\tex/generic/xstring\xstring.tex
\xs_counta=\count483
\xs_countb=\count484
)
Package: xstring 2023/08/22 v1.86 String manipulations (CT)
) (C:\Users\cocha\AppData\Local\Programs\MiKTeX\tex/latex/cntformats\cntformats.sty
Package: cntformats 2014/07/20 v0.7 A different way to read counters. (CN)
 (C:\Users\cocha\AppData\Local\Programs\MiKTeX\tex/latex/cnltx\cnltx-base.sty
Package: cnltx-base 2019/11/01 v0.15 LaTeX tools and documenting facilities (CN)
\c@cnltx@tmpa=\count485
\c@cnltx@tmpb=\count486
\c@cnltx@tmpc=\count487
\cnltx@tmpa@length=\skip112
\cnltx@tmpb@length=\skip113
\cnltx@tmpc@length=\skip114
 (C:\Users\cocha\AppData\Local\Programs\MiKTeX\tex/latex/trimspaces\trimspaces.sty
Package: trimspaces 2009/09/17 v1.1 Trim spaces around a token list
))) (C:\Users\cocha\AppData\Local\Programs\MiKTeX\tex/latex/environ\environ.sty
Package: environ 2014/05/04 v0.3 A new way to define environments
) (C:\Users\cocha\AppData\Local\Programs\MiKTeX\tex/latex/tcolorbox\tcolorbox.sty
Package: tcolorbox 2026/05/28 version 6.10.0 text color boxes
\tcb@titlebox=\box193
\tcb@upperbox=\box194
\tcb@lowerbox=\box195
\tcb@phantombox=\box196
\c@tcbbreakpart=\count488
\c@tcblayer=\count489
\c@tcolorbox@number=\count490
\l__tcobox_tmpa_box=\box197
\l__tcobox_tmpa_dim=\dimen455
\tcb@temp=\box198
\tcb@temp=\box199
\tcb@temp=\box256
\tcb@temp=\box257
 (C:\Users\cocha\AppData\Local\Programs\MiKTeX\tex/latex/tcolorbox\tcbraster.code.tex
Library (tcolorbox): 'tcbraster.code.tex' version '6.10.0'
\c@tcbrastercolumn=\count491
\c@tcbrasterrow=\count492
\c@tcbrasternum=\count493
\c@tcbraster=\count494
) (C:\Users\cocha\AppData\Local\Programs\MiKTeX\tex/latex/tcolorbox\tcbskins.code.tex
Library (tcolorbox): 'tcbskins.code.tex' version '6.10.0'
(C:\Users\cocha\AppData\Local\Programs\MiKTeX\tex/latex/tikzfill\tikzfill.image.sty
Package: tikzfill.image 2026/04/23 v1.2.0 Image filling library for TikZ
 (C:\Users\cocha\AppData\Local\Programs\MiKTeX\tex/latex/tikzfill\tikzlibraryfill.image.code.tex
File: tikzlibraryfill.image.code.tex 2026/04/23 v1.2.0 Image filling library
\l__tikzfill_tmpa_dim=\dimen456
\l__tikzfill_tmpb_dim=\dimen457
\l__tikzfill_img_box=\box258
)) (C:\Users\cocha\AppData\Local\Programs\MiKTeX\tex/latex/tcolorbox\tcbskinsjigsaw.code.tex
Library (tcolorbox): 'tcbskinsjigsaw.code.tex' version '6.10.0'
)) (C:\Users\cocha\AppData\Local\Programs\MiKTeX\tex/latex/tcolorbox\tcbbreakable.code.tex
Library (tcolorbox): 'tcbbreakable.code.tex' version '6.10.0'
(C:\Users\cocha\AppData\Local\Programs\MiKTeX\tex/latex/pdfcol\pdfcol.sty
Package: pdfcol 2022-09-21 v1.7 Handle new color stacks for pdfTeX (HO)
)
Package pdfcol Info: New color stack `tcb@breakable' = 1 on input line 23.
\tcb@testbox=\box259
\tcb@totalupperbox=\box260
\tcb@totallowerbox=\box261
) (C:\Users\cocha\AppData\Local\Programs\MiKTeX\tex/latex/tcolorbox\tcbhooks.code.tex
Library (tcolorbox): 'tcbhooks.code.tex' version '6.10.0'
) (C:\Users\cocha\AppData\Local\Programs\MiKTeX\tex/latex/tcolorbox\tcbtheorems.code.tex
Library (tcolorbox): 'tcbtheorems.code.tex' version '6.10.0'
) (C:\Users\cocha\AppData\Local\Programs\MiKTeX\tex/latex/tcolorbox\tcbfitting.code.tex
Library (tcolorbox): 'tcbfitting.code.tex' version '6.10.0'
\tcbfitdim=\dimen458
\tcb@lowerfitdim=\dimen459
\tcb@upperfitdim=\dimen460
\tcb@cur@hbadness=\count495
) (C:\Users\cocha\AppData\Local\Programs\MiKTeX\tex/latex/tcolorbox\tcblistingsutf8.code.tex
Library (tcolorbox): 'tcblistingsutf8.code.tex' version '6.10.0'
(C:\Users\cocha\AppData\Local\Programs\MiKTeX\tex/latex/tcolorbox\tcblistings.code.tex
Library (tcolorbox): 'tcblistings.code.tex' version '6.10.0'
(C:\Users\cocha\AppData\Local\Programs\MiKTeX\tex/latex/listings\listings.sty
\lst@mode=\count496
\lst@gtempboxa=\box262
\lst@token=\toks82
\lst@length=\count497
\lst@currlwidth=\dimen461
\lst@column=\count498
\lst@pos=\count499
\lst@lostspace=\dimen462
\lst@width=\dimen463
\lst@newlines=\count500
\lst@lineno=\count501
\lst@maxwidth=\dimen464
 (C:\Users\cocha\AppData\Local\Programs\MiKTeX\tex/latex/listings\lstpatch.sty
File: lstpatch.sty 2025/11/14 1.11b (Carsten Heinz)
) (C:\Users\cocha\AppData\Local\Programs\MiKTeX\tex/latex/listings\lstmisc.sty
File: lstmisc.sty 2025/11/14 1.11b (Carsten Heinz)
\c@lstnumber=\count502
\lst@skipnumbers=\count503
\lst@framebox=\box263
) (C:\Users\cocha\AppData\Local\Programs\MiKTeX\tex/latex/listings\listings.cfg
File: listings.cfg 2025/11/14 1.11b listings configuration
))
Package: listings 2025/11/14 1.11b (Carsten Heinz)
 (C:\Users\cocha\AppData\Local\Programs\MiKTeX\tex/latex/tcolorbox\tcblistingscore.code.tex
Library (tcolorbox): 'tcblistingscore.code.tex' version '6.10.0'
(C:\Users\cocha\AppData\Local\Programs\MiKTeX\tex/latex/tcolorbox\tcbprocessing.code.tex
Library (tcolorbox): 'tcbprocessing.code.tex' version '6.10.0'
)
\c@tcblisting=\count504
)) (C:\Users\cocha\AppData\Local\Programs\MiKTeX\tex/latex/listingsutf8\listingsutf8.sty
Package: listingsutf8 2019-12-10 v1.5 Allow UTF-8 in listings input (HO)
)) (C:\Users\cocha\AppData\Local\Programs\MiKTeX\tex/latex/tcolorbox\tcbexternal.code.tex
Library (tcolorbox): 'tcbexternal.code.tex' version '6.10.0'
) (C:\Users\cocha\AppData\Local\Programs\MiKTeX\tex/latex/tcolorbox\tcbmagazine.code.tex
Library (tcolorbox): 'tcbmagazine.code.tex' version '6.10.0'
) (C:\Users\cocha\AppData\Local\Programs\MiKTeX\tex/latex/tcolorbox\tcbvignette.code.tex
Library (tcolorbox): 'tcbvignette.code.tex' version '6.10.0'
) (C:\Users\cocha\AppData\Local\Programs\MiKTeX\tex/latex/tcolorbox\tcbposter.code.tex
Library (tcolorbox): 'tcbposter.code.tex' version '6.10.0'
))
\linepar=\dimen465
\paroutindent=\skip115
\lineheight=\skip116
\c@iftcbcounter=\count505
\c@ifex=\count506
\c@ifvd=\count507
\wsh=\skip117
\hsh=\skip118
\dsh=\skip119
\TrueEXA=\box264
\TrueEXB=\box265
\TrueEXC=\box266
\TrueEXD=\box267
\TrueEXE=\box268
\textChA=\box269
\textChB=\box270
\textChC=\box271
\textChD=\box272
\textChE=\box273
\TrueTFA=\box274
\TrueTFB=\box275
\TrueTFC=\box276
\TrueTFD=\box277
\TrueTFE=\box278
\sqTFTab=\box279
\ccTFTab=\box280
\itemchT=\box281
\itemchF=\box282
\ansboxT=\box283
\ansboxF=\box284
\circTFa=\box285
\circTFb=\box286
\circTFc=\box287
\circTFd=\box288
\c@Solshort=\count508
\c@dapan=\count509
\widthalpha=\skip120
\widthalphaT=\skip121
\widthalphaF=\skip122
\widthcha=\skip123
\widthchb=\skip124
\widthchc=\skip125
\widthchd=\skip126
\widthche=\skip127
\widthch=\skip128
\BO=\skip129
\MO=\skip130
\HA=\skip131
\NA=\skip132
\BA=\skip133
\RU=\skip134
\rBO=\skip135
\rMO=\skip136
\rHA=\skip137
\rNA=\skip138
\rBA=\skip139
\rRU=\skip140
\c@numChoice=\count510
\TabCS=\skip141
\lengthTT=\skip142
\lengthDS=\skip143
\c@debai=\count511
\l_extest_len_int=\count512
\c@matchidx=\count513
\dorong=\skip144
\c@ex=\count514
\c@chc=\count515
\c@env=\count516
\c@printex=\count517
\c@Solution=\count518

WARNING: environment Solution already in use
\c@Solbook=\count519
\c@vdex=\count520
\imbox=\box289
\imboxtext=\box290
\myboxans=\box291
\dorongANS=\skip145
\c@exrd=\count521
\l__listsEX_depth_int=\count522
\g__listsEX_int=\count523
\l__listsEX_columns_int=\count524
\l__listsEX_item_columns_int=\count525
\g__listsEX_current_col_num_int=\count526
\g__listsEX_current_row_num_int=\count527
\g__listsEX_row_box=\box292
\l__listsEX_item_indent_dim=\dimen466
\l__listsEX_item_default_indent_dim=\dimen467
\l__listsEX_item_width_dim=\dimen468
\l__listsEX_label_width_dim=\dimen469
\l__listsEX_label_default_width_dim=\dimen470
\l__listsEX_label_offset_dim=\dimen471
\l__listsEX_label_default_offset_dim=\dimen472
\l__listsEX_column_sep_dim=\dimen473
\l__listsEX_after_item_skip=\skip146
\l__listsEX_custom_after_item_skip=\skip147
\l__listsEX_before_list_skip=\skip148
\l__listsEX_after_list_skip=\skip149
\l__listsEX_item_coffin=\box293
\l__listsEX_label_coffin=\box294
\l__listsEX_tmpa_coffin=\box295
\l__listsEX_tmpa_int=\count528
\l__listsEX_tmpb_int=\count529
\c@listEX=\count530
\l__listsEX_choice_width_dim=\dimen474
\l__listsEX_choice_linewidth_dim=\dimen475
\l__listsEX_choice_checkwidth_dim=\dimen476
\l__listsEX_choice_raise_dim=\dimen477

LaTeX template Info: Declaring template type 'listsEX' taking 3 argument(s) on
(template)           line 3083.

\c@numitem=\count531
\l_extest_custom_width_dim=\dimen478
\l_extest_custom_indent_dim=\dimen479
)
\c@EX=\count532
 (C:\Users\cocha\AppData\Local\Programs\MiKTeX\tex/latex/esvect\esvect.sty
Package: esvect 
\symesvector=\mathgroup11
)
\symsymbolsC=\mathgroup12
LaTeX Font Info:    Redeclaring math symbol \parallel on input line 128.
 (C:\Users\cocha\AppData\Local\Programs\MiKTeX\tex/latex/changepage\changepage.sty
Package: changepage 2009/10/20 v1.0c check page and change page layout
\c@cp@cntr=\count533
\cp@tempcnt=\count534
) (C:\Users\cocha\AppData\Local\Programs\MiKTeX\tex/latex/lastpage\lastpage.sty
Package: lastpage 2025/08/14 v2.1h lastpage: 2.09 or 2e? (HMM)
 (C:\Users\cocha\AppData\Local\Programs\MiKTeX\tex/latex/lastpage\lastpage2e.sty
Package: lastpage2e 2025/08/14 v2.1h Decide which 2e lastpage version to use (HMM)
 (C:\Users\cocha\AppData\Local\Programs\MiKTeX\tex/latex/lastpage\lastpagemodern.sty
Package: lastpagemodern 2025-08-14 v2.1h Refers to last page's name (HMM; JPG)
\c@lastpagecount=\count535
) 
)) (C:\Users\cocha\AppData\Local\Programs\MiKTeX\tex/latex/titlesec\titlesec.sty
Package: titlesec 2025/01/04 v2.17 Sectioning titles
\ttl@box=\box296
\beforetitleunit=\skip150
\aftertitleunit=\skip151
\ttl@plus=\dimen480
\ttl@minus=\dimen481
\ttl@toksa=\toks83
\titlewidth=\dimen482
\titlewidthlast=\dimen483
\titlewidthfirst=\dimen484
) (titledot.sty
Package: titledot 2009/07/10 v1.0 Vietnamese section
 (C:\Users\cocha\AppData\Local\Programs\MiKTeX\tex/latex/titlesec\titletoc.sty
Package: titletoc 2025/01/04 v2.17 TOC entries
\ttl@leftsep=\dimen485
))
\c@ttlp@side=\count536
\ttlp@side=\count537
\c@dn=\count538
\c@vd=\count539
\c@bt=\count540
\c@dl=\count541
\c@tc=\count542
\c@hq=\count543
\c@nx=\count544
\c@tomtat=\count545
\c@dang=\count546
\c@deso=\count547
\c@muccon=\count548
\c@myphantich=\count549
\c@tcb@cnt@khung4=\count550
) (C:\Users\cocha\AppData\Local\Programs\MiKTeX\tex/latex/circuitikz\circuitikz.sty
Package: circuitikz 2026/05/24{} The CircuiTikz circuit drawing package version 1.8.6
 (C:\Users\cocha\AppData\Local\Programs\MiKTeX\tex/generic/pgf/frontendlayer/tikz/libraries\tikzlibrarybending.code.tex
File: tikzlibrarybending.code.tex 2025-08-29 v3.1.11a (3.1.11a)
 (C:\Users\cocha\AppData\Local\Programs\MiKTeX\tex/generic/pgf/modules\pgfmodulebending.code.tex
File: pgfmodulebending.code.tex 2025-08-29 v3.1.11a (3.1.11a)
 (C:\Users\cocha\AppData\Local\Programs\MiKTeX\tex/generic/pgf/modules\pgfmodulenonlineartransformations.code.tex
File: pgfmodulenonlineartransformations.code.tex 2025-08-29 v3.1.11a (3.1.11a)
\pgftransformnonlinearflatness=\dimen486
) (C:\Users\cocha\AppData\Local\Programs\MiKTeX\tex/generic/pgf/libraries\pgflibrarycurvilinear.code.tex
File: pgflibrarycurvilinear.code.tex 2025-08-29 v3.1.11a (3.1.11a)
\pgf@curvilinear@time@a=\dimen487
\pgf@curvilinear@length@a=\dimen488
\pgf@curvilinear@length@b=\dimen489
\pgf@curvilinear@length@c=\dimen490
\pgf@curvilinear@length@d=\dimen491
)
\pgf@arrows@the@rigidity=\dimen492
)) (C:\Users\cocha\AppData\Local\Programs\MiKTeX\tex/generic/circuitikz\pgfcirc.defines.tex
\pgf@circ@count@a=\count551
\pgf@circ@count@b=\count552
\pgf@circ@count@c=\count553
\pgf@circ@res@up=\dimen493
\pgf@circ@res@down=\dimen494
\pgf@circ@res@zero=\dimen495
\pgf@circ@res@left=\dimen496
\pgf@circ@res@right=\dimen497
\pgf@circ@res@other=\dimen498
\pgf@circ@res@step=\dimen499
\pgf@circ@res@temp=\dimen500
\pgf@circ@Rlen=\dimen501
\pgf@circ@scaled@Rlen=\dimen502
\pgfstartlinewidth=\dimen503
) (C:\Users\cocha\AppData\Local\Programs\MiKTeX\tex/generic/circuitikz\pgfcircutils.tex
\ctikz@scratchbox=\box297
) (C:\Users\cocha\AppData\Local\Programs\MiKTeX\tex/generic/circuitikz\pgfcircpath.tex
\ctikz@vif@count=\count554
) (C:\Users\cocha\AppData\Local\Programs\MiKTeX\tex/generic/circuitikz\pgfcircshapes.tex) (C:\Users\cocha\AppData\Local\Programs\MiKTeX\tex/generic/circuitikz\pgfcircmonopoles.tex) (C:\Users\cocha\AppData\Local\Programs\MiKTeX\tex/generic/circuitikz\pgfcircbipoles.tex) (C:\Users\cocha\AppData\Local\Programs\MiKTeX\tex/generic/circuitikz\pgfcirctripoles.tex
\pgf@circ@res@count=\count555
) (C:\Users\cocha\AppData\Local\Programs\MiKTeX\tex/generic/circuitikz\pgfcircquadpoles.tex) (C:\Users\cocha\AppData\Local\Programs\MiKTeX\tex/generic/circuitikz\pgfcircmultipoles.tex) (C:\Users\cocha\AppData\Local\Programs\MiKTeX\tex/generic/circuitikz\pgfcirclabel.tex) (C:\Users\cocha\AppData\Local\Programs\MiKTeX\tex/generic/circuitikz\pgfcircvoltage.tex
\pgfcirc@labelshift=\dimen504
) (C:\Users\cocha\AppData\Local\Programs\MiKTeX\tex/generic/circuitikz\pgfcirccurrent.tex) (C:\Users\cocha\AppData\Local\Programs\MiKTeX\tex/generic/circuitikz\pgfcircflow.tex))
LaTeX Font Info:    Trying to load font information for U+msa on input line 61.
 (C:\Users\cocha\AppData\Local\Programs\MiKTeX\tex/latex/amsfonts\umsa.fd
File: umsa.fd 2013/01/14 v3.01 AMS symbols A
)
LaTeX Font Info:    Trying to load font information for U+msb on input line 61.
 (C:\Users\cocha\AppData\Local\Programs\MiKTeX\tex/latex/amsfonts\umsb.fd
File: umsb.fd 2013/01/14 v3.01 AMS symbols B
)
LaTeX Font Info:    Trying to load font information for U+rsfs on input line 61.
 (C:\Users\cocha\AppData\Local\Programs\MiKTeX\tex/latex/jknappen\ursfs.fd
File: ursfs.fd 1998/03/24 rsfs font definition file (jk)
)
LaTeX Font Info:    Trying to load font information for OMX+yhex on input line 61.
 (C:\Users\cocha\AppData\Local\Programs\MiKTeX\tex/latex/yhmath\omxyhex.fd
File: OMXyhex.fd 
File: OMXyhex.fd 2013/07/03 v1.1 YH's humble contribution to TeX maths (NP)
)
LaTeX Font Info:    Trying to load font information for U+esvect on input line 61.
 (C:\Users\cocha\AppData\Local\Programs\MiKTeX\tex/latex/esvect\uesvect.fd
File: uesvect.fd 
)
LaTeX Font Info:    Trying to load font information for U+txsyc on input line 61.
 (C:\Users\cocha\AppData\Local\Programs\MiKTeX\tex/latex/txfonts\utxsyc.fd
File: utxsyc.fd 2000/12/15 v3.1
) (10CD.aux)
\openout1 = `10CD.aux'.

LaTeX Font Info:    Checking defaults for OML/cmm/m/it on input line 61.
LaTeX Font Info:    ... okay on input line 61.
LaTeX Font Info:    Checking defaults for OMS/cmsy/m/n on input line 61.
LaTeX Font Info:    ... okay on input line 61.
LaTeX Font Info:    Checking defaults for OT1/cmr/m/n on input line 61.
LaTeX Font Info:    ... okay on input line 61.
LaTeX Font Info:    Checking defaults for T1/cmr/m/n on input line 61.
LaTeX Font Info:    ... okay on input line 61.
LaTeX Font Info:    Checking defaults for TS1/cmr/m/n on input line 61.
LaTeX Font Info:    ... okay on input line 61.
LaTeX Font Info:    Checking defaults for OMX/cmex/m/n on input line 61.
LaTeX Font Info:    ... okay on input line 61.
LaTeX Font Info:    Checking defaults for U/cmr/m/n on input line 61.
LaTeX Font Info:    ... okay on input line 61.
LaTeX Font Info:    Checking defaults for PD1/pdf/m/n on input line 61.
LaTeX Font Info:    ... okay on input line 61.
LaTeX Font Info:    Checking defaults for PU/pdf/m/n on input line 61.
LaTeX Font Info:    ... okay on input line 61.
LaTeX Font Info:    Checking defaults for T5/cmr/m/n on input line 61.
LaTeX Font Info:    ... okay on input line 61.
 (C:\Users\cocha\AppData\Local\Programs\MiKTeX\tex/context/base/mkii\supp-pdf.mkii
[Loading MPS to PDF converter (version 2006.09.02).]
\scratchcounter=\count556
\scratchdimen=\dimen505
\scratchbox=\box298
\nofMPsegments=\count557
\nofMParguments=\count558
\everyMPshowfont=\toks84
\MPscratchCnt=\count559
\MPscratchDim=\dimen506
\MPnumerator=\count560
\makeMPintoPDFobject=\count561
\everyMPtoPDFconversion=\toks85
) (C:\Users\cocha\AppData\Local\Programs\MiKTeX\tex/latex/epstopdf-pkg\epstopdf-base.sty
Package: epstopdf-base 2020-01-24 v2.11 Base part for package epstopdf
Package epstopdf-base Info: Redefining graphics rule for `.eps' on input line 485.
 (C:\Users\cocha\AppData\Local\Programs\MiKTeX\tex/latex/00miktex\epstopdf-sys.cfg
File: epstopdf-sys.cfg 2021/03/18 v2.0 Configuration of epstopdf for MiKTeX
)) (C:\Users\cocha\AppData\Local\Programs\MiKTeX\tex/latex/pdflscape\pdflscape.sty
Package: pdflscape 2022-10-27 v0.13 Display of landscape pages in PDF
 (C:\Users\cocha\AppData\Local\Programs\MiKTeX\tex/latex/pdflscape\pdflscape-nometadata.sty
Package: pdflscape-nometadata 2022-10-28 v0.13 Display of landscape pages in PDF (HO)
 (C:\Users\cocha\AppData\Local\Programs\MiKTeX\tex/latex/graphics\lscape.sty
Package: lscape 2020/05/28 v3.02 Landscape Pages (DPC)
)
Package pdflscape Info: Auto-detected driver: pdftex on input line 81.
))
Package pgfplots notification 'compat/show suggested version=true': you might benefit from \pgfplotsset{compat=1.18} (current compat level: 1.9).

Package hyperref Info: Link coloring OFF on input line 61.
(10CD.out) (10CD.out)
\@outlinefile=\write7
\openout7 = `10CD.out'.


*geometry* driver: auto-detecting
*geometry* detected driver: pdftex
*geometry* verbose mode - [ preamble ] result:
* driver: pdftex
* paper: a4paper
* layout: <same size as paper>
* layoutoffset:(h,v)=(0.0pt,0.0pt)
* modes: twoside 
* h-part:(L,W,R)=(35.56593pt, 398.33861pt, 163.60333pt)
* v-part:(T,H,B)=(42.67912pt, 759.6886pt, 42.67912pt)
* \paperwidth=597.50787pt
* \paperheight=845.04684pt
* \textwidth=398.33861pt
* \textheight=759.6886pt
* \oddsidemargin=-36.70406pt
* \evensidemargin=91.33334pt
* \topmargin=-59.65836pt
* \headheight=12.0pt
* \headsep=18.06749pt
* \topskip=10.0pt
* \footskip=25.29494pt
* \marginparwidth=128.0374pt
* \marginparsep=14.22636pt
* \columnsep=10.0pt
* \skip\footins=9.0pt plus 4.0pt minus 2.0pt
* \hoffset=0.0pt
* \voffset=0.0pt
* \mag=1000
* \@twocolumnfalse
* \@twosidetrue
* \@mparswitchtrue
* \@reversemarginfalse
* (1in=72.27pt=25.4mm, 1cm=28.453pt)

\c@lstlisting=\count562
*geometry* verbose mode - [ newgeometry ] result:
* driver: pdftex
* paper: a4paper
* layout: <same size as paper>
* layoutoffset:(h,v)=(0.0pt,0.0pt)
* modes: twoside 
* h-part:(L,W,R)=(35.56593pt, 398.33861pt, 163.60333pt)
* v-part:(T,H,B)=(42.67912pt, 759.6886pt, 42.67912pt)
* \paperwidth=597.50787pt
* \paperheight=845.04684pt
* \textwidth=398.33861pt
* \textheight=759.6886pt
* \oddsidemargin=-36.70406pt
* \evensidemargin=91.33334pt
* \topmargin=-59.65836pt
* \headheight=12.0pt
* \headsep=18.06749pt
* \topskip=10.0pt
* \footskip=25.29494pt
* \marginparwidth=128.0374pt
* \marginparsep=14.22636pt
* \columnsep=10.0pt
* \skip\footins=9.0pt plus 4.0pt minus 2.0pt
* \hoffset=0.0pt
* \voffset=0.0pt
* \mag=1000
* \@twocolumnfalse
* \@twosidetrue
* \@mparswitchtrue
* \@reversemarginfalse
* (1in=72.27pt=25.4mm, 1cm=28.453pt)

<logo/logo.jpg, id=164, 722.7pt x 722.7pt>
File: logo/logo.jpg Graphic file (type jpg)
<use logo/logo.jpg>
Package pdftex.def Info: logo/logo.jpg  used on input line 91.
(pdftex.def)             Requested size: 128.0374pt x 128.02927pt.
(input10.tex (data/10/0D2/0-KNTT-C2B3-X.tex
LaTeX Font Info:    Trying to load font information for T5+qag on input line 11.
 (C:\Users\cocha\AppData\Local\Programs\MiKTeX\tex/latex/tex-gyre\t5qag.fd
File: t5qag.fd 2009/09/25 v1.2 font definition file for T5/qag
)
LaTeX Font Info:    Trying to load font information for T5+put on input line 13.
 (C:\Users\cocha\AppData\Local\Programs\MiKTeX\tex/latex/vntex\t5put.fd
File: t5put.fd 2006/07/30 Fontinst v1.927 font definitions for T5/put.
)
LaTeX Font Info:    Trying to load font information for U+fontawesometwo on input line 40.
 (C:\Users\cocha\AppData\Local\Programs\MiKTeX\tex/latex/fontawesome\ufontawesometwo.fd
File: ufontawesometwo.fd 2016/05/22 Font definitions for U/fontawesometwo.
)
LaTeX Font Info:    Trying to load font information for U+fontawesomethree on input line 45.
 (C:\Users\cocha\AppData\Local\Programs\MiKTeX\tex/latex/fontawesome\ufontawesomethree.fd
File: ufontawesomethree.fd 2016/05/22 Font definitions for U/fontawesomethree.
)

LaTeX Font Warning: Font shape `U/fontawesomethree/bx/n' undefined
(Font)              using `U/fontawesomethree/m/n' instead on input line 45.


Package hyperref Warning: Token not allowed in a PDF string (Unicode):
(hyperref)                removing `\char' on input line 48.


Package hyperref Warning: Token not allowed in a PDF string (Unicode):
(hyperref)                removing `\leavevmode@ifvmode' on input line 48.


Package hyperref Warning: Token not allowed in a PDF string (Unicode):
(hyperref)                \kern 1.66702pt
(hyperref)                removed on input line 48.


Package hyperref Warning: Token not allowed in a PDF string (Unicode):
(hyperref)                removing `\leavevmode@ifvmode' on input line 48.


Package hyperref Warning: Token not allowed in a PDF string (Unicode):
(hyperref)                \kern 1.66702pt
(hyperref)                removed on input line 48.

Package hyperref Info: bookmark level for unknown vd defaults to 0 on input line 58.

LaTeX Font Warning: Font shape `U/fontawesometwo/b/n' undefined
(Font)              using `U/fontawesometwo/m/n' instead on input line 59.

[1{C:/Users/cocha/AppData/Local/Programs/MiKTeX/fonts/enc/dvips/fontawesome/fontawesometwo.enc}{C:/Users/cocha/AppData/Local/Programs/MiKTeX/fonts/enc/dvips/tex-gyre/q-t5.enc}


{C:/Users/cocha/AppData/Local/Programs/MiKTeX/fonts/enc/dvips/vntex/t5.enc}{C:/Users/cocha/AppData/Local/Programs/MiKTeX/fonts/enc/dvips/fontawesome/fontawesomethree.enc} <./logo/logo.jpg>]

Package hyperref Warning: Token not allowed in a PDF string (Unicode):
(hyperref)                removing `\char' on input line 100.


Package hyperref Warning: Token not allowed in a PDF string (Unicode):
(hyperref)                removing `\leavevmode@ifvmode' on input line 100.


Package hyperref Warning: Token not allowed in a PDF string (Unicode):
(hyperref)                \kern 1.66702pt
(hyperref)                removed on input line 100.


Package hyperref Warning: Token not allowed in a PDF string (Unicode):
(hyperref)                removing `\leavevmode@ifvmode' on input line 100.


Package hyperref Warning: Token not allowed in a PDF string (Unicode):
(hyperref)                \kern 1.66702pt
(hyperref)                removed on input line 100.


Package hyperref Warning: Token not allowed in a PDF string (Unicode):
(hyperref)                removing `\char' on input line 226.


Package hyperref Warning: Token not allowed in a PDF string (Unicode):
(hyperref)                removing `\leavevmode@ifvmode' on input line 226.


Package hyperref Warning: Token not allowed in a PDF string (Unicode):
(hyperref)                \kern 1.66702pt
(hyperref)                removed on input line 226.


Package hyperref Warning: Token not allowed in a PDF string (Unicode):
(hyperref)                removing `\leavevmode@ifvmode' on input line 226.


Package hyperref Warning: Token not allowed in a PDF string (Unicode):
(hyperref)                \kern 1.66702pt
(hyperref)                removed on input line 226.

[2
pdfTeX warning (ext4): destination with the same identifier (name{vd.1}) has been already used, duplicate ignored
<argument> ...shipout:D \box_use:N \l_shipout_box 
                                                  \__shipout_drop_firstpage_...
l.231 \end{dang}
                
pdfTeX warning (ext4): destination with the same identifier (name{vd.2}) has been already used, duplicate ignored
<argument> ...shipout:D \box_use:N \l_shipout_box 
                                                  \__shipout_drop_firstpage_...
l.231 \end{dang}
                ]
pdfTeX warning (ext4): destination with the same identifier (name{vd.1}) has been already used, duplicate ignored
<to be read again> 
                   \relax 
l.250 	\end{tikzpicture}}
                         
pdfTeX warning (ext4): destination with the same identifier (name{vd.2}) has been already used, duplicate ignored
<to be read again> 
                   \relax 
l.274 	\end{tikzpicture}}
                         
pdfTeX warning (ext4): destination with the same identifier (name{vd.3}) has been already used, duplicate ignored
<to be read again> 
                   \relax 
l.296 	}
         [3]

Package hyperref Warning: Token not allowed in a PDF string (Unicode):
(hyperref)                removing `\char' on input line 303.


Package hyperref Warning: Token not allowed in a PDF string (Unicode):
(hyperref)                removing `\leavevmode@ifvmode' on input line 303.


Package hyperref Warning: Token not allowed in a PDF string (Unicode):
(hyperref)                \kern 1.66702pt
(hyperref)                removed on input line 303.


Package hyperref Warning: Token not allowed in a PDF string (Unicode):
(hyperref)                removing `\leavevmode@ifvmode' on input line 303.


Package hyperref Warning: Token not allowed in a PDF string (Unicode):
(hyperref)                \kern 1.66702pt
(hyperref)                removed on input line 303.


pdfTeX warning (ext4): destination with the same identifier (name{vd.1}) has been already used, duplicate ignored
<to be read again> 
                   \relax 
l.320 	N
        hu cầu canxi tối thiểu cho một người đang ở độ tu�...
pdfTeX warning (ext4): destination with the same identifier (name{vd.2}) has been already used, duplicate ignored
<to be read again> 
                   \relax 
l.332 	T
        rong $1$ lạng ($100$ gram) thịt bò chứa khoảng $26$ gram pr...
pdfTeX warning (ext4): destination with the same identifier (name{vd.3}) has been already used, duplicate ignored
<to be read again> 
                   \relax 
l.343 	M
        ột công ty dự định không chi quá $900$ triệu đồng đ�...
Package hyperref Info: bookmark level for unknown bt defaults to 0 on input line 358.
 [4]
LaTeX Font Info:    Trying to load font information for T5+cmss on input line 631.
 (C:\Users\cocha\AppData\Local\Programs\MiKTeX\tex/latex/vntex\t5cmss.fd
File: t5cmss.fd 1999/05/25 v2.5h Standard LaTeX font definitions
)
Output from handle ans going to ans/ansC2B3-nlc.tex
\ans@file=\write8
\openout8 = `ans/ansC2B3-nlc.tex'.

Package hyperref Info: bookmark level for unknown ex defaults to 0 on input line 636.

Overfull \hbox (3.78441pt too wide) in paragraph at lines 642--642
[][] 
 []


Overfull \hbox (3.96068pt too wide) in paragraph at lines 642--642
[][] 
 []


Overfull \hbox (4.19017pt too wide) in paragraph at lines 642--642
[][] 
 []


Overfull \hbox (4.26732pt too wide) in paragraph at lines 642--642
[][] 
 []


Overfull \hbox (3.78441pt too wide) in paragraph at lines 654--654
[][] 
 []


Overfull \hbox (3.96068pt too wide) in paragraph at lines 654--654
[][] 
 []


Overfull \hbox (4.19017pt too wide) in paragraph at lines 654--654
[][] 
 []


Overfull \hbox (4.26732pt too wide) in paragraph at lines 654--654
[][] 
 []


Overfull \hbox (3.78441pt too wide) in paragraph at lines 666--666
[][] 
 []


Overfull \hbox (3.96068pt too wide) in paragraph at lines 666--666
[][] 
 []


Overfull \hbox (4.19017pt too wide) in paragraph at lines 666--666
[][] 
 []


Overfull \hbox (4.26732pt too wide) in paragraph at lines 666--666
[][] 
 []

[5]
Overfull \hbox (3.78441pt too wide) in paragraph at lines 678--678
[][] 
 []


Overfull \hbox (3.96068pt too wide) in paragraph at lines 678--678
[][] 
 []


Overfull \hbox (4.19017pt too wide) in paragraph at lines 678--678
[][] 
 []


Overfull \hbox (4.26732pt too wide) in paragraph at lines 678--678
[][] 
 []


Overfull \hbox (3.78441pt too wide) in paragraph at lines 741--741
[][] 
 []


Overfull \hbox (3.96068pt too wide) in paragraph at lines 741--741
[][] 
 []


Overfull \hbox (4.19017pt too wide) in paragraph at lines 741--741
[][] 
 []


Overfull \hbox (4.26732pt too wide) in paragraph at lines 741--741
[][] 
 []


Overfull \hbox (3.78441pt too wide) in paragraph at lines 768--768
[][] 
 []


Overfull \hbox (3.96068pt too wide) in paragraph at lines 768--768
[][] 
 []


Overfull \hbox (4.19017pt too wide) in paragraph at lines 768--768
[][] 
 []


Overfull \hbox (4.26732pt too wide) in paragraph at lines 768--768
[][] 
 []


Overfull \hbox (3.78441pt too wide) in paragraph at lines 768--768
[][] 
 []


Overfull \hbox (3.96068pt too wide) in paragraph at lines 768--768
[][] 
 []


Overfull \hbox (4.19017pt too wide) in paragraph at lines 768--768
[][] 
 []


Overfull \hbox (4.26732pt too wide) in paragraph at lines 768--768
[][] 
 []


Overfull \hbox (3.78441pt too wide) in paragraph at lines 793--793
[][] 
 []


Overfull \hbox (3.96068pt too wide) in paragraph at lines 793--793
[][] 
 []


Overfull \hbox (4.19017pt too wide) in paragraph at lines 793--793
[][] 
 []


Overfull \hbox (4.26732pt too wide) in paragraph at lines 793--793
[][] 
 []


Overfull \hbox (3.78441pt too wide) in paragraph at lines 793--793
[][] 
 []


Overfull \hbox (3.96068pt too wide) in paragraph at lines 793--793
[][] 
 []


Overfull \hbox (4.19017pt too wide) in paragraph at lines 793--793
[][] 
 []


Overfull \hbox (4.26732pt too wide) in paragraph at lines 793--793
[][] 
 []


Overfull \hbox (3.78441pt too wide) in paragraph at lines 825--825
[][] 
 []


Overfull \hbox (3.96068pt too wide) in paragraph at lines 825--825
[][] 
 []


Overfull \hbox (4.19017pt too wide) in paragraph at lines 825--825
[][] 
 []


Overfull \hbox (4.26732pt too wide) in paragraph at lines 825--825
[][] 
 []


Overfull \hbox (3.78441pt too wide) in paragraph at lines 825--825
[][] 
 []


Overfull \hbox (3.96068pt too wide) in paragraph at lines 825--825
[][] 
 []


Overfull \hbox (4.19017pt too wide) in paragraph at lines 825--825
[][] 
 []


Overfull \hbox (4.26732pt too wide) in paragraph at lines 825--825
[][] 
 []

[6]
Overfull \hbox (3.78441pt too wide) in paragraph at lines 840--840
[][] 
 []


Overfull \hbox (3.96068pt too wide) in paragraph at lines 840--840
[][] 
 []


Overfull \hbox (4.19017pt too wide) in paragraph at lines 840--840
[][] 
 []


Overfull \hbox (4.26732pt too wide) in paragraph at lines 840--840
[][] 
 []


Overfull \hbox (3.78441pt too wide) in paragraph at lines 852--852
[][] 
 []


Overfull \hbox (3.96068pt too wide) in paragraph at lines 852--852
[][] 
 []


Overfull \hbox (4.19017pt too wide) in paragraph at lines 852--852
[][] 
 []


Overfull \hbox (4.26732pt too wide) in paragraph at lines 852--852
[][] 
 []


Overfull \hbox (3.78441pt too wide) in paragraph at lines 864--864
[][] 
 []


Overfull \hbox (3.96068pt too wide) in paragraph at lines 864--864
[][] 
 []


Overfull \hbox (4.19017pt too wide) in paragraph at lines 864--864
[][] 
 []


Overfull \hbox (4.26732pt too wide) in paragraph at lines 864--864
[][] 
 []


Overfull \hbox (3.78441pt too wide) in paragraph at lines 876--876
[][] 
 []


Overfull \hbox (3.96068pt too wide) in paragraph at lines 876--876
[][] 
 []


Overfull \hbox (4.19017pt too wide) in paragraph at lines 876--876
[][] 
 []


Overfull \hbox (4.26732pt too wide) in paragraph at lines 876--876
[][] 
 []

Output from handle ans going to ans/ansC2B3-ds.tex
\openout8 = `ans/ansC2B3-ds.tex'.


pdfTeX warning (ext4): destination with the same identifier (name{ex.1}) has been already used, duplicate ignored
<to be read again> 
                   \relax 
l.904 	C
        ho bất phương trình $2x-y<3$. \quad(1)
Overfull \hbox (1.18027pt too wide) in paragraph at lines 910--910
 []|\T5/cmr/bx/n/10 ^^^| 
 []


Overfull \hbox (1.27747pt too wide) in paragraph at lines 910--910
[]\T5/cmr/bx/n/10 a) 
 []


Overfull \hbox (2.07588pt too wide) in paragraph at lines 910--910
[]\T5/cmr/bx/n/10 b) 
 []


Overfull \hbox (0.79842pt too wide) in paragraph at lines 910--910
[]\T5/cmr/bx/n/10 c) 
 []


Overfull \hbox (2.07588pt too wide) in paragraph at lines 910--910
[]\T5/cmr/bx/n/10 d) 
 []


pdfTeX warning (ext4): destination with the same identifier (name{ex.2}) has been already used, duplicate ignored
<to be read again> 
                   \relax 
l.921 	C
        ho bất phương trình $ax+by+4\ge 0$ có miền nghiệm là ph�...
Overfull \hbox (1.18027pt too wide) in paragraph at lines 938--938
 []|\T5/cmr/bx/n/10 ^^^| 
 []


Overfull \hbox (1.27747pt too wide) in paragraph at lines 938--938
[]\T5/cmr/bx/n/10 a) 
 []


Overfull \hbox (2.07588pt too wide) in paragraph at lines 938--938
[]\T5/cmr/bx/n/10 b) 
 []


Overfull \hbox (0.79842pt too wide) in paragraph at lines 938--938
[]\T5/cmr/bx/n/10 c) 
 []


Overfull \hbox (2.07588pt too wide) in paragraph at lines 938--938
[]\T5/cmr/bx/n/10 d) 
 []

[7] [8]
pdfTeX warning (ext4): destination with the same identifier (name{ex.3}) has been already used, duplicate ignored
<to be read again> 
                   \relax 
l.956 	M
        ột cửa hàng dành tối đa $10$ triệu đồng để nhập $...
Overfull \hbox (1.18027pt too wide) in paragraph at lines 962--962
 []|\T5/cmr/bx/n/10 ^^^| 
 []


Overfull \hbox (1.27747pt too wide) in paragraph at lines 962--962
[]\T5/cmr/bx/n/10 a) 
 []


Overfull \hbox (2.07588pt too wide) in paragraph at lines 962--962
[]\T5/cmr/bx/n/10 b) 
 []


Overfull \hbox (0.79842pt too wide) in paragraph at lines 962--962
[]\T5/cmr/bx/n/10 c) 
 []


Overfull \hbox (2.07588pt too wide) in paragraph at lines 962--962
[]\T5/cmr/bx/n/10 d) 
 []


pdfTeX warning (ext4): destination with the same identifier (name{ex.4}) has been already used, duplicate ignored
<to be read again> 
                   \relax 
l.978 	M
        ột gia đình cần ít nhất $900$ đơn vị protein và $400$ ...
Overfull \hbox (1.18027pt too wide) in paragraph at lines 984--984
 []|\T5/cmr/bx/n/10 ^^^| 
 []


Overfull \hbox (1.27747pt too wide) in paragraph at lines 984--984
[]\T5/cmr/bx/n/10 a) 
 []


Overfull \hbox (2.07588pt too wide) in paragraph at lines 984--984
[]\T5/cmr/bx/n/10 b) 
 []


Overfull \hbox (0.79842pt too wide) in paragraph at lines 984--984
[]\T5/cmr/bx/n/10 c) 
 []


Overfull \hbox (2.07588pt too wide) in paragraph at lines 984--984
[]\T5/cmr/bx/n/10 d) 
 []

Output from handle ans going to ans/ansC2B3-tln.tex
\openout8 = `ans/ansC2B3-tln.tex'.


pdfTeX warning (ext4): destination with the same identifier (name{ex.1}) has been already used, duplicate ignored
<to be read again> 
                   \relax 
l.1052 	}
         
pdfTeX warning (ext4): destination with the same identifier (name{ex.2}) has been already used, duplicate ignored
<to be read again> 
                   \relax 
l.1063 	C
         ho bất phương trình $2x-(m+2)y+m\le 0$. Có bao nhiêu giá tr...
pdfTeX warning (ext4): destination with the same identifier (name{ex.3}) has been already used, duplicate ignored
<to be read again> 
                   \relax 
l.1072 	B
         ạn Lan mang $120\,000$ đồng đi nhà sách để mua một s�...
pdfTeX warning (ext4): destination with the same identifier (name{ex.4}) has been already used, duplicate ignored
<to be read again> 
                   \relax 
l.1083 	B
         ạn Nam tiết kiệm được $450$ nghìn đồng. Trong đợt ...
pdfTeX warning (ext4): destination with the same identifier (name{ex.5}) has been already used, duplicate ignored
<to be read again> 
                   \relax 
l.1093 	M
         ột đội sản xuất cần $3$ giờ để làm xong sản ph�... [9]
Overfull \hbox (6.19595pt too wide) in paragraph at lines 1105--1118
 [] 
 []

) (data/10/0D2/0-KNTT-C2B4-X.tex [10]

Package hyperref Warning: Token not allowed in a PDF string (Unicode):
(hyperref)                removing `\char' on input line 27.


Package hyperref Warning: Token not allowed in a PDF string (Unicode):
(hyperref)                removing `\leavevmode@ifvmode' on input line 27.


Package hyperref Warning: Token not allowed in a PDF string (Unicode):
(hyperref)                \kern 1.66702pt
(hyperref)                removed on input line 27.


Package hyperref Warning: Token not allowed in a PDF string (Unicode):
(hyperref)                removing `\leavevmode@ifvmode' on input line 27.


Package hyperref Warning: Token not allowed in a PDF string (Unicode):
(hyperref)                \kern 1.66702pt
(hyperref)                removed on input line 27.


pdfTeX warning (ext4): destination with the same identifier (name{vd.1}) has been already used, duplicate ignored
<to be read again> 
                   \relax 
l.34 	C
       ho hệ bất phương trình sau $\heva{&4x+5y+20>0\\&y\le 0\\&x-3y-...
pdfTeX warning (ext4): destination with the same identifier (name{vd.2}) has been already used, duplicate ignored
<to be read again> 
                   \relax 
l.48 	X
       ét các hệ sau. Hãy cho biết hệ nào là hệ bất phương ... [11]
pdfTeX warning (ext4): destination with the same identifier (name{vd.3}) has been already used, duplicate ignored
<to be read again> 
                   \relax 
l.67 	X
       ét các cặp số $(4;-1)$, $(-2;-3)$ và $(3;2)$. Trong các cặp...

Package hyperref Warning: Token not allowed in a PDF string (Unicode):
(hyperref)                removing `\char' on input line 78.


Package hyperref Warning: Token not allowed in a PDF string (Unicode):
(hyperref)                removing `\leavevmode@ifvmode' on input line 78.


Package hyperref Warning: Token not allowed in a PDF string (Unicode):
(hyperref)                \kern 1.66702pt
(hyperref)                removed on input line 78.


Package hyperref Warning: Token not allowed in a PDF string (Unicode):
(hyperref)                removing `\leavevmode@ifvmode' on input line 78.


Package hyperref Warning: Token not allowed in a PDF string (Unicode):
(hyperref)                \kern 1.66702pt
(hyperref)                removed on input line 78.


pdfTeX warning (ext4): destination with the same identifier (name{vd.1}) has been already used, duplicate ignored
<to be read again> 
                   \relax 
l.111 	}
        	
pdfTeX warning (ext4): destination with the same identifier (name{vd.2}) has been already used, duplicate ignored
<to be read again> 
                   \relax 
l.122 	B
        iểu diễn hình học tập nghiệm của hệ bất phương tr...
pdfTeX warning (ext4): destination with the same identifier (name{vd.3}) has been already used, duplicate ignored
<to be read again> 
                   \relax 
l.164 	B
        iểu diễn miền nghiệm của hệ bất phương trình $\heva... [12]

Package hyperref Warning: Token not allowed in a PDF string (Unicode):
(hyperref)                removing `\char' on input line 192.


Package hyperref Warning: Token not allowed in a PDF string (Unicode):
(hyperref)                removing `\leavevmode@ifvmode' on input line 192.


Package hyperref Warning: Token not allowed in a PDF string (Unicode):
(hyperref)                \kern 1.66702pt
(hyperref)                removed on input line 192.


Package hyperref Warning: Token not allowed in a PDF string (Unicode):
(hyperref)                removing `\leavevmode@ifvmode' on input line 192.


Package hyperref Warning: Token not allowed in a PDF string (Unicode):
(hyperref)                \kern 1.66702pt
(hyperref)                removed on input line 192.


pdfTeX warning (ext4): destination with the same identifier (name{vd.1}) has been already used, duplicate ignored
<to be read again> 
                   \relax 
l.200 	M
        ột trang trại cần thuê xe để vận chuyển một lúc $12...
pdfTeX warning (ext4): destination with the same identifier (name{vd.2}) has been already used, duplicate ignored
<to be read again> 
                   \relax 
l.210 	M
        ột cửa hàng dự định kinh doanh hai loại máy điều hò...
pdfTeX warning (ext4): destination with the same identifier (name{vd.3}) has been already used, duplicate ignored
<to be read again> 
                   \relax 
l.219 	M
        ột người bán nước giải khát đang có $9$ lít nước, ... [13]
pdfTeX warning (ext4): destination with the same identifier (name{bt.1}) has been already used, duplicate ignored
<to be read again> 
                   \relax 
l.271 	T
        rong mặt phẳng tọa độ $Oxy$, xét hệ bất phương trìn...
pdfTeX warning (ext4): destination with the same identifier (name{bt.2}) has been already used, duplicate ignored
<to be read again> 
                   \relax 
l.311 	}
        
pdfTeX warning (ext4): destination with the same identifier (name{bt.3}) has been already used, duplicate ignored
<to be read again> 
                   \relax 
l.323 	B
        ác Ngọc thực hiện chế độ ăn kiêng với yêu cầu m�...
pdfTeX warning (ext4): destination with the same identifier (name{bt.4}) has been already used, duplicate ignored
<to be read again> 
                   \relax 
l.363 	}
        
pdfTeX warning (ext4): destination with the same identifier (name{bt.5}) has been already used, duplicate ignored
<to be read again> 
                   \relax 
l.371 	N
        gười ta dự định dùng hai loại nguyên liệu để chiế...
pdfTeX warning (ext4): destination with the same identifier (name{bt.6}) has been already used, duplicate ignored
<to be read again> 
                   \relax 
l.422 	M
        ột xưởng mộc có hai thợ là Chiến và Thắng. Xưởng ... [14]
Output from handle ans going to ans/ans-c2b4-lc.tex
\openout8 = `ans/ans-c2b4-lc.tex'.


pdfTeX warning (ext4): destination with the same identifier (name{ex.1}) has been already used, duplicate ignored
<to be read again> 
                   \relax 
l.474 	C
        ặp số nào là một nghiệm của hệ bất phương trình $...
Overfull \hbox (3.78441pt too wide) in paragraph at lines 480--480
[][] 
 []


Overfull \hbox (3.96068pt too wide) in paragraph at lines 480--480
[][] 
 []


Overfull \hbox (4.19017pt too wide) in paragraph at lines 480--480
[][] 
 []


Overfull \hbox (4.26732pt too wide) in paragraph at lines 480--480
[][] 
 []


pdfTeX warning (ext4): destination with the same identifier (name{ex.2}) has been already used, duplicate ignored
<to be read again> 
                   \relax 
l.485 	H
        ệ bất phương trình $\heva{&5x - 3(y - x + 5) > 0 \\ &3x - 3(y...
Overfull \hbox (3.78441pt too wide) in paragraph at lines 491--491
[][] 
 []


Overfull \hbox (3.96068pt too wide) in paragraph at lines 491--491
[][] 
 []


Overfull \hbox (4.19017pt too wide) in paragraph at lines 491--491
[][] 
 []


Overfull \hbox (4.26732pt too wide) in paragraph at lines 491--491
[][] 
 []


pdfTeX warning (ext4): destination with the same identifier (name{ex.3}) has been already used, duplicate ignored
<to be read again> 
                   \relax 
l.497 	H
        ệ bất phương trình nào sau đây là hệ bất phương tr�...
Overfull \hbox (3.78441pt too wide) in paragraph at lines 503--503
[][] 
 []


Overfull \hbox (3.96068pt too wide) in paragraph at lines 503--503
[][] 
 []


Overfull \hbox (4.19017pt too wide) in paragraph at lines 503--503
[][] 
 []


Overfull \hbox (4.26732pt too wide) in paragraph at lines 503--503
[][] 
 []


pdfTeX warning (ext4): destination with the same identifier (name{ex.4}) has been already used, duplicate ignored
<to be read again> 
                   \relax 
l.508 	Đ
         iểm nào dưới đây \textbf{không} thuộc miền nghiệm c�...
Overfull \hbox (15.60416pt too wide) in paragraph at lines 508--514
[][]\T5/cmr/m/n/10 ^^^i�m n�o d��i ^^_�y \T5/cmr/bx/n/10 kh�ng \T5/cmr/m/n/10 thu�c mi�n nghi�m c�a h� b�t ph��ng tr�nh $[]$? 
 []


Overfull \hbox (3.78441pt too wide) in paragraph at lines 514--514
[][] 
 []


Overfull \hbox (3.96068pt too wide) in paragraph at lines 514--514
[][] 
 []


Overfull \hbox (4.19017pt too wide) in paragraph at lines 514--514
[][] 
 []


Overfull \hbox (4.26732pt too wide) in paragraph at lines 514--514
[][] 
 []


pdfTeX warning (ext4): destination with the same identifier (name{ex.5}) has been already used, duplicate ignored
<to be read again> 
                   \relax 
l.542 	}
        
Overfull \hbox (3.78441pt too wide) in paragraph at lines 542--542
[][] 
 []


Overfull \hbox (3.96068pt too wide) in paragraph at lines 542--542
[][] 
 []


Overfull \hbox (4.19017pt too wide) in paragraph at lines 542--542
[][] 
 []


Overfull \hbox (4.26732pt too wide) in paragraph at lines 542--542
[][] 
 []


Overfull \hbox (3.78441pt too wide) in paragraph at lines 542--542
[][] 
 []


Overfull \hbox (3.96068pt too wide) in paragraph at lines 542--542
[][] 
 []


Overfull \hbox (4.19017pt too wide) in paragraph at lines 542--542
[][] 
 []


Overfull \hbox (4.26732pt too wide) in paragraph at lines 542--542
[][] 
 []


pdfTeX warning (ext4): destination with the same identifier (name{ex.6}) has been already used, duplicate ignored
<to be read again> 
                   \relax 
l.548 	T
        rong các hệ sau đây, có bao nhiêu hệ bất phương trình ...
Overfull \hbox (3.78441pt too wide) in paragraph at lines 560--560
[][] 
 []


Overfull \hbox (3.96068pt too wide) in paragraph at lines 560--560
[][] 
 []


Overfull \hbox (4.19017pt too wide) in paragraph at lines 560--560
[][] 
 []


Overfull \hbox (4.26732pt too wide) in paragraph at lines 560--560
[][] 
 []


Overfull \hbox (3.78441pt too wide) in paragraph at lines 572--572
[][] 
 []


Overfull \hbox (3.96068pt too wide) in paragraph at lines 572--572
[][] 
 []


Overfull \hbox (4.19017pt too wide) in paragraph at lines 572--572
[][] 
 []


Overfull \hbox (4.26732pt too wide) in paragraph at lines 572--572
[][] 
 []


Overfull \hbox (3.78441pt too wide) in paragraph at lines 666--666
[][] 
 []


Overfull \hbox (3.96068pt too wide) in paragraph at lines 666--666
[][] 
 []

[15]
Overfull \hbox (4.19017pt too wide) in paragraph at lines 666--666
[][] 
 []


Overfull \hbox (4.26732pt too wide) in paragraph at lines 666--666
[][] 
 []


pdfTeX warning (ext4): destination with the same identifier (name{ex.9}) has been already used, duplicate ignored
<to be read again> 
                   \relax 
l.718 	}
        
Overfull \hbox (3.78441pt too wide) in paragraph at lines 718--718
[][] 
 []


Overfull \hbox (3.96068pt too wide) in paragraph at lines 718--718
[][] 
 []


Overfull \hbox (4.19017pt too wide) in paragraph at lines 718--718
[][] 
 []


Overfull \hbox (4.26732pt too wide) in paragraph at lines 718--718
[][] 
 []


Overfull \hbox (3.78441pt too wide) in paragraph at lines 718--718
[][] 
 []


Overfull \hbox (3.96068pt too wide) in paragraph at lines 718--718
[][] 
 []


Overfull \hbox (4.19017pt too wide) in paragraph at lines 718--718
[][] 
 []


Overfull \hbox (4.26732pt too wide) in paragraph at lines 718--718
[][] 
 []


pdfTeX warning (ext4): destination with the same identifier (name{ex.10}) has been already used, duplicate ignored
<to be read again> 
                   \relax 
l.747 	\end{tikzpicture}}
                         
Overfull \hbox (3.78441pt too wide) in paragraph at lines 747--747
[][] 
 []


Overfull \hbox (3.96068pt too wide) in paragraph at lines 747--747
[][] 
 []


Overfull \hbox (4.19017pt too wide) in paragraph at lines 747--747
[][] 
 []


Overfull \hbox (4.26732pt too wide) in paragraph at lines 747--747
[][] 
 []


Overfull \hbox (3.78441pt too wide) in paragraph at lines 747--747
[][] 
 []


Overfull \hbox (3.96068pt too wide) in paragraph at lines 747--747
[][] 
 []


Overfull \hbox (4.19017pt too wide) in paragraph at lines 747--747
[][] 
 []


Overfull \hbox (4.26732pt too wide) in paragraph at lines 747--747
[][] 
 []


pdfTeX warning (ext4): destination with the same identifier (name{ex.11}) has been already used, duplicate ignored
<to be read again> 
                   \relax 
l.760 	M
        ột gia đình cần ít nhất $2{,}3$\,kg protein và $1{,}2$\,kg...
Overfull \hbox (3.78441pt too wide) in paragraph at lines 766--766
[][] 
 []


Overfull \hbox (3.96068pt too wide) in paragraph at lines 766--766
[][] 
 []


Overfull \hbox (4.19017pt too wide) in paragraph at lines 766--766
[][] 
 []


Overfull \hbox (4.26732pt too wide) in paragraph at lines 766--766
[][] 
 []


pdfTeX warning (ext4): destination with the same identifier (name{ex.12}) has been already used, duplicate ignored
<to be read again> 
                   \relax 
l.774 	B
        ác An dự định để $x$ sào đất trồng cà tím và $y$ s...
Overfull \hbox (3.78441pt too wide) in paragraph at lines 780--780
[][] 
 []


Overfull \hbox (3.96068pt too wide) in paragraph at lines 780--780
[][] 
 []


Overfull \hbox (4.19017pt too wide) in paragraph at lines 780--780
[][] 
 []


Overfull \hbox (4.26732pt too wide) in paragraph at lines 780--780
[][] 
 []

Output from handle ans going to ans/ans-c2b4-ds.tex
\openout8 = `ans/ans-c2b4-ds.tex'.

[16]
pdfTeX warning (ext4): destination with the same identifier (name{ex.1}) has been already used, duplicate ignored
<to be read again> 
                   \relax 
l.793 	C
        ho hệ bất phương trình $\heva{&2x+5y \geq 10\\ &4x+5y \leq 20...
Overfull \hbox (1.18027pt too wide) in paragraph at lines 799--799
 []|\T5/cmr/bx/n/10 ^^^| 
 []


Overfull \hbox (1.27747pt too wide) in paragraph at lines 799--799
[]\T5/cmr/bx/n/10 a) 
 []


Overfull \hbox (2.07588pt too wide) in paragraph at lines 799--799
[]\T5/cmr/bx/n/10 b) 
 []


Overfull \hbox (0.79842pt too wide) in paragraph at lines 799--799
[]\T5/cmr/bx/n/10 c) 
 []


Overfull \hbox (2.07588pt too wide) in paragraph at lines 799--799
[]\T5/cmr/bx/n/10 d) 
 []


pdfTeX warning (ext4): destination with the same identifier (name{ex.2}) has been already used, duplicate ignored
<to be read again> 
                   \relax 
l.854 	}
        
Overfull \hbox (1.18027pt too wide) in paragraph at lines 854--854
 []|\T5/cmr/bx/n/10 ^^^| 
 []


Overfull \hbox (1.27747pt too wide) in paragraph at lines 854--854
[]\T5/cmr/bx/n/10 a) 
 []


Overfull \hbox (2.07588pt too wide) in paragraph at lines 854--854
[]\T5/cmr/bx/n/10 b) 
 []


Overfull \hbox (0.79842pt too wide) in paragraph at lines 854--854
[]\T5/cmr/bx/n/10 c) 
 []


Overfull \hbox (2.07588pt too wide) in paragraph at lines 854--854
[]\T5/cmr/bx/n/10 d) 
 []


Overfull \hbox (1.18027pt too wide) in paragraph at lines 854--854
 []|\T5/cmr/bx/n/10 ^^^| 
 []


Overfull \hbox (1.27747pt too wide) in paragraph at lines 854--854
[]\T5/cmr/bx/n/10 a) 
 []


Overfull \hbox (2.07588pt too wide) in paragraph at lines 854--854
[]\T5/cmr/bx/n/10 b) 
 []


Overfull \hbox (0.79842pt too wide) in paragraph at lines 854--854
[]\T5/cmr/bx/n/10 c) 
 []


Overfull \hbox (2.07588pt too wide) in paragraph at lines 854--854
[]\T5/cmr/bx/n/10 d) 
 []


Underfull \hbox (badness 3668) in paragraph at lines 854--854
\T5/cmr/m/n/10 di�n mi�n nghi�m c�a h� b�t
 []


pdfTeX warning (ext4): destination with the same identifier (name{ex.3}) has been already used, duplicate ignored
<to be read again> 
                   \relax 
l.865 	N
        goài giờ học, bạn Minh làm thêm việc phụ bán phở đ�...
Overfull \hbox (1.18027pt too wide) in paragraph at lines 871--871
 []|\T5/cmr/bx/n/10 ^^^| 
 []


Overfull \hbox (1.27747pt too wide) in paragraph at lines 871--871
[]\T5/cmr/bx/n/10 a) 
 []


Overfull \hbox (2.07588pt too wide) in paragraph at lines 871--871
[]\T5/cmr/bx/n/10 b) 
 []


Overfull \hbox (0.79842pt too wide) in paragraph at lines 871--871
[]\T5/cmr/bx/n/10 c) 
 []


Overfull \hbox (2.07588pt too wide) in paragraph at lines 871--871
[]\T5/cmr/bx/n/10 d) 
 []


pdfTeX warning (ext4): destination with the same identifier (name{ex.4}) has been already used, duplicate ignored
<to be read again> 
                   \relax 
l.885 	T
        rong một cuộc thi pha chế, mỗi đội chơi được sử d�...
Overfull \hbox (1.18027pt too wide) in paragraph at lines 892--892
 []|\T5/cmr/bx/n/10 ^^^| 
 []


Overfull \hbox (1.27747pt too wide) in paragraph at lines 892--892
[]\T5/cmr/bx/n/10 a) 
 []


Overfull \hbox (2.07588pt too wide) in paragraph at lines 892--892
[]\T5/cmr/bx/n/10 b) 
 []


Overfull \hbox (0.79842pt too wide) in paragraph at lines 892--892
[]\T5/cmr/bx/n/10 c) 
 []


Overfull \hbox (2.07588pt too wide) in paragraph at lines 892--892
[]\T5/cmr/bx/n/10 d) 
 []

[17]
Output from handle ans going to ans/ans-c2b4-kq.tex
\openout8 = `ans/ans-c2b4-kq.tex'.


pdfTeX warning (ext4): destination with the same identifier (name{ex.1}) has been already used, duplicate ignored
<to be read again> 
                   \relax 
l.945 	C
        ho hệ bất phương trình $\heva{&x+y-m \geq 0\\&3x+y+2m \geq 0}...
pdfTeX warning (ext4): destination with the same identifier (name{ex.2}) has been already used, duplicate ignored
<to be read again> 
                   \relax 
l.985 	}
        
pdfTeX warning (ext4): destination with the same identifier (name{ex.3}) has been already used, duplicate ignored
<to be read again> 
                   \relax 
l.996 	T
        ính diện tích miền nghiệm của hệ bất phương trình $...
pdfTeX warning (ext4): destination with the same identifier (name{ex.4}) has been already used, duplicate ignored
<to be read again> 
                   \relax 
l.1021 	M
         ột hộ nông dân dự định trồng đậu và cà trên di�...
pdfTeX warning (ext4): destination with the same identifier (name{ex.5}) has been already used, duplicate ignored
<to be read again> 
                   \relax 
l.1065 	M
         ỗi phân xưởng cần sản xuất ra hai loại sản phẩm. ...
pdfTeX warning (ext4): destination with the same identifier (name{ex.6}) has been already used, duplicate ignored
<to be read again> 
                   \relax 
l.1131 	M
         ột công ty sản xuất hai mẫu máy chạy bộ trong nhà. T...) (data/10/0H3/0-KNTT-C3B5-X.tex [18]
LaTeX Font Info:    Calculating math sizes for size <16> on input line 6.


LaTeX Font Warning: Font shape `OT1/cmr/m/n' in size <16> not available
(Font)              size <17.28> substituted on input line 6.


LaTeX Font Warning: Font shape `OML/cmm/m/it' in size <16> not available
(Font)              size <17.28> substituted on input line 6.


LaTeX Font Warning: Font shape `OMS/cmsy/m/n' in size <16> not available
(Font)              size <17.28> substituted on input line 6.


LaTeX Font Warning: Font shape `U/rsfs/m/n' in size <16> not available
(Font)              size <17.28> substituted on input line 6.


LaTeX Font Warning: Font shape `OT1/cmr/bx/n' in size <16> not available
(Font)              size <17.28> substituted on input line 6.


LaTeX Font Warning: Font shape `OML/cmm/b/it' in size <16> not available
(Font)              size <17.28> substituted on input line 6.


LaTeX Font Warning: Font shape `OMS/cmsy/b/n' in size <16> not available
(Font)              size <17.28> substituted on input line 6.


LaTeX Font Warning: Font shape `U/esvect/m/n' in size <16> not available
(Font)              size <17.28> substituted on input line 6.


Package hyperref Warning: Token not allowed in a PDF string (Unicode):
(hyperref)                removing `math shift' on input line 6.


Package hyperref Warning: Token not allowed in a PDF string (Unicode):
(hyperref)                removing `superscript' on input line 6.


Package hyperref Warning: Token not allowed in a PDF string (Unicode):
(hyperref)                removing `\circ' on input line 6.


Package hyperref Warning: Token not allowed in a PDF string (Unicode):
(hyperref)                removing `math shift' on input line 6.


Package hyperref Warning: Token not allowed in a PDF string (Unicode):
(hyperref)                removing `math shift' on input line 6.


Package hyperref Warning: Token not allowed in a PDF string (Unicode):
(hyperref)                removing `superscript' on input line 6.


Package hyperref Warning: Token not allowed in a PDF string (Unicode):
(hyperref)                removing `\circ' on input line 6.


Package hyperref Warning: Token not allowed in a PDF string (Unicode):
(hyperref)                removing `math shift' on input line 6.


Underfull \hbox (badness 10000) in paragraph at lines 9--10

 []


Package hyperref Warning: Token not allowed in a PDF string (Unicode):
(hyperref)                removing `\char' on input line 86.


Package hyperref Warning: Token not allowed in a PDF string (Unicode):
(hyperref)                removing `\leavevmode@ifvmode' on input line 86.


Package hyperref Warning: Token not allowed in a PDF string (Unicode):
(hyperref)                \kern 1.66702pt
(hyperref)                removed on input line 86.


Package hyperref Warning: Token not allowed in a PDF string (Unicode):
(hyperref)                removing `\leavevmode@ifvmode' on input line 86.


Package hyperref Warning: Token not allowed in a PDF string (Unicode):
(hyperref)                \kern 1.66702pt
(hyperref)                removed on input line 86.

[19]
pdfTeX warning (ext4): destination with the same identifier (name{vd.1}) has been already used, duplicate ignored
<to be read again> 
                   \relax 
l.93 	T
       ính các giá trị lượng giác của các góc $0^\circ $, $90^\...
pdfTeX warning (ext4): destination with the same identifier (name{vd.2}) has been already used, duplicate ignored
<to be read again> 
                   \relax 
l.125 	T
        ìm các giá trị lượng giác của góc $135^\circ$.
pdfTeX warning (ext4): destination with the same identifier (name{vd.3}) has been already used, duplicate ignored
<to be read again> 
                   \relax 
l.188 	}
        
pdfTeX warning (ext4): destination with the same identifier (name{vd.4}) has been already used, duplicate ignored
<to be read again> 
                   \relax 
l.218 	}
        
Overfull \hbox (3.78441pt too wide) in paragraph at lines 245--245
[][] 
 []


Overfull \hbox (3.96068pt too wide) in paragraph at lines 245--245
[][] 
 []


Overfull \hbox (4.19017pt too wide) in paragraph at lines 245--245
[][] 
 []


Overfull \hbox (4.26732pt too wide) in paragraph at lines 245--245
[][] 
 []


Package hyperref Warning: Token not allowed in a PDF string (Unicode):
(hyperref)                removing `\char' on input line 269.


Package hyperref Warning: Token not allowed in a PDF string (Unicode):
(hyperref)                removing `\leavevmode@ifvmode' on input line 269.


Package hyperref Warning: Token not allowed in a PDF string (Unicode):
(hyperref)                \kern 1.66702pt
(hyperref)                removed on input line 269.


Package hyperref Warning: Token not allowed in a PDF string (Unicode):
(hyperref)                removing `\leavevmode@ifvmode' on input line 269.


Package hyperref Warning: Token not allowed in a PDF string (Unicode):
(hyperref)                \kern 1.66702pt
(hyperref)                removed on input line 269.


pdfTeX warning (ext4): destination with the same identifier (name{vd.1}) has been already used, duplicate ignored
<to be read again> 
                   \relax 
l.276 	T
        ính $A=a\cos60^{\circ}+2a\tan45^{\circ}-3a\sin30^{\circ}$.
pdfTeX warning (ext4): destination with the same identifier (name{vd.2}) has been already used, duplicate ignored
<to be read again> 
                   \relax 
l.284 	C
        ho $x=30^{\circ}$. Tính $A=\sin 2x-3\cos x$.
pdfTeX warning (ext4): destination with the same identifier (name{vd.3}) has been already used, duplicate ignored
<to be read again> 
                   \relax 
l.291 	C
        ho góc $\alpha$ thỏa mãn $\cos \alpha=\dfrac{1}{3}$. Giá trị ... [20]
pdfTeX warning (ext4): destination with the same identifier (name{vd.4}) has been already used, duplicate ignored
<to be read again> 
                   \relax 
l.299 	C
        ho biết $\sin \dfrac{\alpha}{3}=\dfrac{3}{5}$. Giá trị của $P...
pdfTeX warning (ext4): destination with the same identifier (name{vd.5}) has been already used, duplicate ignored
<to be read again> 
                   \relax 
l.306 	C
        ho $\tan \alpha=2$. Giá trị của $A=\dfrac{3 \sin \alpha+\cos \a...
pdfTeX warning (ext4): destination with the same identifier (name{vd.6}) has been already used, duplicate ignored
<to be read again> 
                   \relax 
l.312 	C
        ho $\cos x=\dfrac{1}{3}$. Tính giá trị biểu thức $P=4\sin^2 ...
pdfTeX warning (ext4): destination with the same identifier (name{vd.7}) has been already used, duplicate ignored
<to be read again> 
                   \relax 
l.318 	C
        ho $\tan x=2$. Tính $A=\dfrac{3\sin x+\cos x}{\sin x-\cos x}$.

Package hyperref Warning: Token not allowed in a PDF string (Unicode):
(hyperref)                removing `\char' on input line 323.


Package hyperref Warning: Token not allowed in a PDF string (Unicode):
(hyperref)                removing `\leavevmode@ifvmode' on input line 323.


Package hyperref Warning: Token not allowed in a PDF string (Unicode):
(hyperref)                \kern 1.66702pt
(hyperref)                removed on input line 323.


Package hyperref Warning: Token not allowed in a PDF string (Unicode):
(hyperref)                removing `\leavevmode@ifvmode' on input line 323.


Package hyperref Warning: Token not allowed in a PDF string (Unicode):
(hyperref)                \kern 1.66702pt
(hyperref)                removed on input line 323.


pdfTeX warning (ext4): destination with the same identifier (name{vd.1}) has been already used, duplicate ignored
<to be read again> 
                   \relax 
l.328 	C
        ho $\heva{&a=\sin x\\&b=\cos x\sin x\\&c=\cos x\cos y}$. Chứng min...
pdfTeX warning (ext4): destination with the same identifier (name{vd.2}) has been already used, duplicate ignored
<to be read again> 
                   \relax 
l.339 	C
        hứng minh các đẳng thức sau:
Output from handle ans going to ans/ansc3b5nlc.tex
\openout8 = `ans/ansc3b5nlc.tex'.


pdfTeX warning (ext4): destination with the same identifier (name{ex.1}) has been already used, duplicate ignored
<to be read again> 
                   \relax 
l.392 	}
        
Overfull \hbox (3.78441pt too wide) in paragraph at lines 392--392
[][] 
 []


Overfull \hbox (3.96068pt too wide) in paragraph at lines 392--392
[][] 
 []


Overfull \hbox (4.19017pt too wide) in paragraph at lines 392--392
[][] 
 []


Overfull \hbox (4.26732pt too wide) in paragraph at lines 392--392
[][] 
 []


pdfTeX warning (ext4): destination with the same identifier (name{ex.2}) has been already used, duplicate ignored
<to be read again> 
                   \relax 
l.426 	}
        
Overfull \hbox (3.78441pt too wide) in paragraph at lines 426--426
[][] 
 []


Overfull \hbox (3.96068pt too wide) in paragraph at lines 426--426
[][] 
 []


Overfull \hbox (4.19017pt too wide) in paragraph at lines 426--426
[][] 
 []


Overfull \hbox (4.26732pt too wide) in paragraph at lines 426--426
[][] 
 []


pdfTeX warning (ext4): destination with the same identifier (name{ex.3}) has been already used, duplicate ignored
<to be read again> 
                   \relax 
l.433 	C
        ho góc $\widehat{xOM}=\alpha$ với điểm $M\left(\dfrac{1}{3}; \...
Overfull \hbox (3.78441pt too wide) in paragraph at lines 440--440
[][] 
 []


Overfull \hbox (3.96068pt too wide) in paragraph at lines 440--440
[][] 
 []


Overfull \hbox (4.19017pt too wide) in paragraph at lines 440--440
[][] 
 []


Overfull \hbox (4.26732pt too wide) in paragraph at lines 440--440
[][] 
 []


pdfTeX warning (ext4): destination with the same identifier (name{ex.4}) has been already used, duplicate ignored
<to be read again> 
                   \relax 
l.449 	C
        ho góc $\widehat{xOM}=\alpha$ với điểm $M\left(\dfrac{1}{3}; \...
Overfull \hbox (3.78441pt too wide) in paragraph at lines 456--456
[][] 
 []


Overfull \hbox (3.96068pt too wide) in paragraph at lines 456--456
[][] 
 []


Overfull \hbox (4.19017pt too wide) in paragraph at lines 456--456
[][] 
 []


Overfull \hbox (4.26732pt too wide) in paragraph at lines 456--456
[][] 
 []


pdfTeX warning (ext4): destination with the same identifier (name{ex.5}) has been already used, duplicate ignored
<to be read again> 
                   \relax 
l.464 	C
        ho $0^{\circ}  < \alpha < 90^{\circ} $. Khẳng định nào sau đ�...
Overfull \hbox (3.78441pt too wide) in paragraph at lines 470--470
[][] 
 []


Overfull \hbox (3.96068pt too wide) in paragraph at lines 470--470
[][] 
 []


Overfull \hbox (4.19017pt too wide) in paragraph at lines 470--470
[][] 
 []


Overfull \hbox (4.26732pt too wide) in paragraph at lines 470--470
[][] 
 []

[21]
pdfTeX warning (ext4): destination with the same identifier (name{ex.6}) has been already used, duplicate ignored
<to be read again> 
                   \relax 
l.476 	T
        ính giá trị biểu thức $P=\sin 30^{\circ} \cos 60^{\circ}+\si...
Overfull \hbox (3.78441pt too wide) in paragraph at lines 482--482
[][] 
 []


Overfull \hbox (3.96068pt too wide) in paragraph at lines 482--482
[][] 
 []


Overfull \hbox (4.19017pt too wide) in paragraph at lines 482--482
[][] 
 []


Overfull \hbox (4.26732pt too wide) in paragraph at lines 482--482
[][] 
 []


pdfTeX warning (ext4): destination with the same identifier (name{ex.7}) has been already used, duplicate ignored
<to be read again> 
                   \relax 
l.488 	B
        iết $A$, $B$, $C$ là ba góc của tam giác $ABC$, mệnh đề ...
Overfull \hbox (3.78441pt too wide) in paragraph at lines 494--494
[][] 
 []


Overfull \hbox (3.96068pt too wide) in paragraph at lines 494--494
[][] 
 []


Overfull \hbox (4.19017pt too wide) in paragraph at lines 494--494
[][] 
 []


Overfull \hbox (4.26732pt too wide) in paragraph at lines 494--494
[][] 
 []


pdfTeX warning (ext4): destination with the same identifier (name{ex.8}) has been already used, duplicate ignored
<to be read again> 
                   \relax 
l.504 	C
        ho $\alpha$ là góc tù. Điều khẳng định nào sau đây là...
Overfull \hbox (3.78441pt too wide) in paragraph at lines 510--510
[][] 
 []


Overfull \hbox (3.96068pt too wide) in paragraph at lines 510--510
[][] 
 []


Overfull \hbox (4.19017pt too wide) in paragraph at lines 510--510
[][] 
 []


Overfull \hbox (4.26732pt too wide) in paragraph at lines 510--510
[][] 
 []


pdfTeX warning (ext4): destination with the same identifier (name{ex.9}) has been already used, duplicate ignored
<to be read again> 
                   \relax 
l.515 	T
        rong các đẳng thức sau, đẳng thức nào đúng?
Overfull \hbox (3.78441pt too wide) in paragraph at lines 521--521
[][] 
 []


Overfull \hbox (3.96068pt too wide) in paragraph at lines 521--521
[][] 
 []


Overfull \hbox (4.19017pt too wide) in paragraph at lines 521--521
[][] 
 []


Overfull \hbox (4.26732pt too wide) in paragraph at lines 521--521
[][] 
 []


pdfTeX warning (ext4): destination with the same identifier (name{ex.10}) has been already used, duplicate ignored
<to be read again> 
                   \relax 
l.526 	T
        am giác đều $ABC$ có đường cao $AH$. Khẳng định nào s...
Overfull \hbox (3.78441pt too wide) in paragraph at lines 534--534
[][] 
 []


Overfull \hbox (3.96068pt too wide) in paragraph at lines 534--534
[][] 
 []


Overfull \hbox (4.19017pt too wide) in paragraph at lines 534--534
[][] 
 []


Overfull \hbox (4.26732pt too wide) in paragraph at lines 534--534
[][] 
 []


pdfTeX warning (ext4): destination with the same identifier (name{ex.11}) has been already used, duplicate ignored
<to be read again> 
                   \relax 
l.541 	T
        am giác $ABC$ vuông ở $A$ có góc $\widehat{B}=30^{\circ}$. Kh�...
Overfull \hbox (3.78441pt too wide) in paragraph at lines 549--549
[][] 
 []


Overfull \hbox (3.96068pt too wide) in paragraph at lines 549--549
[][] 
 []


Overfull \hbox (4.19017pt too wide) in paragraph at lines 549--549
[][] 
 []


Overfull \hbox (4.26732pt too wide) in paragraph at lines 549--549
[][] 
 []


pdfTeX warning (ext4): destination with the same identifier (name{ex.12}) has been already used, duplicate ignored
<to be read again> 
                   \relax 
l.554 	T
        rong các đẳng thức sau đây đẳng thức nào là đúng?
Overfull \hbox (3.78441pt too wide) in paragraph at lines 562--562
[][] 
 []


Overfull \hbox (3.96068pt too wide) in paragraph at lines 562--562
[][] 
 []


Overfull \hbox (4.19017pt too wide) in paragraph at lines 562--562
[][] 
 []


Overfull \hbox (4.26732pt too wide) in paragraph at lines 562--562
[][] 
 []


Overfull \hbox (3.78441pt too wide) in paragraph at lines 576--576
[][] 
 []


Overfull \hbox (3.96068pt too wide) in paragraph at lines 576--576
[][] 
 []


Overfull \hbox (4.19017pt too wide) in paragraph at lines 576--576
[][] 
 []


Overfull \hbox (4.26732pt too wide) in paragraph at lines 576--576
[][] 
 []


Overfull \hbox (3.78441pt too wide) in paragraph at lines 589--589
[][] 
 []


Overfull \hbox (3.96068pt too wide) in paragraph at lines 589--589
[][] 
 []


Overfull \hbox (4.19017pt too wide) in paragraph at lines 589--589
[][] 
 []


Overfull \hbox (4.26732pt too wide) in paragraph at lines 589--589
[][] 
 []


Overfull \hbox (3.78441pt too wide) in paragraph at lines 604--604
[][] 
 []


Overfull \hbox (3.96068pt too wide) in paragraph at lines 604--604
[][] 
 []


Overfull \hbox (4.19017pt too wide) in paragraph at lines 604--604
[][] 
 []


Overfull \hbox (4.26732pt too wide) in paragraph at lines 604--604
[][] 
 []


Overfull \hbox (3.78441pt too wide) in paragraph at lines 616--616
[][] 
 []


Overfull \hbox (3.96068pt too wide) in paragraph at lines 616--616
[][] 
 []


Overfull \hbox (4.19017pt too wide) in paragraph at lines 616--616
[][] 
 []


Overfull \hbox (4.26732pt too wide) in paragraph at lines 616--616
[][] 
 []


Overfull \hbox (3.78441pt too wide) in paragraph at lines 626--626
[][] 
 []


Overfull \hbox (3.96068pt too wide) in paragraph at lines 626--626
[][] 
 []


Overfull \hbox (4.19017pt too wide) in paragraph at lines 626--626
[][] 
 []


Overfull \hbox (4.26732pt too wide) in paragraph at lines 626--626
[][] 
 []


Overfull \hbox (3.78441pt too wide) in paragraph at lines 636--636
[][] 
 []


Overfull \hbox (3.96068pt too wide) in paragraph at lines 636--636
[][] 
 []


Overfull \hbox (4.19017pt too wide) in paragraph at lines 636--636
[][] 
 []


Overfull \hbox (4.26732pt too wide) in paragraph at lines 636--636
[][] 
 []


Overfull \hbox (3.78441pt too wide) in paragraph at lines 646--646
[][] 
 []


Overfull \hbox (3.96068pt too wide) in paragraph at lines 646--646
[][] 
 []


Overfull \hbox (4.19017pt too wide) in paragraph at lines 646--646
[][] 
 []


Overfull \hbox (4.26732pt too wide) in paragraph at lines 646--646
[][] 
 []

Output from handle ans going to ans/ansc3b5ds.tex
\openout8 = `ans/ansc3b5ds.tex'.


pdfTeX warning (ext4): destination with the same identifier (name{ex.1}) has been already used, duplicate ignored
<to be read again> 
                   \relax 
l.655 	C
        ho góc $\alpha=\widehat{xOM}$ với điểm $M(x_0; y_0)$ trên n�...
Overfull \hbox (1.18027pt too wide) in paragraph at lines 661--661
 []|\T5/cmr/bx/n/10 ^^^| 
 []


Overfull \hbox (1.27747pt too wide) in paragraph at lines 661--661
[]\T5/cmr/bx/n/10 a) 
 []


Overfull \hbox (2.07588pt too wide) in paragraph at lines 661--661
[]\T5/cmr/bx/n/10 b) 
 []


Overfull \hbox (0.79842pt too wide) in paragraph at lines 661--661
[]\T5/cmr/bx/n/10 c) 
 []


Overfull \hbox (2.07588pt too wide) in paragraph at lines 661--661
[]\T5/cmr/bx/n/10 d) 
 []

[22]
pdfTeX warning (ext4): destination with the same identifier (name{ex.2}) has been already used, duplicate ignored
<to be read again> 
                   \relax 
l.674 	C
        ho $\cos \alpha=\dfrac{1}{3}$ và $0^\circ < \alpha < 90^\circ$.
Overfull \hbox (1.18027pt too wide) in paragraph at lines 680--680
 []|\T5/cmr/bx/n/10 ^^^| 
 []


Overfull \hbox (1.27747pt too wide) in paragraph at lines 680--680
[]\T5/cmr/bx/n/10 a) 
 []


Overfull \hbox (2.07588pt too wide) in paragraph at lines 680--680
[]\T5/cmr/bx/n/10 b) 
 []


Overfull \hbox (0.79842pt too wide) in paragraph at lines 680--680
[]\T5/cmr/bx/n/10 c) 
 []


Overfull \hbox (2.07588pt too wide) in paragraph at lines 680--680
[]\T5/cmr/bx/n/10 d) 
 []


pdfTeX warning (ext4): destination with the same identifier (name{ex.3}) has been already used, duplicate ignored
<to be read again> 
                   \relax 
l.692 	C
        ho $\cos \alpha  =  - \dfrac{3}{4}\left( {{0^\circ } < \alpha  < {{9...
Overfull \hbox (1.18027pt too wide) in paragraph at lines 698--698
 []|\T5/cmr/bx/n/10 ^^^| 
 []


Overfull \hbox (1.18027pt too wide) in paragraph at lines 698--698
 []|\T5/cmr/bx/n/10 ^^^| 
 []


Overfull \hbox (1.27747pt too wide) in paragraph at lines 698--698
[]\T5/cmr/bx/n/10 a) 
 []


Overfull \hbox (0.79842pt too wide) in paragraph at lines 698--698
[]\T5/cmr/bx/n/10 c) 
 []


Overfull \hbox (2.07588pt too wide) in paragraph at lines 698--698
[]\T5/cmr/bx/n/10 b) 
 []


Overfull \hbox (2.07588pt too wide) in paragraph at lines 698--698
[]\T5/cmr/bx/n/10 d) 
 []


pdfTeX warning (ext4): destination with the same identifier (name{ex.4}) has been already used, duplicate ignored
<to be read again> 
                   \relax 
l.706 	C
        ho góc $\alpha$ thỏa mãn $\sin \alpha = \dfrac{3}{5}.$ Khi đó
Overfull \hbox (1.18027pt too wide) in paragraph at lines 712--712
 []|\T5/cmr/bx/n/10 ^^^| 
 []


Overfull \hbox (1.18027pt too wide) in paragraph at lines 712--712
 []|\T5/cmr/bx/n/10 ^^^| 
 []


Overfull \hbox (1.27747pt too wide) in paragraph at lines 712--712
[]\T5/cmr/bx/n/10 a) 
 []


Overfull \hbox (0.79842pt too wide) in paragraph at lines 712--712
[]\T5/cmr/bx/n/10 c) 
 []


Overfull \hbox (2.07588pt too wide) in paragraph at lines 712--712
[]\T5/cmr/bx/n/10 b) 
 []


Overfull \hbox (2.07588pt too wide) in paragraph at lines 712--712
[]\T5/cmr/bx/n/10 d) 
 []

Output from handle ans going to ans/ansc3b5kq.tex
\openout8 = `ans/ansc3b5kq.tex'.


pdfTeX warning (ext4): destination with the same identifier (name{ex.1}) has been already used, duplicate ignored
<to be read again> 
                   \relax 
l.724 	C
        ho góc $\widehat{xOM}=\alpha$ với điểm $M\left(-\dfrac{3}{5}; ...
pdfTeX warning (ext4): destination with the same identifier (name{ex.2}) has been already used, duplicate ignored
<to be read again> 
                   \relax 
l.731 	C
        ho biểu thức
pdfTeX warning (ext4): destination with the same identifier (name{ex.3}) has been already used, duplicate ignored
<to be read again> 
                   \relax 
l.748 	C
        ho góc $\alpha$ với $\cot\alpha=-3$. Giá trị của biểu th�...
pdfTeX warning (ext4): destination with the same identifier (name{ex.4}) has been already used, duplicate ignored
<to be read again> 
                   \relax 
l.759 	T
        ính giá trị của biểu thức sau:
pdfTeX warning (ext4): destination with the same identifier (name{ex.5}) has been already used, duplicate ignored
<to be read again> 
                   \relax 
l.771 	C
        ho $\cos x=\dfrac{1}{2}$. Tính giá trị biểu thức $P=3\sin^2 ... [23]
pdfTeX warning (ext4): destination with the same identifier (name{ex.6}) has been already used, duplicate ignored
<to be read again> 
                   \relax 
l.778 	C
        ho $\tan \alpha=\dfrac{1}{3}$. Tính giá trị của biểu thức ...
pdfTeX warning (ext4): destination with the same identifier (name{ex.7}) has been already used, duplicate ignored
<to be read again> 
                   \relax 
l.792 	C
        ho $\sin x + \cos x = \sqrt{2}$ và $x$ là góc nhọn. Tính giá ...
pdfTeX warning (ext4): destination with the same identifier (name{ex.8}) has been already used, duplicate ignored
<to be read again> 
                   \relax 
l.800 	G
        iá trị của biểu thức $B = \dfrac{{2{{\sin }^2}{{30}^\circ }...
pdfTeX warning (ext4): destination with the same identifier (name{ex.1}) has been already used, duplicate ignored
<to be read again> 
                   \relax 
l.812 	C
        hứng minh rằng
pdfTeX warning (ext4): destination with the same identifier (name{ex.2}) has been already used, duplicate ignored
<to be read again> 
                   \relax 
l.827 	C
        ho góc $\alpha$ với $\cos\alpha=-\dfrac{\sqrt{2}}{2}$. Tính giá...
pdfTeX warning (ext4): destination with the same identifier (name{ex.3}) has been already used, duplicate ignored
<to be read again> 
                   \relax 
l.833 	C
        ho biết $\sin 30^\circ=\dfrac{1}{2}$; $\sin 60^\circ=\dfrac{\sqrt{...
pdfTeX warning (ext4): destination with the same identifier (name{ex.4}) has been already used, duplicate ignored
<to be read again> 
                   \relax 
l.865 	}
        ) (data/10/0H3/0-KNTT-C3B6-X.tex [24]

Package hyperref Warning: Token not allowed in a PDF string (Unicode):
(hyperref)                removing `\char' on input line 107.


Package hyperref Warning: Token not allowed in a PDF string (Unicode):
(hyperref)                removing `\leavevmode@ifvmode' on input line 107.


Package hyperref Warning: Token not allowed in a PDF string (Unicode):
(hyperref)                \kern 1.66702pt
(hyperref)                removed on input line 107.


Package hyperref Warning: Token not allowed in a PDF string (Unicode):
(hyperref)                removing `\leavevmode@ifvmode' on input line 107.


Package hyperref Warning: Token not allowed in a PDF string (Unicode):
(hyperref)                \kern 1.66702pt
(hyperref)                removed on input line 107.


Underfull \hbox (badness 10000) in paragraph at lines 131--131
[]\T5/cmr/m/n/10 Trong tam
 []


Underfull \hbox (badness 10000) in paragraph at lines 131--131
\T5/cmr/m/n/10 gi�c $\OML/cmm/m/it/10 ABC$
 []


Underfull \hbox (badness 10000) in paragraph at lines 131--131
\OML/cmm/m/it/10 CA \OT1/cmr/m/n/10 = \OML/cmm/m/it/10 b$\T5/cmr/m/n/10 ,
 []


Overfull \hbox (43.83728pt too wide) detected at line 131
[][]
 []

[25]

Package tcolorbox Warning: Using nobreak failed. Try to enlarge `lines before break' or set page breaks manually on input line 142.


pdfTeX warning (ext4): destination with the same identifier (name{vd.1}) has been already used, duplicate ignored
<to be read again> 
                   \relax 
l.145 	C
        ho tam giác $ABC$ với $AB=5$, $AC=8$, $\widehat{A}=60^{\circ}$. T...
pdfTeX warning (ext4): destination with the same identifier (name{vd.2}) has been already used, duplicate ignored
<to be read again> 
                   \relax 
l.159 	C
        ho tam giác $ABC$ với $AB=3$, $BC=4$, $AC=6$. Tính góc lớn nh...
pdfTeX warning (ext4): destination with the same identifier (name{vd.3}) has been already used, duplicate ignored
<to be read again> 
                   \relax 
l.197 	}
        
pdfTeX warning (ext4): destination with the same identifier (name{vd.4}) has been already used, duplicate ignored
<to be read again> 
                   \relax 
l.242 	C
        ho tam giác $ABC$ có $AB=14$, $AC=13$, $BC=15$. Tính độ dài

Package hyperref Warning: Token not allowed in a PDF string (Unicode):
(hyperref)                removing `\char' on input line 250.


Package hyperref Warning: Token not allowed in a PDF string (Unicode):
(hyperref)                removing `\leavevmode@ifvmode' on input line 250.


Package hyperref Warning: Token not allowed in a PDF string (Unicode):
(hyperref)                \kern 1.66702pt
(hyperref)                removed on input line 250.


Package hyperref Warning: Token not allowed in a PDF string (Unicode):
(hyperref)                removing `\leavevmode@ifvmode' on input line 250.


Package hyperref Warning: Token not allowed in a PDF string (Unicode):
(hyperref)                \kern 1.66702pt
(hyperref)                removed on input line 250.


pdfTeX warning (ext4): destination with the same identifier (name{vd.1}) has been already used, duplicate ignored
<to be read again> 
                   \relax 
l.291 	}
        
pdfTeX warning (ext4): destination with the same identifier (name{vd.2}) has been already used, duplicate ignored
<to be read again> 
                   \relax 
l.325 	}
        
pdfTeX warning (ext4): destination with the same identifier (name{vd.3}) has been already used, duplicate ignored
<to be read again> 
                   \relax 
l.350 	}
         [26]
pdfTeX warning (ext4): destination with the same identifier (name{vd.4}) has been already used, duplicate ignored
<to be read again> 
                   \relax 
l.381 	\end{tikzpicture}}
                         
Overfull \hbox (1.18027pt too wide) in paragraph at lines 381--381
 []|\T5/cmr/bx/n/10 ^^^| 
 []


Overfull \hbox (1.27747pt too wide) in paragraph at lines 381--381
[]\T5/cmr/bx/n/10 a) 
 []


Overfull \hbox (2.07588pt too wide) in paragraph at lines 381--381
[]\T5/cmr/bx/n/10 b) 
 []


Overfull \hbox (0.79842pt too wide) in paragraph at lines 381--381
[]\T5/cmr/bx/n/10 c) 
 []


Overfull \hbox (2.07588pt too wide) in paragraph at lines 381--381
[]\T5/cmr/bx/n/10 d) 
 []


Package hyperref Warning: Token not allowed in a PDF string (Unicode):
(hyperref)                removing `\char' on input line 396.


Package hyperref Warning: Token not allowed in a PDF string (Unicode):
(hyperref)                removing `\leavevmode@ifvmode' on input line 396.


Package hyperref Warning: Token not allowed in a PDF string (Unicode):
(hyperref)                \kern 1.66702pt
(hyperref)                removed on input line 396.


Package hyperref Warning: Token not allowed in a PDF string (Unicode):
(hyperref)                removing `\leavevmode@ifvmode' on input line 396.


Package hyperref Warning: Token not allowed in a PDF string (Unicode):
(hyperref)                \kern 1.66702pt
(hyperref)                removed on input line 396.


pdfTeX warning (ext4): destination with the same identifier (name{vd.1}) has been already used, duplicate ignored
<to be read again> 
                   \relax 
l.436 	C
        ho tam giác $ABC$, biết $a=21$, $b=17$, $c=10$.
pdfTeX warning (ext4): destination with the same identifier (name{vd.2}) has been already used, duplicate ignored
<to be read again> 
                   \relax 
l.453 	C
        ho tam giác $ABC$, có $\widehat{A}=60^\circ$, $b=20$, $c=25$.
pdfTeX warning (ext4): destination with the same identifier (name{vd.3}) has been already used, duplicate ignored
<to be read again> 
                   \relax 
l.474 	C
        ho tam giác $ABC$ có $AB=100$, $\widehat{B}=100^{\circ}$ và $\wid...
pdfTeX warning (ext4): destination with the same identifier (name{vd.4}) has been already used, duplicate ignored
<to be read again> 
                   \relax 
l.504 	C
        ho tứ giác lồi $ABCD$ có các đường chéo $AC=x$, $BD=y$ v...

Package hyperref Warning: Token not allowed in a PDF string (Unicode):
(hyperref)                removing `\char' on input line 555.


Package hyperref Warning: Token not allowed in a PDF string (Unicode):
(hyperref)                removing `\leavevmode@ifvmode' on input line 555.


Package hyperref Warning: Token not allowed in a PDF string (Unicode):
(hyperref)                \kern 1.66702pt
(hyperref)                removed on input line 555.


Package hyperref Warning: Token not allowed in a PDF string (Unicode):
(hyperref)                removing `\leavevmode@ifvmode' on input line 555.


Package hyperref Warning: Token not allowed in a PDF string (Unicode):
(hyperref)                \kern 1.66702pt
(hyperref)                removed on input line 555.

[27]
pdfTeX warning (ext4): destination with the same identifier (name{vd.1}) has been already used, duplicate ignored
<to be read again> 
                   \relax 
l.559 	G
        iải tam giác $ABC$ biết $b=32$, $c=45$ và $\widehat{A}=87^\circ$.
pdfTeX warning (ext4): destination with the same identifier (name{vd.2}) has been already used, duplicate ignored
<to be read again> 
                   \relax 
l.570 	G
        iải tam giác $ABC$ biết $\widehat{A}=60^\circ$, $\widehat{B}=40...
pdfTeX warning (ext4): destination with the same identifier (name{vd.3}) has been already used, duplicate ignored
<to be read again> 
                   \relax 
l.580 	C
        ho tam giác $A B C$ có $AB=8$, $AC=7$, $\widehat{ABH}=60^\circ$. T...

Package hyperref Warning: Token not allowed in a PDF string (Unicode):
(hyperref)                removing `\char' on input line 601.


Package hyperref Warning: Token not allowed in a PDF string (Unicode):
(hyperref)                removing `\leavevmode@ifvmode' on input line 601.


Package hyperref Warning: Token not allowed in a PDF string (Unicode):
(hyperref)                \kern 1.66702pt
(hyperref)                removed on input line 601.


Package hyperref Warning: Token not allowed in a PDF string (Unicode):
(hyperref)                removing `\leavevmode@ifvmode' on input line 601.


Package hyperref Warning: Token not allowed in a PDF string (Unicode):
(hyperref)                \kern 1.66702pt
(hyperref)                removed on input line 601.


pdfTeX warning (ext4): destination with the same identifier (name{vd.1}) has been already used, duplicate ignored
<to be read again> 
                   \relax 
l.604 	H
        ai tàu đánh cá cùng xuất phát từ bến $A$ và đi thẳng...
pdfTeX warning (ext4): destination with the same identifier (name{vd.2}) has been already used, duplicate ignored
<to be read again> 
                   \relax 
l.671 	\end{tikzpicture}}
                         
pdfTeX warning (ext4): destination with the same identifier (name{vd.3}) has been already used, duplicate ignored
<to be read again> 
                   \relax 
l.711 	}
        
Overfull \hbox (3.78441pt too wide) in paragraph at lines 711--711
[][] 
 []


Overfull \hbox (3.96068pt too wide) in paragraph at lines 711--711
[][] 
 []


Overfull \hbox (4.19017pt too wide) in paragraph at lines 711--711
[][] 
 []


Overfull \hbox (4.26732pt too wide) in paragraph at lines 711--711
[][] 
 []

Output from handle ans going to ans/ans-c3b6-lc.tex
\openout8 = `ans/ans-c3b6-lc.tex'.


pdfTeX warning (ext4): destination with the same identifier (name{ex.1}) has been already used, duplicate ignored
<to be read again> 
                   \relax 
l.730 	C
        ho tam giác $ABC$ có $BC=a$, $CA=b$, $AB=c$. Mệnh đề nào dư...
Overfull \hbox (3.78441pt too wide) in paragraph at lines 737--737
[][] 
 []


Overfull \hbox (3.96068pt too wide) in paragraph at lines 737--737
[][] 
 []


Overfull \hbox (4.19017pt too wide) in paragraph at lines 737--737
[][] 
 []


Overfull \hbox (4.26732pt too wide) in paragraph at lines 737--737
[][] 
 []


pdfTeX warning (ext4): destination with the same identifier (name{ex.2}) has been already used, duplicate ignored
<to be read again> 
                   \relax 
l.742 	T
        am giác $ABC$ có $AB=2$, $AC=1$ và $\widehat{A}=60^{\circ}$. Tín...
Overfull \hbox (3.78441pt too wide) in paragraph at lines 748--748
[][] 
 []


Overfull \hbox (3.96068pt too wide) in paragraph at lines 748--748
[][] 
 []


Overfull \hbox (4.19017pt too wide) in paragraph at lines 748--748
[][] 
 []


Overfull \hbox (4.26732pt too wide) in paragraph at lines 748--748
[][] 
 []


pdfTeX warning (ext4): destination with the same identifier (name{ex.3}) has been already used, duplicate ignored
<to be read again> 
                   \relax 
l.754 	T
        am giác ${ABC}$ có $AB=5$, $BC=7$, $CA=8$. Số đo góc $A$ bằng
Overfull \hbox (3.78441pt too wide) in paragraph at lines 760--760
[][] 
 []


Overfull \hbox (3.96068pt too wide) in paragraph at lines 760--760
[][] 
 []


Overfull \hbox (4.19017pt too wide) in paragraph at lines 760--760
[][] 
 []


Overfull \hbox (4.26732pt too wide) in paragraph at lines 760--760
[][] 
 []


pdfTeX warning (ext4): destination with the same identifier (name{ex.4}) has been already used, duplicate ignored
<to be read again> 
                   \relax 
l.766 	T
        am giác $ABC$ có $\widehat{B}=60^{\circ}$, $\widehat{C}=45^{\circ}...
Overfull \hbox (3.78441pt too wide) in paragraph at lines 773--773
[][] 
 []


Overfull \hbox (3.96068pt too wide) in paragraph at lines 773--773
[][] 
 []


Overfull \hbox (4.19017pt too wide) in paragraph at lines 773--773
[][] 
 []


Overfull \hbox (4.26732pt too wide) in paragraph at lines 773--773
[][] 
 []


pdfTeX warning (ext4): destination with the same identifier (name{ex.5}) has been already used, duplicate ignored
<to be read again> 
                   \relax 
l.779 	T
        am giác $ABC$ có $BC=10$ và $\widehat{A}=30^{\circ}$. Tính bán ...
Overfull \hbox (3.78441pt too wide) in paragraph at lines 786--786
[][] 
 []


Overfull \hbox (3.96068pt too wide) in paragraph at lines 786--786
[][] 
 []


Overfull \hbox (4.19017pt too wide) in paragraph at lines 786--786
[][] 
 []


Overfull \hbox (4.26732pt too wide) in paragraph at lines 786--786
[][] 
 []


pdfTeX warning (ext4): destination with the same identifier (name{ex.6}) has been already used, duplicate ignored
<to be read again> 
                   \relax 
l.792 	T
        am giác $ABC$ có $AB=3$, $AC=6$ và $\widehat{A}=60^{\circ} $. Tí... [28]
Overfull \hbox (3.78441pt too wide) in paragraph at lines 798--798
[][] 
 []


Overfull \hbox (3.96068pt too wide) in paragraph at lines 798--798
[][] 
 []


Overfull \hbox (4.19017pt too wide) in paragraph at lines 798--798
[][] 
 []


Overfull \hbox (4.26732pt too wide) in paragraph at lines 798--798
[][] 
 []


pdfTeX warning (ext4): destination with the same identifier (name{ex.7}) has been already used, duplicate ignored
<to be read again> 
                   \relax 
l.803 	T
        am giác $ABC$ có $AB=3$, $AC=6$, $\widehat{BAC}=60^{\circ}$. Tính...
Overfull \hbox (3.78441pt too wide) in paragraph at lines 810--810
[][] 
 []


Overfull \hbox (3.96068pt too wide) in paragraph at lines 810--810
[][] 
 []


Overfull \hbox (4.19017pt too wide) in paragraph at lines 810--810
[][] 
 []


Overfull \hbox (4.26732pt too wide) in paragraph at lines 810--810
[][] 
 []


pdfTeX warning (ext4): destination with the same identifier (name{ex.8}) has been already used, duplicate ignored
<to be read again> 
                   \relax 
l.815 	T
        am giác $ABC$ có $a=21$, $b=17$, $c=10$. Diện tích của tam gi...
Overfull \hbox (3.78441pt too wide) in paragraph at lines 821--821
[][] 
 []


Overfull \hbox (3.96068pt too wide) in paragraph at lines 821--821
[][] 
 []


Overfull \hbox (4.19017pt too wide) in paragraph at lines 821--821
[][] 
 []


Overfull \hbox (4.26732pt too wide) in paragraph at lines 821--821
[][] 
 []


pdfTeX warning (ext4): destination with the same identifier (name{ex.9}) has been already used, duplicate ignored
<to be read again> 
                   \relax 
l.831 	T
        am giác $ABC$ có $BC=21$ cm, $CA=17$ cm, $AB=10$ cm. Tính bán k�...
Overfull \hbox (3.78441pt too wide) in paragraph at lines 839--839
[][] 
 []


Overfull \hbox (3.96068pt too wide) in paragraph at lines 839--839
[][] 
 []


Overfull \hbox (4.19017pt too wide) in paragraph at lines 839--839
[][] 
 []


Overfull \hbox (4.26732pt too wide) in paragraph at lines 839--839
[][] 
 []


pdfTeX warning (ext4): destination with the same identifier (name{ex.10}) has been already used, duplicate ignored
<to be read again> 
                   \relax 
l.845 	T
        am giác $ABC$ có $AB=3$, $AC=6$, $\widehat{BAC}=60^{\circ}$. Tính...
Overfull \hbox (3.78441pt too wide) in paragraph at lines 851--851
[][] 
 []


Overfull \hbox (3.96068pt too wide) in paragraph at lines 851--851
[][] 
 []


Overfull \hbox (4.19017pt too wide) in paragraph at lines 851--851
[][] 
 []


Overfull \hbox (4.26732pt too wide) in paragraph at lines 851--851
[][] 
 []


pdfTeX warning (ext4): destination with the same identifier (name{ex.11}) has been already used, duplicate ignored
<to be read again> 
                   \relax 
l.861 	T
        am giác $ABC$ có $AB=8$ cm, $AC=18$ cm và có diện tích bằng...
Overfull \hbox (3.78441pt too wide) in paragraph at lines 869--869
[][] 
 []


Overfull \hbox (3.96068pt too wide) in paragraph at lines 869--869
[][] 
 []


Overfull \hbox (4.19017pt too wide) in paragraph at lines 869--869
[][] 
 []


Overfull \hbox (4.26732pt too wide) in paragraph at lines 869--869
[][] 
 []


pdfTeX warning (ext4): destination with the same identifier (name{ex.12}) has been already used, duplicate ignored
<to be read again> 
                   \relax 
l.880 	T
        am giác $ABC$ có $AB=5$, $AC=8$ và $\widehat{BAC}=60^\circ$. Tín...
Overfull \hbox (3.78441pt too wide) in paragraph at lines 886--886
[][] 
 []


Overfull \hbox (3.96068pt too wide) in paragraph at lines 886--886
[][] 
 []


Overfull \hbox (4.19017pt too wide) in paragraph at lines 886--886
[][] 
 []


Overfull \hbox (4.26732pt too wide) in paragraph at lines 886--886
[][] 
 []

Output from handle ans going to ans/ans-c3b6-ds.tex
\openout8 = `ans/ans-c3b6-ds.tex'.


pdfTeX warning (ext4): destination with the same identifier (name{ex.1}) has been already used, duplicate ignored
<to be read again> 
                   \relax 
l.901 	T
        am giác $ABC$ có $\widehat{A}=45^\circ$, $\widehat{B}=15^\circ$, $...
Overfull \hbox (1.18027pt too wide) in paragraph at lines 907--907
 []|\T5/cmr/bx/n/10 ^^^| 
 []


Overfull \hbox (1.27747pt too wide) in paragraph at lines 907--907
[]\T5/cmr/bx/n/10 a) 
 []


Overfull \hbox (2.07588pt too wide) in paragraph at lines 907--907
[]\T5/cmr/bx/n/10 b) 
 []


Overfull \hbox (0.79842pt too wide) in paragraph at lines 907--907
[]\T5/cmr/bx/n/10 c) 
 []


Overfull \hbox (2.07588pt too wide) in paragraph at lines 907--907
[]\T5/cmr/bx/n/10 d) 
 []


pdfTeX warning (ext4): destination with the same identifier (name{ex.2}) has been already used, duplicate ignored
<to be read again> 
                   \relax 
l.917 	T
        am giác $ABC$ có $AB=3$, $AC=6$, $\widehat{A}=60^{\circ}$.
Overfull \hbox (1.18027pt too wide) in paragraph at lines 923--923
 []|\T5/cmr/bx/n/10 ^^^| 
 []


Overfull \hbox (1.27747pt too wide) in paragraph at lines 923--923
[]\T5/cmr/bx/n/10 a) 
 []


Overfull \hbox (2.07588pt too wide) in paragraph at lines 923--923
[]\T5/cmr/bx/n/10 b) 
 []


Overfull \hbox (0.79842pt too wide) in paragraph at lines 923--923
[]\T5/cmr/bx/n/10 c) 
 []


Overfull \hbox (2.07588pt too wide) in paragraph at lines 923--923
[]\T5/cmr/bx/n/10 d) 
 []


pdfTeX warning (ext4): destination with the same identifier (name{ex.3}) has been already used, duplicate ignored
<to be read again> 
                   \relax 
l.948 	H
        ai tàu đánh cá xuất phát từ cảng $A$ lúc $8$ giờ, tàu... [29]
Overfull \hbox (1.18027pt too wide) in paragraph at lines 982--982
 []|\T5/cmr/bx/n/10 ^^^| 
 []


Overfull \hbox (1.27747pt too wide) in paragraph at lines 982--982
[]\T5/cmr/bx/n/10 a) 
 []


Overfull \hbox (2.07588pt too wide) in paragraph at lines 982--982
[]\T5/cmr/bx/n/10 b) 
 []


Overfull \hbox (0.79842pt too wide) in paragraph at lines 982--982
[]\T5/cmr/bx/n/10 c) 
 []


Overfull \hbox (2.07588pt too wide) in paragraph at lines 982--982
[]\T5/cmr/bx/n/10 d) 
 []


pdfTeX warning (ext4): destination with the same identifier (name{ex.4}) has been already used, duplicate ignored
<to be read again> 
                   \relax 
l.1010 	}
         
Overfull \hbox (1.18027pt too wide) in paragraph at lines 1016--1016
 []|\T5/cmr/bx/n/10 ^^^| 
 []


Overfull \hbox (1.27747pt too wide) in paragraph at lines 1016--1016
[]\T5/cmr/bx/n/10 a) 
 []


Overfull \hbox (2.07588pt too wide) in paragraph at lines 1016--1016
[]\T5/cmr/bx/n/10 b) 
 []


Overfull \hbox (0.79842pt too wide) in paragraph at lines 1016--1016
[]\T5/cmr/bx/n/10 c) 
 []


Overfull \hbox (2.07588pt too wide) in paragraph at lines 1016--1016
[]\T5/cmr/bx/n/10 d) 
 []

Output from handle ans going to ans/ans-c3b6-kq.tex
\openout8 = `ans/ans-c3b6-kq.tex'.


pdfTeX warning (ext4): destination with the same identifier (name{ex.1}) has been already used, duplicate ignored
<to be read again> 
                   \relax 
l.1049 	C
         ho tam giác $ABC$, biết $BC=8$, $B=45^{\circ}$, $C=60^{\circ}$. ...
pdfTeX warning (ext4): destination with the same identifier (name{ex.2}) has been already used, duplicate ignored
<to be read again> 
                   \relax 
l.1072 	C
         ho tam giác $ABC$ có $\widehat B=75^\circ $, $\widehat C=45^\circ...
pdfTeX warning (ext4): destination with the same identifier (name{ex.3}) has been already used, duplicate ignored
<to be read again> 
                   \relax 
l.1085 	C
         ho tam giác $ABC$ có $AC=8$ và có  $\widehat{A}=120^{\circ}$. T... [30]
pdfTeX warning (ext4): destination with the same identifier (name{ex.4}) has been already used, duplicate ignored
<to be read again> 
                   \relax 
l.1144 	}
         
pdfTeX warning (ext4): destination with the same identifier (name{ex.5}) has been already used, duplicate ignored
<to be read again> 
                   \relax 
l.1207 	}
         
pdfTeX warning (ext4): destination with the same identifier (name{ex.6}) has been already used, duplicate ignored
<to be read again> 
                   \relax 
l.1269 	\end{tikzpicture}}
                          
pdfTeX warning (ext4): destination with the same identifier (name{ex.1}) has been already used, duplicate ignored
<to be read again> 
                   \relax 
l.1301 	}
         
pdfTeX warning (ext4): destination with the same identifier (name{ex.2}) has been already used, duplicate ignored
<to be read again> 
                   \relax 
l.1313 	C
         ho tam giác $ABC$ có $\widehat{A}=72^{\circ}$, $\widehat{B}=83^{\...
pdfTeX warning (ext4): destination with the same identifier (name{ex.3}) has been already used, duplicate ignored
<to be read again> 
                   \relax 
l.1337 	}
         
Missing character: There is no ; in font nullfont!
Missing character: There is no ; in font nullfont!
Missing character: There is no ; in font nullfont!
Missing character: There is no ; in font nullfont!
Missing character: There is no ; in font nullfont!
Missing character: There is no ; in font nullfont!
Missing character: There is no ; in font nullfont!
Missing character: There is no ; in font nullfont!
Missing character: There is no ; in font nullfont!
Missing character: There is no ; in font nullfont!
Missing character: There is no ; in font nullfont!
Missing character: There is no ; in font nullfont!
Missing character: There is no ; in font nullfont!
Missing character: There is no ; in font nullfont!
Missing character: There is no ; in font nullfont!
Missing character: There is no ; in font nullfont!

pdfTeX warning (ext4): destination with the same identifier (name{ex.4}) has been already used, duplicate ignored
<to be read again> 
                   \relax 
l.1481 	\end{tikzpicture}}
                           [31]
pdfTeX warning (ext4): destination with the same identifier (name{ex.5}) has been already used, duplicate ignored
<to be read again> 
                   \relax 
l.1521 	\end{tikzpicture}}
                          
pdfTeX warning (ext4): destination with the same identifier (name{ex.6}) has been already used, duplicate ignored
<to be read again> 
                   \relax 
l.1560 	}
         ))
\tf@thm=\write9
\openout9 = `10CD.thm'.

 [32] 
enddocument/afterlastpage (AED): lastpage setting LastPage.
(10CD.aux)
 ***********
LaTeX2e <2026-06-01>
L3 programming layer <2020/03/25>
 ***********


LaTeX Font Warning: Size substitutions with differences
(Font)              up to 1.28pt have occurred.


LaTeX Font Warning: Some font shapes were not available, defaults substituted.

Package rerunfilecheck Info: File `10CD.out' has not changed.
(rerunfilecheck)             Checksum: 2059C61EB51E6E19E934D3572E222542;9381.
 ) 
Here is how much of TeX's memory you used:
 85864 strings out of 467509
 2096227 string characters out of 5408773
 3249732 words of memory out of 5000000
 113643 multiletter control sequences out of 15000+600000
 703560 words of font info for 159 fonts, out of 8000000 for 9000
 1141 hyphenation exceptions out of 8191
 122i,19n,124p,1258b,1751s stack positions out of 10000i,1000n,20000p,200000b,200000s
<C:/Users/cocha/AppData/Local/Programs/MiKTeX/fonts/type1/public/fontawesome/FontAwesome.pfb><C:/Users/cocha/AppData/Local/Programs/MiKTeX/fonts/type1/public/amsfonts/cm/cmex10.pfb><C:/Users/cocha/AppData/Local/Programs/MiKTeX/fonts/type1/public/amsfonts/cm/cmmi10.pfb><C:/Users/cocha/AppData/Local/Programs/MiKTeX/fonts/type1/public/amsfonts/cm/cmmi5.pfb><C:/Users/cocha/AppData/Local/Programs/MiKTeX/fonts/type1/public/amsfonts/cm/cmmi6.pfb><C:/Users/cocha/AppData/Local/Programs/MiKTeX/fonts/type1/public/amsfonts/cm/cmmi7.pfb><C:/Users/cocha/AppData/Local/Programs/MiKTeX/fonts/type1/public/amsfonts/cm/cmmi8.pfb><C:/Users/cocha/AppData/Local/Programs/MiKTeX/fonts/type1/public/amsfonts/cm/cmr10.pfb><C:/Users/cocha/AppData/Local/Programs/MiKTeX/fonts/type1/public/amsfonts/cm/cmr17.pfb><C:/Users/cocha/AppData/Local/Programs/MiKTeX/fonts/type1/public/amsfonts/cm/cmr5.pfb><C:/Users/cocha/AppData/Local/Programs/MiKTeX/fonts/type1/public/amsfonts/cm/cmr6.pfb><C:/Users/cocha/AppData/Local/Programs/MiKTeX/fonts/type1/public/amsfonts/cm/cmr7.pfb><C:/Users/cocha/AppData/Local/Programs/MiKTeX/fonts/type1/public/amsfonts/cm/cmr8.pfb><C:/Users/cocha/AppData/Local/Programs/MiKTeX/fonts/type1/public/amsfonts/cm/cmsy10.pfb><C:/Users/cocha/AppData/Local/Programs/MiKTeX/fonts/type1/public/amsfonts/cm/cmsy5.pfb><C:/Users/cocha/AppData/Local/Programs/MiKTeX/fonts/type1/public/amsfonts/cm/cmsy6.pfb><C:/Users/cocha/AppData/Local/Programs/MiKTeX/fonts/type1/public/amsfonts/cm/cmsy7.pfb><C:/Users/cocha/AppData/Local/Programs/MiKTeX/fonts/type1/public/amsfonts/cm/cmsy8.pfb><C:/Users/cocha/AppData/Local/Programs/MiKTeX/fonts/type1/public/amsfonts/symbols/msbm10.pfb><C:/Users/cocha/AppData/Local/Programs/MiKTeX/fonts/type1/vntex/vntopia/putb8v.pfb><C:/Users/cocha/AppData/Local/Programs/MiKTeX/fonts/type1/public/tex-gyre/qagb.pfb><C:/Users/cocha/AppData/Local/Programs/MiKTeX/fonts/type1/public/tex-gyre/qagr.pfb><C:/Users/cocha/AppData/Local/Programs/MiKTeX/fonts/type1/public/txfonts/txsyc.pfb><C:/Users/cocha/AppData/Local/Programs/MiKTeX/fonts/type1/vntex/grotesqvn/ugqb8v.pfb><C:/Users/cocha/AppData/Local/Programs/MiKTeX/fonts/type1/urw/zapfding/uzdr.pfb><C:/Users/cocha/AppData/Local/Programs/MiKTeX/fonts/type1/vntex/vnr/vnbx10.pfb><C:/Users/cocha/AppData/Local/Programs/MiKTeX/fonts/type1/vntex/vnr/vnbx12.pfb><C:/Users/cocha/AppData/Local/Programs/MiKTeX/fonts/type1/vntex/vnr/vnr10.pfb><C:/Users/cocha/AppData/Local/Programs/MiKTeX/fonts/type1/vntex/vnr/vnr5.pfb><C:/Users/cocha/AppData/Local/Programs/MiKTeX/fonts/type1/vntex/vnr/vnr8.pfb><C:/Users/cocha/AppData/Local/Programs/MiKTeX/fonts/type1/vntex/vnr/vnssbx10.pfb><C:/Users/cocha/AppData/Local/Programs/MiKTeX/fonts/type1/vntex/vnr/vnti10.pfb><C:/Users/cocha/AppData/Local/Programs/MiKTeX/fonts/type1/public/yhmath/yhcmex.pfb>
Output written on 10CD.pdf (32 pages, 867980 bytes).
PDF statistics:
 634 PDF objects out of 1000 (max. 8388607)
 149 named destinations out of 1000 (max. 500000)
 438 words of extra memory for PDF output out of 10000 (max. 10000000)

