This is pdfTeX, Version 3.141592653-2.6-1.40.29 (MiKTeX 26.5) (preloaded format=pdflatex 2026.7.26)  4 AUG 2026 17:20
entering extended mode
 restricted \write18 enabled.
 file:line:error style messages enabled.
 %&-line parsing enabled.
**d:/tailieu/Tailieu/12.tex
(d:/tailieu/Tailieu/12.tex
LaTeX2e <2026-06-01>
L3 programming layer <2026-06-18>
(C:\Users\cocha\AppData\Local\Programs\MiKTeX\tex/latex/base\book.cls
Document Class: book 2025/01/22 v1.4n Standard LaTeX document class
(C:\Users\cocha\AppData\Local\Programs\MiKTeX\tex/latex/base\bk10.clo
File: bk10.clo 2025/01/22 v1.4n Standard LaTeX file (size option)
)
\c@part=\count276
\c@chapter=\count277
\c@section=\count278
\c@subsection=\count279
\c@subsubsection=\count280
\c@paragraph=\count281
\c@subparagraph=\count282
\c@figure=\count283
\c@table=\count284
\abovecaptionskip=\skip49
\belowcaptionskip=\skip50
\bibindent=\dimen150
) (C:\Users\cocha\AppData\Local\Programs\MiKTeX\tex/latex/tasks\tasks.sty (C:\Users\cocha\AppData\Local\Programs\MiKTeX\tex/latex/l3kernel\expl3.sty
Package: expl3 2026-06-18 L3 programming layer (loader) 
 (C:\Users\cocha\AppData\Local\Programs\MiKTeX\tex/latex/l3backend\l3backend-pdftex.def
File: l3backend-pdftex.def 2026-02-18 L3 backend support: PDF output (pdfTeX)
\l__color_backend_stack_int=\count285
)) (C:\Users\cocha\AppData\Local\Programs\MiKTeX\tex/latex/l3packages/xparse\xparse.sty
Package: xparse 2025-10-09 L3 Experimental document command parser
) (C:\Users\cocha\AppData\Local\Programs\MiKTeX\tex/latex/l3packages/xtemplate\xtemplate.sty
Package: xtemplate 2025-10-09 L3 Experimental prototype document functions
)
Package: tasks 2022/01/08 v1.4a lists with columns filled horizontally
\g__tasks_total_items_int=\count286
\l__tasks_columns_int=\count287
\g__tasks_rows_int=\count288
\g__tasks_current_col_num_int=\count289
\g__tasks_current_row_num_int=\count290
\l__tasks_item_columns_int=\count291
\g__tasks_env_int=\count292
\l__tasks_start_int=\count293
\l__tasks_item_indent_dim=\dimen151
\l__tasks_item_default_indent_dim=\dimen152
\l__tasks_item_width_dim=\dimen153
\l__tasks_label_width_dim=\dimen154
\l__tasks_label_default_width_dim=\dimen155
\l__tasks_label_offset_dim=\dimen156
\l__tasks_label_default_offset_dim=\dimen157
\l__tasks_column_sep_dim=\dimen158
\l__tasks_correction_dim=\dimen159
\l__tasks_full_width_dim=\dimen160
\l__tasks_after_item_skip=\skip51
\l__tasks_custom_after_item_skip=\skip52
\l__tasks_before_list_skip=\skip53
\l__tasks_after_list_skip=\skip54
\l__tasks_item_coffin=\box53
\l__tasks_label_coffin=\box54
\c@task=\count294
\l__tasks_tmpa_int=\count295
\l__tasks_tmpb_int=\count296
\l__tasks_tmpa_coffin=\box55
\l__tasks_tmpa_box=\box56

LaTeX template Info: Declaring template type 'tasks' taking 3 argument(s) on
(template)           line 450.

 (C:\Users\cocha\AppData\Local\Programs\MiKTeX\tex/latex/tasks\tasks.cfg)) (C:\Users\cocha\AppData\Local\Programs\MiKTeX\tex/latex/xcolor\xcolor.sty
Package: xcolor 2024/09/29 v3.02 LaTeX color extensions (UK)
 (C:\Users\cocha\AppData\Local\Programs\MiKTeX\tex/latex/graphics-cfg\color.cfg
File: color.cfg 2016/01/02 v1.6 sample color configuration
)
Package xcolor Info: Driver file: pdftex.def on input line 274.
 (C:\Users\cocha\AppData\Local\Programs\MiKTeX\tex/latex/graphics-def\pdftex.def
File: pdftex.def 2025/09/29 v1.2d Graphics/color driver for pdftex
) (C:\Users\cocha\AppData\Local\Programs\MiKTeX\tex/latex/graphics\mathcolor.ltx)
Package xcolor Info: Model `cmy' substituted by `cmy0' on input line 1349.
Package xcolor Info: Model `hsb' substituted by `rgb' on input line 1353.
Package xcolor Info: Model `RGB' extended on input line 1365.
Package xcolor Info: Model `HTML' substituted by `rgb' on input line 1367.
Package xcolor Info: Model `Hsb' substituted by `hsb' on input line 1368.
Package xcolor Info: Model `tHsb' substituted by `hsb' on input line 1369.
Package xcolor Info: Model `HSB' substituted by `hsb' on input line 1370.
Package xcolor Info: Model `Gray' substituted by `gray' on input line 1371.
Package xcolor Info: Model `wave' substituted by `hsb' on input line 1372.
) (cautrucDT/colorP.tex) (cautrucDT/Khai-bao-cho-file-mainDT.tex (C:\Users\cocha\AppData\Local\Programs\MiKTeX\tex/latex/amsmath\amsmath.sty
Package: amsmath 2026/05/19 v2.18d AMS math features
\@mathmargin=\skip55

For additional information on amsmath, use the `?' option.
(C:\Users\cocha\AppData\Local\Programs\MiKTeX\tex/latex/amsmath\amstext.sty
Package: amstext 2024/11/17 v2.01 AMS text
 (C:\Users\cocha\AppData\Local\Programs\MiKTeX\tex/latex/amsmath\amsgen.sty
File: amsgen.sty 1999/11/30 v2.0 generic functions
\@emptytoks=\toks17
\ex@=\dimen161
)) (C:\Users\cocha\AppData\Local\Programs\MiKTeX\tex/latex/amsmath\amsbsy.sty
Package: amsbsy 1999/11/29 v1.2d Bold Symbols
\pmbraise@=\dimen162
) (C:\Users\cocha\AppData\Local\Programs\MiKTeX\tex/latex/amsmath\amsopn.sty
Package: amsopn 2022/04/08 v2.04 operator names
)
\inf@bad=\count297
LaTeX Info: Redefining \frac on input line 233.
\uproot@=\count298
\leftroot@=\count299
LaTeX Info: Redefining \overline on input line 398.
LaTeX Info: Redefining \colon on input line 409.
\classnum@=\count300
\DOTSCASE@=\count301
LaTeX Info: Redefining \ldots on input line 495.
LaTeX Info: Redefining \dots on input line 498.
LaTeX Info: Redefining \cdots on input line 619.
\Mathstrutbox@=\box57
\strutbox@=\box58
LaTeX Info: Redefining \big on input line 721.
LaTeX Info: Redefining \Big on input line 722.
LaTeX Info: Redefining \bigg on input line 723.
LaTeX Info: Redefining \Bigg on input line 724.
\big@size=\dimen163
LaTeX Font Info:    Redeclaring font encoding OML on input line 742.
LaTeX Font Info:    Redeclaring font encoding OMS on input line 743.
\macc@depth=\count302
LaTeX Info: Redefining \bmod on input line 904.
LaTeX Info: Redefining \pmod on input line 909.
LaTeX Info: Redefining \smash on input line 939.
LaTeX Info: Redefining \relbar on input line 969.
LaTeX Info: Redefining \Relbar on input line 970.
\c@MaxMatrixCols=\count303
\dotsspace@=\muskip17
\c@parentequation=\count304
\dspbrk@lvl=\count305
\tag@help=\toks18
\row@=\count306
\column@=\count307
\maxfields@=\count308
\andhelp@=\toks19
\eqnshift@=\dimen164
\alignsep@=\dimen165
\tagshift@=\dimen166
\tagwidth@=\dimen167
\totwidth@=\dimen168
\lineht@=\dimen169
\@envbody=\toks20
\multlinegap=\skip56
\multlinetaggap=\skip57
\mathdisplay@stack=\toks21
LaTeX Info: Redefining \[ on input line 2965.
LaTeX Info: Redefining \] on input line 2966.
) (C:\Users\cocha\AppData\Local\Programs\MiKTeX\tex/latex/amsfonts\amssymb.sty
Package: amssymb 2013/01/14 v3.01 AMS font symbols
 (C:\Users\cocha\AppData\Local\Programs\MiKTeX\tex/latex/amsfonts\amsfonts.sty
Package: amsfonts 2013/01/14 v3.01 Basic AMSFonts support
\symAMSa=\mathgroup4
\symAMSb=\mathgroup5
LaTeX Font Info:    Redeclaring math symbol \hbar on input line 98.
LaTeX Font Info:    Overwriting math alphabet `\mathfrak' in version `bold'
(Font)                  U/euf/m/n --> U/euf/b/n on input line 106.
)) (C:\Users\cocha\AppData\Local\Programs\MiKTeX\tex/latex/jknappen\mathrsfs.sty
Package: mathrsfs 1996/01/01 Math RSFS package v1.0 (jk)
\symrsfs=\mathgroup6
) (C:\Users\cocha\AppData\Local\Programs\MiKTeX\tex/latex/maybemath\maybemath.sty
Package: maybemath 2005/2/22
 (C:\Users\cocha\AppData\Local\Programs\MiKTeX\tex/latex/tools\bm.sty
Package: bm 2025/10/21 v1.2g Bold Symbol Support (DPC/FMi)
\symboldoperators=\mathgroup7
\symboldletters=\mathgroup8
\symboldsymbols=\mathgroup9
Package bm Info: No bold for \OMX/cmex/m/n, using \pmb.
Package bm Info: No bold for \U/msa/m/n, using \pmb.
Package bm Info: No bold for \U/msb/m/n, using \pmb.
Package bm Info: No bold for \U/rsfs/m/n, using \pmb.
LaTeX Font Info:    Redeclaring math alphabet \mathbf on input line 149.
)) (C:\Users\cocha\AppData\Local\Programs\MiKTeX\tex/latex/xlop\xlop.sty
Package: xlop 2020/04/26 package wrapper for xlop.tex
 (C:\Users\cocha\AppData\Local\Programs\MiKTeX\tex/generic/xlop\xlop.tex
\op@count@z=\count309
\op@count@i=\count310
\op@count@ii=\count311
\op@count@iii=\count312
\op@count@iv=\count313
\op@count@v=\count314
\op@count@vi=\count315
\op@nbop=\count316
\op@currentstyle=\toks22

`xlop' v0.28  <2020/11/11> (jcc)
\opcolumnwidth=\dimen170
\oplineheight=\dimen171
\op@strutbox=\box59
\op@decimalsepwidth=\dimen172
\op@decimalsepoffset=\dimen173
\op@hrulewidth=\dimen174
\op@vrulewidth=\dimen175
\op@parenthesis=\count317
\op@token=\count318
\op@stack=\count319
\op@stackb=\count320
)) (C:\Users\cocha\AppData\Local\Programs\MiKTeX\tex/latex/polynom\polynom.sty
Package: polynom 2017/07/17 0.19 (CH,HA)
 (C:\Users\cocha\AppData\Local\Programs\MiKTeX\tex/latex/graphics\keyval.sty
Package: keyval 2026-05-17 v1.15 key=value parser (DPC)
\KV@toks@=\toks23
)
\pld@currstage=\count321
) (C:\Users\cocha\AppData\Local\Programs\MiKTeX\tex/latex/slashbox\slashbox.sty
slashbox style by K.Yasuoka, May 1993.
\@slashboxa=\box60
\@slashboxb=\box61
\@slashboxc=\box62
\@slashboxwd=\count322
\@slashboxht=\count323
\@slashsepl=\dimen176
\@slashsepr=\dimen177
) (C:\Users\cocha\AppData\Local\Programs\MiKTeX\tex/latex/tabularray\tabularray.sty
Package: tabularray 2025-11-27 v2025C Typeset tabulars and arrays with LaTeX3
 (C:\Users\cocha\AppData\Local\Programs\MiKTeX\tex/latex/ninecolors\ninecolors.sty
Package: ninecolors 2022-02-13 v2022D Select colors with proper color contrast
)
\g__tblr_nohyper_int=\count324
\l__tblr_a_int=\count325
\l__tblr_c_int=\count326
\l__tblr_r_int=\count327
\l__tblr_d_dim=\dimen178
\l__tblr_h_dim=\dimen179
\l__tblr_o_dim=\dimen180
\l__tblr_p_dim=\dimen181
\l__tblr_q_dim=\dimen182
\l__tblr_r_dim=\dimen183
\l__tblr_s_dim=\dimen184
\l__tblr_t_dim=\dimen185
\l__tblr_v_dim=\dimen186
\l__tblr_w_dim=\dimen187
\l__tblr_a_box=\box63
\l__tblr_b_box=\box64
\l__tblr_c_box=\box65
\l__tblr_d_box=\box66
\c@tblrcount=\count328
\c@rownum=\count329
\c@colnum=\count330
\c@rowcount=\count331
\c@colcount=\count332
\abovesep=\dimen188
\belowsep=\dimen189
\leftsep=\dimen190
\rightsep=\dimen191
\gTblrLevelInt=\count333
\g__tblr_data_row_key_count_int=\count334
\g__tblr_data_column_key_count_int=\count335
\g__tblr_data_cell_key_count_int=\count336
\g__tblr_array_int=\count337
\l__tblr_key_count_int=\count338
\l__tblr_key_quotient_int=\count339
\l__tblr_key_quotient_two_int=\count340
\l__tblr_key_remainder_int=\count341
\g__tblr_data_str_value_count_int=\count342
\lTblrChildTotalInt=\count343
\lTblrChildHtotalInt=\count344
\lTblrChildVtotalInt=\count345
\l__child_diff_h_int=\count346
\l__child_diff_v_int=\count347
\l__child_sign_h_int=\count348
\l__child_sign_v_int=\count349
\l__child_step_int=\count350
\lTblrDefaultHruleWidthDim=\dimen192
\lTblrDefaultVruleWidthDim=\dimen193
\l__tblr_split_balance_int=\count351
\l__tblr_strut_dp_dim=\dimen194
\l__tblr_strut_ht_dim=\dimen195
\g__tblr_cell_wd_dim=\dimen196
\g__tblr_cell_ht_dim=\dimen197
\g__tblr_cell_head_dim=\dimen198
\g__tblr_cell_foot_dim=\dimen199
\l__tblr_measured_cell_box=\box67
\g__tblr_last_box=\box68
\l__tblr_temp_box=\box69
\l__tblr_column_target_dim=\dimen256
\l__tblr_hfuzz_dim=\dimen257
\l__tblr_caption_box=\box70
\l__tblr_caption_left_box=\box71
\lTblrRowHeadInt=\count352
\lTblrRowFootInt=\count353
\l__tblr_row_head_box=\box72
\l__tblr_row_foot_box=\box73
\l__tblr_row_head_foot_dim=\dimen258
\lTblrTableWidthDim=\dimen259
\l__tblr_table_firsthead_box=\box74
\l__tblr_table_middlehead_box=\box75
\l__tblr_table_lasthead_box=\box76
\l__tblr_table_firstfoot_box=\box77
\l__tblr_table_middlefoot_box=\box78
\l__tblr_table_lastfoot_box=\box79
\l__tblr_remain_height_dim=\dimen260
\l__tblr_next_rows_dim=\dimen261
\l__tblr_page_overfill_dim=\dimen262
\l__tblr_long_from_int=\count354
\l__tblr_long_to_int=\count355
\l__tblr_curr_i_int=\count356
\l__tblr_prev_i_int=\count357
\lTblrTablePageInt=\count358
\l__tblr_table_head_box=\box80
\l__tblr_table_foot_box=\box81
\l__tblr_table_head_foot_dim=\dimen263
\l__tblr_table_head_body_foot_dim=\dimen264
\l__tblr_table_box=\box82
\lTblrRowFirstInt=\count359
\lTblrRowLastInt=\count360
\l__tblr_cover_box_a_dim=\dimen265
\l__tblr_cover_box_b_dim=\dimen266
\l__tblr_table_hlines_box=\box83
\l__tblr_hline_box=\box84
\l__tblr_row_box=\box85
\l__tblr_col_o_wd_dim=\dimen267
\l__tblr_col_b_wd_dim=\dimen268
\l__tblr_hline_leftskip_dim=\dimen269
\l__tblr_hline_rightskip_dim=\dimen270
\l__tblr_row_ht_dim=\dimen271
\l__tblr_row_dp_dim=\dimen272
\l__tblr_row_abovesep_dim=\dimen273
\l__tblr_row_belowsep_dim=\dimen274
\l__tblr_row_vlines_box=\box86
\l__tblr_vline_box=\box87
\l__tblr_cell_box=\box88
\l__tblr_row_upper_dim=\dimen275
\l__tblr_row_lower_dim=\dimen276
\l__tblr_row_vpace_dim=\dimen277
\l__tblr_vline_aboveskip_dim=\dimen278
\l__tblr_vline_belowskip_dim=\dimen279
\lTblrCellRowSpanInt=\count361
\lTblrCellColSpanInt=\count362
\l__tblr_cell_wd_dim=\dimen280
\l__tblr_cell_ht_dim=\dimen281
\lTblrCellAboveBorderWidthDim=\dimen282
\lTblrCellBelowBorderWidthDim=\dimen283
\lTblrCellLeftBorderWidthDim=\dimen284
\lTblrCellRightBorderWidthDim=\dimen285
\l__tblr_diag_box=\box89
\l__tblr_cell_inner_wd_dim=\dimen286
\l__tblr_cell_inner_dp_dim=\dimen287
\l__tblr_cell_hanchor_dim=\dimen288
\l__tblr_last_cell_table_ht_dim=\dimen289
\l__tblr_last_cell_table_dp_dim=\dimen290
\l__tblr_last_vline_wd_dim=\dimen291
\l__tblr_tikz_node_box=\box90
) (C:\Users\cocha\AppData\Local\Programs\MiKTeX\tex/latex/yhmath\yhmath.sty
Package: yhmath 2020/03/17 v1.6
\symyhlargesymbols=\mathgroup10
LaTeX Font Info:    Redeclaring math accent \widetilde on input line 29.
LaTeX Font Info:    Redeclaring math accent \widehat on input line 30.
LaTeX Font Info:    Redeclaring math symbol \braceld on input line 48.
LaTeX Font Info:    Redeclaring math symbol \bracerd on input line 49.
LaTeX Font Info:    Redeclaring math symbol \bracelu on input line 50.
LaTeX Font Info:    Redeclaring math symbol \braceru on input line 51.
LaTeX Font Info:    Redeclaring math delimiter \lmoustache on input line 53.
LaTeX Font Info:    Redeclaring math delimiter \rmoustache on input line 55.
LaTeX Font Info:    Redeclaring math delimiter \arrowvert on input line 57.
LaTeX Font Info:    Redeclaring math delimiter \Arrowvert on input line 59.
LaTeX Font Info:    Redeclaring math delimiter \Vert on input line 61.
LaTeX Font Info:    Redeclaring math delimiter \vert on input line 63.
LaTeX Font Info:    Redeclaring math delimiter \uparrow on input line 65.
LaTeX Font Info:    Redeclaring math delimiter \downarrow on input line 67.
LaTeX Font Info:    Redeclaring math delimiter \updownarrow on input line 69.
LaTeX Font Info:    Redeclaring math delimiter \Uparrow on input line 71.
LaTeX Font Info:    Redeclaring math delimiter \Downarrow on input line 73.
LaTeX Font Info:    Redeclaring math delimiter \Updownarrow on input line 75.
LaTeX Font Info:    Redeclaring math delimiter \backslash on input line 79.
LaTeX Font Info:    Redeclaring math delimiter \rangle on input line 81.
LaTeX Font Info:    Redeclaring math delimiter \langle on input line 83.
LaTeX Font Info:    Redeclaring math delimiter \rbrace on input line 85.
LaTeX Font Info:    Redeclaring math delimiter \lbrace on input line 87.
LaTeX Font Info:    Redeclaring math delimiter \rceil on input line 89.
LaTeX Font Info:    Redeclaring math delimiter \lceil on input line 91.
LaTeX Font Info:    Redeclaring math delimiter \rfloor on input line 93.
LaTeX Font Info:    Redeclaring math delimiter \lfloor on input line 95.
LaTeX Font Info:    Redeclaring math delimiter \lgroup on input line 97.
LaTeX Font Info:    Redeclaring math delimiter \rgroup on input line 99.
LaTeX Font Info:    Redeclaring math delimiter \bracevert on input line 101.
) (C:\Users\cocha\AppData\Local\Programs\MiKTeX\tex/latex/venndiagram\venndiagram.sty
Package: venndiagram 2018/06/07 v1.2 (NLCT) Venn diagrams
 (C:\Users\cocha\AppData\Local\Programs\MiKTeX\tex/latex/xkeyval\xkeyval.sty
Package: xkeyval 2022/06/16 v2.9 package option processing (HA)
 (C:\Users\cocha\AppData\Local\Programs\MiKTeX\tex/generic/xkeyval\xkeyval.tex (C:\Users\cocha\AppData\Local\Programs\MiKTeX\tex/generic/xkeyval\xkvutils.tex
\XKV@toks=\toks24
\XKV@tempa@toks=\toks25
)
\XKV@depth=\count363
File: xkeyval.tex 2014/12/03 v2.7a key=value parser (HA)
)) (C:\Users\cocha\AppData\Local\Programs\MiKTeX\tex/latex/pgf/frontendlayer\tikz.sty (C:\Users\cocha\AppData\Local\Programs\MiKTeX\tex/latex/pgf/basiclayer\pgf.sty (C:\Users\cocha\AppData\Local\Programs\MiKTeX\tex/latex/pgf/utilities\pgfrcs.sty (C:\Users\cocha\AppData\Local\Programs\MiKTeX\tex/generic/pgf/utilities\pgfutil-common.tex
\pgfutil@everybye=\toks26
\pgfutil@tempdima=\dimen292
\pgfutil@tempdimb=\dimen293
) (C:\Users\cocha\AppData\Local\Programs\MiKTeX\tex/generic/pgf/utilities\pgfutil-latex.def
\pgfutil@abb=\box91
) (C:\Users\cocha\AppData\Local\Programs\MiKTeX\tex/generic/pgf/utilities\pgfrcs.code.tex (C:\Users\cocha\AppData\Local\Programs\MiKTeX\tex/generic/pgf\pgf.revision.tex)
Package: pgfrcs 2025-08-29 v3.1.11a (3.1.11a)
))
Package: pgf 2025-08-29 v3.1.11a (3.1.11a)
 (C:\Users\cocha\AppData\Local\Programs\MiKTeX\tex/latex/pgf/basiclayer\pgfcore.sty (C:\Users\cocha\AppData\Local\Programs\MiKTeX\tex/latex/graphics\graphicx.sty
Package: graphicx 2026-05-17 v1.2e Enhanced LaTeX Graphics (DPC,SPQR)
 (C:\Users\cocha\AppData\Local\Programs\MiKTeX\tex/latex/graphics\graphics.sty
Package: graphics 2026-05-17 v1.4h Standard LaTeX Graphics (DPC,SPQR)
 (C:\Users\cocha\AppData\Local\Programs\MiKTeX\tex/latex/graphics\trig.sty
Package: trig 2023/12/02 v1.11 sin cos tan (DPC)
) (C:\Users\cocha\AppData\Local\Programs\MiKTeX\tex/latex/graphics-cfg\graphics.cfg
File: graphics.cfg 2016/06/04 v1.11 sample graphics configuration
)
Package graphics Info: Driver file: pdftex.def on input line 106.
)
\Gin@req@height=\dimen294
\Gin@req@width=\dimen295
) (C:\Users\cocha\AppData\Local\Programs\MiKTeX\tex/latex/pgf/systemlayer\pgfsys.sty (C:\Users\cocha\AppData\Local\Programs\MiKTeX\tex/generic/pgf/systemlayer\pgfsys.code.tex
Package: pgfsys 2025-08-29 v3.1.11a (3.1.11a)
 (C:\Users\cocha\AppData\Local\Programs\MiKTeX\tex/generic/pgf/utilities\pgfkeys.code.tex
\pgfkeys@pathtoks=\toks27
\pgfkeys@temptoks=\toks28
 (C:\Users\cocha\AppData\Local\Programs\MiKTeX\tex/generic/pgf/utilities\pgfkeyslibraryfiltered.code.tex
\pgfkeys@tmptoks=\toks29
))
\pgf@x=\dimen296
\pgf@y=\dimen297
\pgf@xa=\dimen298
\pgf@ya=\dimen299
\pgf@xb=\dimen300
\pgf@yb=\dimen301
\pgf@xc=\dimen302
\pgf@yc=\dimen303
\pgf@xd=\dimen304
\pgf@yd=\dimen305
\w@pgf@writea=\write3
\r@pgf@reada=\read2
\c@pgf@counta=\count364
\c@pgf@countb=\count365
\c@pgf@countc=\count366
\c@pgf@countd=\count367
\t@pgf@toka=\toks30
\t@pgf@tokb=\toks31
\t@pgf@tokc=\toks32
\pgf@sys@id@count=\count368
 (C:\Users\cocha\AppData\Local\Programs\MiKTeX\tex/generic/pgf/systemlayer\pgf.cfg
File: pgf.cfg 2025-08-29 v3.1.11a (3.1.11a)
)
Driver file for pgf: pgfsys-pdftex.def
 (C:\Users\cocha\AppData\Local\Programs\MiKTeX\tex/generic/pgf/systemlayer\pgfsys-pdftex.def
File: pgfsys-pdftex.def 2025-08-29 v3.1.11a (3.1.11a)
 (C:\Users\cocha\AppData\Local\Programs\MiKTeX\tex/generic/pgf/systemlayer\pgfsys-common-pdf.def
File: pgfsys-common-pdf.def 2025-08-29 v3.1.11a (3.1.11a)
))) (C:\Users\cocha\AppData\Local\Programs\MiKTeX\tex/generic/pgf/systemlayer\pgfsyssoftpath.code.tex
File: pgfsyssoftpath.code.tex 2025-08-29 v3.1.11a (3.1.11a)
\pgfsyssoftpath@smallbuffer@items=\count369
\pgfsyssoftpath@bigbuffer@items=\count370
) (C:\Users\cocha\AppData\Local\Programs\MiKTeX\tex/generic/pgf/systemlayer\pgfsysprotocol.code.tex
File: pgfsysprotocol.code.tex 2025-08-29 v3.1.11a (3.1.11a)
)) (C:\Users\cocha\AppData\Local\Programs\MiKTeX\tex/generic/pgf/basiclayer\pgfcore.code.tex
Package: pgfcore 2025-08-29 v3.1.11a (3.1.11a)
 (C:\Users\cocha\AppData\Local\Programs\MiKTeX\tex/generic/pgf/math\pgfmath.code.tex (C:\Users\cocha\AppData\Local\Programs\MiKTeX\tex/generic/pgf/math\pgfmathutil.code.tex) (C:\Users\cocha\AppData\Local\Programs\MiKTeX\tex/generic/pgf/math\pgfmathparser.code.tex
\pgfmath@dimen=\dimen306
\pgfmath@count=\count371
\pgfmath@box=\box92
\pgfmath@toks=\toks33
\pgfmath@stack@operand=\toks34
\pgfmath@stack@operation=\toks35
) (C:\Users\cocha\AppData\Local\Programs\MiKTeX\tex/generic/pgf/math\pgfmathfunctions.code.tex) (C:\Users\cocha\AppData\Local\Programs\MiKTeX\tex/generic/pgf/math\pgfmathfunctions.basic.code.tex) (C:\Users\cocha\AppData\Local\Programs\MiKTeX\tex/generic/pgf/math\pgfmathfunctions.trigonometric.code.tex) (C:\Users\cocha\AppData\Local\Programs\MiKTeX\tex/generic/pgf/math\pgfmathfunctions.random.code.tex) (C:\Users\cocha\AppData\Local\Programs\MiKTeX\tex/generic/pgf/math\pgfmathfunctions.comparison.code.tex) (C:\Users\cocha\AppData\Local\Programs\MiKTeX\tex/generic/pgf/math\pgfmathfunctions.base.code.tex) (C:\Users\cocha\AppData\Local\Programs\MiKTeX\tex/generic/pgf/math\pgfmathfunctions.round.code.tex) (C:\Users\cocha\AppData\Local\Programs\MiKTeX\tex/generic/pgf/math\pgfmathfunctions.misc.code.tex) (C:\Users\cocha\AppData\Local\Programs\MiKTeX\tex/generic/pgf/math\pgfmathfunctions.integerarithmetics.code.tex) (C:\Users\cocha\AppData\Local\Programs\MiKTeX\tex/generic/pgf/math\pgfmathcalc.code.tex) (C:\Users\cocha\AppData\Local\Programs\MiKTeX\tex/generic/pgf/math\pgfmathfloat.code.tex
\c@pgfmathroundto@lastzeros=\count372
)) (C:\Users\cocha\AppData\Local\Programs\MiKTeX\tex/generic/pgf/math\pgfint.code.tex) (C:\Users\cocha\AppData\Local\Programs\MiKTeX\tex/generic/pgf/basiclayer\pgfcorepoints.code.tex
File: pgfcorepoints.code.tex 2025-08-29 v3.1.11a (3.1.11a)
\pgf@picminx=\dimen307
\pgf@picmaxx=\dimen308
\pgf@picminy=\dimen309
\pgf@picmaxy=\dimen310
\pgf@pathminx=\dimen311
\pgf@pathmaxx=\dimen312
\pgf@pathminy=\dimen313
\pgf@pathmaxy=\dimen314
\pgf@xx=\dimen315
\pgf@xy=\dimen316
\pgf@yx=\dimen317
\pgf@yy=\dimen318
\pgf@zx=\dimen319
\pgf@zy=\dimen320
) (C:\Users\cocha\AppData\Local\Programs\MiKTeX\tex/generic/pgf/basiclayer\pgfcorepathconstruct.code.tex
File: pgfcorepathconstruct.code.tex 2025-08-29 v3.1.11a (3.1.11a)
\pgf@path@lastx=\dimen321
\pgf@path@lasty=\dimen322
) (C:\Users\cocha\AppData\Local\Programs\MiKTeX\tex/generic/pgf/basiclayer\pgfcorepathusage.code.tex
File: pgfcorepathusage.code.tex 2025-08-29 v3.1.11a (3.1.11a)
\pgf@shorten@end@additional=\dimen323
\pgf@shorten@start@additional=\dimen324
) (C:\Users\cocha\AppData\Local\Programs\MiKTeX\tex/generic/pgf/basiclayer\pgfcorescopes.code.tex
File: pgfcorescopes.code.tex 2025-08-29 v3.1.11a (3.1.11a)
\pgfpic=\box93
\pgf@hbox=\box94
\pgf@layerbox@main=\box95
\pgf@picture@serial@count=\count373
) (C:\Users\cocha\AppData\Local\Programs\MiKTeX\tex/generic/pgf/basiclayer\pgfcoregraphicstate.code.tex
File: pgfcoregraphicstate.code.tex 2025-08-29 v3.1.11a (3.1.11a)
\pgflinewidth=\dimen325
) (C:\Users\cocha\AppData\Local\Programs\MiKTeX\tex/generic/pgf/basiclayer\pgfcoretransformations.code.tex
File: pgfcoretransformations.code.tex 2025-08-29 v3.1.11a (3.1.11a)
\pgf@pt@x=\dimen326
\pgf@pt@y=\dimen327
\pgf@pt@temp=\dimen328
) (C:\Users\cocha\AppData\Local\Programs\MiKTeX\tex/generic/pgf/basiclayer\pgfcorequick.code.tex
File: pgfcorequick.code.tex 2025-08-29 v3.1.11a (3.1.11a)
) (C:\Users\cocha\AppData\Local\Programs\MiKTeX\tex/generic/pgf/basiclayer\pgfcoreobjects.code.tex
File: pgfcoreobjects.code.tex 2025-08-29 v3.1.11a (3.1.11a)
) (C:\Users\cocha\AppData\Local\Programs\MiKTeX\tex/generic/pgf/basiclayer\pgfcorepathprocessing.code.tex
File: pgfcorepathprocessing.code.tex 2025-08-29 v3.1.11a (3.1.11a)
) (C:\Users\cocha\AppData\Local\Programs\MiKTeX\tex/generic/pgf/basiclayer\pgfcorearrows.code.tex
File: pgfcorearrows.code.tex 2025-08-29 v3.1.11a (3.1.11a)
\pgfarrowsep=\dimen329
) (C:\Users\cocha\AppData\Local\Programs\MiKTeX\tex/generic/pgf/basiclayer\pgfcoreshade.code.tex
File: pgfcoreshade.code.tex 2025-08-29 v3.1.11a (3.1.11a)
\pgf@max=\dimen330
\pgf@sys@shading@range@num=\count374
\pgf@shadingcount=\count375
) (C:\Users\cocha\AppData\Local\Programs\MiKTeX\tex/generic/pgf/basiclayer\pgfcoreimage.code.tex
File: pgfcoreimage.code.tex 2025-08-29 v3.1.11a (3.1.11a)
) (C:\Users\cocha\AppData\Local\Programs\MiKTeX\tex/generic/pgf/basiclayer\pgfcoreexternal.code.tex
File: pgfcoreexternal.code.tex 2025-08-29 v3.1.11a (3.1.11a)
\pgfexternal@startupbox=\box96
) (C:\Users\cocha\AppData\Local\Programs\MiKTeX\tex/generic/pgf/basiclayer\pgfcorelayers.code.tex
File: pgfcorelayers.code.tex 2025-08-29 v3.1.11a (3.1.11a)
) (C:\Users\cocha\AppData\Local\Programs\MiKTeX\tex/generic/pgf/basiclayer\pgfcoretransparency.code.tex
File: pgfcoretransparency.code.tex 2025-08-29 v3.1.11a (3.1.11a)
) (C:\Users\cocha\AppData\Local\Programs\MiKTeX\tex/generic/pgf/basiclayer\pgfcorepatterns.code.tex
File: pgfcorepatterns.code.tex 2025-08-29 v3.1.11a (3.1.11a)
) (C:\Users\cocha\AppData\Local\Programs\MiKTeX\tex/generic/pgf/basiclayer\pgfcorerdf.code.tex
File: pgfcorerdf.code.tex 2025-08-29 v3.1.11a (3.1.11a)
))) (C:\Users\cocha\AppData\Local\Programs\MiKTeX\tex/generic/pgf/modules\pgfmoduleshapes.code.tex
File: pgfmoduleshapes.code.tex 2025-08-29 v3.1.11a (3.1.11a)
\pgfnodeparttextbox=\box97
) (C:\Users\cocha\AppData\Local\Programs\MiKTeX\tex/generic/pgf/modules\pgfmoduleplot.code.tex
File: pgfmoduleplot.code.tex 2025-08-29 v3.1.11a (3.1.11a)
) (C:\Users\cocha\AppData\Local\Programs\MiKTeX\tex/latex/pgf/compatibility\pgfcomp-version-0-65.sty
Package: pgfcomp-version-0-65 2025-08-29 v3.1.11a (3.1.11a)
\pgf@nodesepstart=\dimen331
\pgf@nodesepend=\dimen332
) (C:\Users\cocha\AppData\Local\Programs\MiKTeX\tex/latex/pgf/compatibility\pgfcomp-version-1-18.sty
Package: pgfcomp-version-1-18 2025-08-29 v3.1.11a (3.1.11a)
)) (C:\Users\cocha\AppData\Local\Programs\MiKTeX\tex/latex/pgf/utilities\pgffor.sty (C:\Users\cocha\AppData\Local\Programs\MiKTeX\tex/latex/pgf/utilities\pgfkeys.sty (C:\Users\cocha\AppData\Local\Programs\MiKTeX\tex/generic/pgf/utilities\pgfkeys.code.tex)) (C:\Users\cocha\AppData\Local\Programs\MiKTeX\tex/latex/pgf/math\pgfmath.sty (C:\Users\cocha\AppData\Local\Programs\MiKTeX\tex/generic/pgf/math\pgfmath.code.tex)) (C:\Users\cocha\AppData\Local\Programs\MiKTeX\tex/generic/pgf/utilities\pgffor.code.tex
Package: pgffor 2025-08-29 v3.1.11a (3.1.11a)
\pgffor@iter=\dimen333
\pgffor@skip=\dimen334
\pgffor@stack=\toks36
\pgffor@toks=\toks37
)) (C:\Users\cocha\AppData\Local\Programs\MiKTeX\tex/generic/pgf/frontendlayer/tikz\tikz.code.tex
Package: tikz 2025-08-29 v3.1.11a (3.1.11a)
 (C:\Users\cocha\AppData\Local\Programs\MiKTeX\tex/generic/pgf/libraries\pgflibraryplothandlers.code.tex
File: pgflibraryplothandlers.code.tex 2025-08-29 v3.1.11a (3.1.11a)
\pgf@plot@mark@count=\count376
\pgfplotmarksize=\dimen335
)
\tikz@lastx=\dimen336
\tikz@lasty=\dimen337
\tikz@lastxsaved=\dimen338
\tikz@lastysaved=\dimen339
\tikz@lastmovetox=\dimen340
\tikz@lastmovetoy=\dimen341
\tikzleveldistance=\dimen342
\tikzsiblingdistance=\dimen343
\tikz@figbox=\box98
\tikz@figbox@bg=\box99
\tikz@tempbox=\box100
\tikz@tempbox@bg=\box101
\tikztreelevel=\count377
\tikznumberofchildren=\count378
\tikznumberofcurrentchild=\count379
\tikz@fig@count=\count380
 (C:\Users\cocha\AppData\Local\Programs\MiKTeX\tex/generic/pgf/modules\pgfmodulematrix.code.tex
File: pgfmodulematrix.code.tex 2025-08-29 v3.1.11a (3.1.11a)
\pgfmatrixcurrentrow=\count381
\pgfmatrixcurrentcolumn=\count382
\pgf@matrix@numberofcolumns=\count383
)
\tikz@expandcount=\count384
 (C:\Users\cocha\AppData\Local\Programs\MiKTeX\tex/generic/pgf/frontendlayer/tikz/libraries\tikzlibrarytopaths.code.tex
File: tikzlibrarytopaths.code.tex 2025-08-29 v3.1.11a (3.1.11a)
))) (C:\Users\cocha\AppData\Local\Programs\MiKTeX\tex/latex/etoolbox\etoolbox.sty
Package: etoolbox 2025/10/02 v2.5m e-TeX tools for LaTeX (JAW)
\etb@tempcnta=\count385
)
\@venn@Ax=\skip58
\@venn@Ay=\skip59
\@venn@Bx=\skip60
\@venn@By=\skip61
\@venn@Cx=\skip62
\@venn@Cy=\skip63
\@venn@w=\skip64
\@venn@h=\skip65
\@venn@intersect@i@x=\skip66
\@venn@intersect@i@y=\skip67
\@venn@intersect@ii@x=\skip68
\@venn@intersect@ii@y=\skip69
) (C:\Users\cocha\AppData\Local\Programs\MiKTeX\tex/latex/tools\enumerate.sty
Package: enumerate 2023/07/04 v3.00 enumerate extensions (DPC)
\@enLab=\toks38
) (C:\Users\cocha\AppData\Local\Programs\MiKTeX\tex/latex/tkz-euclide\tkz-euclide.sty
2026/01/25 5.13c tkz-euclide.sty
Package: tkz-euclide  2026/01/25 5.13c for pure Euclidean Geometry 
(C:\Users\cocha\AppData\Local\Programs\MiKTeX\tex/generic/pgf/frontendlayer/tikz/libraries\tikzlibraryangles.code.tex
File: tikzlibraryangles.code.tex 2025-08-29 v3.1.11a (3.1.11a)
) (C:\Users\cocha\AppData\Local\Programs\MiKTeX\tex/generic/pgf/frontendlayer/tikz/libraries\tikzlibraryarrows.code.tex
File: tikzlibraryarrows.code.tex 2025-08-29 v3.1.11a (3.1.11a)
 (C:\Users\cocha\AppData\Local\Programs\MiKTeX\tex/generic/pgf/libraries\pgflibraryarrows.code.tex
File: pgflibraryarrows.code.tex 2025-08-29 v3.1.11a (3.1.11a)
\arrowsize=\dimen344
)) (C:\Users\cocha\AppData\Local\Programs\MiKTeX\tex/generic/pgf/libraries\pgflibraryarrows.meta.code.tex
File: pgflibraryarrows.meta.code.tex 2025-08-29 v3.1.11a (3.1.11a)
\pgfarrowinset=\dimen345
\pgfarrowlength=\dimen346
\pgfarrowwidth=\dimen347
\pgfarrowlinewidth=\dimen348
) (C:\Users\cocha\AppData\Local\Programs\MiKTeX\tex/generic/pgf/frontendlayer/tikz/libraries\tikzlibrarybackgrounds.code.tex
File: tikzlibrarybackgrounds.code.tex 2025-08-29 v3.1.11a (3.1.11a)
\pgf@layerbox@background=\box102
\pgf@layerboxsaved@background=\box103
) (C:\Users\cocha\AppData\Local\Programs\MiKTeX\tex/generic/pgf/frontendlayer/tikz/libraries\tikzlibrarycalc.code.tex
File: tikzlibrarycalc.code.tex 2025-08-29 v3.1.11a (3.1.11a)
) (C:\Users\cocha\AppData\Local\Programs\MiKTeX\tex/generic/pgf/frontendlayer/tikz/libraries\tikzlibrarydecorations.code.tex (C:\Users\cocha\AppData\Local\Programs\MiKTeX\tex/generic/pgf/modules\pgfmoduledecorations.code.tex
\pgfdecoratedcompleteddistance=\dimen349
\pgfdecoratedremainingdistance=\dimen350
\pgfdecoratedinputsegmentcompleteddistance=\dimen351
\pgfdecoratedinputsegmentremainingdistance=\dimen352
\pgf@decorate@distancetomove=\dimen353
\pgf@decorate@repeatstate=\count386
\pgfdecorationsegmentamplitude=\dimen354
\pgfdecorationsegmentlength=\dimen355
)
\tikz@lib@dec@box=\box104
) (C:\Users\cocha\AppData\Local\Programs\MiKTeX\tex/generic/pgf/frontendlayer/tikz/libraries\tikzlibrarydecorations.markings.code.tex (C:\Users\cocha\AppData\Local\Programs\MiKTeX\tex/generic/pgf/libraries/decorations\pgflibrarydecorations.markings.code.tex)) (C:\Users\cocha\AppData\Local\Programs\MiKTeX\tex/generic/pgf/frontendlayer/tikz/libraries\tikzlibrarydecorations.pathreplacing.code.tex (C:\Users\cocha\AppData\Local\Programs\MiKTeX\tex/generic/pgf/libraries/decorations\pgflibrarydecorations.pathreplacing.code.tex)) (C:\Users\cocha\AppData\Local\Programs\MiKTeX\tex/generic/pgf/frontendlayer/tikz/libraries\tikzlibrarydecorations.shapes.code.tex (C:\Users\cocha\AppData\Local\Programs\MiKTeX\tex/generic/pgf/libraries/decorations\pgflibrarydecorations.shapes.code.tex)) (C:\Users\cocha\AppData\Local\Programs\MiKTeX\tex/generic/pgf/frontendlayer/tikz/libraries\tikzlibrarydecorations.text.code.tex (C:\Users\cocha\AppData\Local\Programs\MiKTeX\tex/generic/pgf/libraries/decorations\pgflibrarydecorations.text.code.tex
\pgf@lib@dec@text@box=\box105
)
\tikz@lib@dec@te@box=\box106
) (C:\Users\cocha\AppData\Local\Programs\MiKTeX\tex/generic/pgf/frontendlayer/tikz/libraries\tikzlibrarydecorations.pathmorphing.code.tex (C:\Users\cocha\AppData\Local\Programs\MiKTeX\tex/generic/pgf/libraries/decorations\pgflibrarydecorations.pathmorphing.code.tex)) (C:\Users\cocha\AppData\Local\Programs\MiKTeX\tex/generic/pgf/frontendlayer/tikz/libraries\tikzlibraryintersections.code.tex (C:\Users\cocha\AppData\Local\Programs\MiKTeX\tex/generic/pgf/libraries\pgflibraryintersections.code.tex (C:\Users\cocha\AppData\Local\Programs\MiKTeX\tex/generic/pgf/libraries\pgflibraryfpu.code.tex)
\pgf@intersect@solutions=\count387
)) (C:\Users\cocha\AppData\Local\Programs\MiKTeX\tex/generic/pgf/frontendlayer/tikz/libraries\tikzlibrarymath.code.tex (C:\Users\cocha\AppData\Local\Programs\MiKTeX\tex/generic/pgf/frontendlayer/tikz/libraries\tikzlibraryfpu.code.tex)
\tikz@math@for@depth=\count388
\tikz@math@dimen=\dimen356
\tikz@math@toks=\toks39
) (C:\Users\cocha\AppData\Local\Programs\MiKTeX\tex/generic/pgf/frontendlayer/tikz/libraries\tikzlibraryplotmarks.code.tex
File: tikzlibraryplotmarks.code.tex 2025-08-29 v3.1.11a (3.1.11a)
 (C:\Users\cocha\AppData\Local\Programs\MiKTeX\tex/generic/pgf/libraries\pgflibraryplotmarks.code.tex
File: pgflibraryplotmarks.code.tex 2025-08-29 v3.1.11a (3.1.11a)
)) (C:\Users\cocha\AppData\Local\Programs\MiKTeX\tex/generic/pgf/frontendlayer/tikz/libraries\tikzlibrarypositioning.code.tex
File: tikzlibrarypositioning.code.tex 2025-08-29 v3.1.11a (3.1.11a)
) (C:\Users\cocha\AppData\Local\Programs\MiKTeX\tex/generic/pgf/frontendlayer/tikz/libraries\tikzlibraryquotes.code.tex
File: tikzlibraryquotes.code.tex 2025-08-29 v3.1.11a (3.1.11a)
) (C:\Users\cocha\AppData\Local\Programs\MiKTeX\tex/generic/pgf/frontendlayer/tikz/libraries\tikzlibraryshapes.misc.code.tex
File: tikzlibraryshapes.misc.code.tex 2025-08-29 v3.1.11a (3.1.11a)
 (C:\Users\cocha\AppData\Local\Programs\MiKTeX\tex/generic/pgf/libraries/shapes\pgflibraryshapes.misc.code.tex
File: pgflibraryshapes.misc.code.tex 2025-08-29 v3.1.11a (3.1.11a)
)) (C:\Users\cocha\AppData\Local\Programs\MiKTeX\tex/generic/pgf/frontendlayer/tikz/libraries\tikzlibrarythrough.code.tex
File: tikzlibrarythrough.code.tex 2025-08-29 v3.1.11a (3.1.11a)
) (C:\Users\cocha\AppData\Local\Programs\MiKTeX\tex/latex/l3packages/xfp\xfp.sty
Package: xfp 2025-10-09 L3 Floating point unit
) (C:\Users\cocha\AppData\Local\Programs\MiKTeX\tex/latex/xpatch\xpatch.sty
Package: xpatch 2020/03/25 v0.3a Extending etoolbox patching commands
)
\tkzRadius=\dimen357
\tkzLength=\dimen358
\tkz@radi=\dimen359
\tkz@ax=\dimen360
\tkz@ay=\dimen361
\tkz@bx=\dimen362
\tkz@by=\dimen363
\tkz@cx=\dimen364
\tkz@cy=\dimen365
\tkz@dx=\dimen366
\tkz@dy=\dimen367
\tkz@cntmk=\count389

Local configuration file tkz-euclide.cfg found and used
(C:\Users\cocha\AppData\Local\Programs\MiKTeX\tex/latex/tkz-euclide\tkz-euclide.cfg
2026/01/25 5.13c tkz-euclide.cfg
) (C:\Users\cocha\AppData\Local\Programs\MiKTeX\tex/latex/tkz-euclide/tools\tkz-tools-eu-base.tex
2026/01/25 5.13c tkz-tools-eu-base.tex
) (C:\Users\cocha\AppData\Local\Programs\MiKTeX\tex/latex/tkz-euclide/tools\tkz-tools-eu-utilities.tex
2026/01/25 5.13c tkz-tools-eu-utilities.tex
) (C:\Users\cocha\AppData\Local\Programs\MiKTeX\tex/latex/tkz-euclide/tools\tkz-tools-eu-BB.tex
2026/01/25 5.13c tkz-obj-eu-BB.tex
) (C:\Users\cocha\AppData\Local\Programs\MiKTeX\tex/latex/tkz-euclide/obj\tkz-obj-eu-grids.tex
2026/01/25 5.13c tkz-obj-eu-grids.tex
) (C:\Users\cocha\AppData\Local\Programs\MiKTeX\tex/latex/tkz-euclide/libs\tkz-lib-eu-marks.tex
2026/01/25 5.13c tkz-lib-eu-marks.tex
) (C:\Users\cocha\AppData\Local\Programs\MiKTeX\tex/latex/tkz-euclide/tools\tkz-tools-eu-text.tex
2026/01/25 5.13c tkz-tools-eu-text.tex
) (C:\Users\cocha\AppData\Local\Programs\MiKTeX\tex/latex/tkz-euclide/libs\tkz-lib-eu-shape.tex
2026/01/25 5.13c tkz-lib-eu-shape.tex
) (C:\Users\cocha\AppData\Local\Programs\MiKTeX\tex/latex/tkz-euclide/obj\tkz-obj-eu-axesmin.tex
2026/01/25 5.13c tkz-obj-eu-axesmin
) (C:\Users\cocha\AppData\Local\Programs\MiKTeX\tex/latex/tkz-euclide/tools\tkz-tools-eu-colors.tex
2026/01/25 5.13c tkz-tools-eu-colors
) (C:\Users\cocha\AppData\Local\Programs\MiKTeX\tex/latex/tkz-euclide/obj\tkz-obj-eu-points.tex
2026/01/25 5.13c tkz-obj-eu-points.tex
) (C:\Users\cocha\AppData\Local\Programs\MiKTeX\tex/latex/tkz-euclide/drawings\tkz-draw-eu-points.tex
2026/01/25 5.13c tkz-draw-eu-points.tex
) (C:\Users\cocha\AppData\Local\Programs\MiKTeX\tex/latex/tkz-euclide/obj\tkz-obj-eu-points.tex
2026/01/25 5.13c tkz-obj-eu-points.tex
) (C:\Users\cocha\AppData\Local\Programs\MiKTeX\tex/latex/tkz-euclide/obj\tkz-obj-eu-points-by.tex
2026/01/25 5.13c tkz-tools-eu-points-by.tex
) (C:\Users\cocha\AppData\Local\Programs\MiKTeX\tex/latex/tkz-euclide/tools\tkz-tools-eu-math.tex
2026/01/25 5.13c tkz-tools-eu-math.tex
) (C:\Users\cocha\AppData\Local\Programs\MiKTeX\tex/latex/tkz-euclide/tools\tkz-tools-eu-intersections.tex
2026/01/25 5.13c tkz-tools-eu-intersections.tex
) (C:\Users\cocha\AppData\Local\Programs\MiKTeX\tex/latex/tkz-euclide/obj\tkz-obj-eu-points-with.tex
2026/01/25 5.13c tkz-obj-eu-points-with.tex
) (C:\Users\cocha\AppData\Local\Programs\MiKTeX\tex/latex/tkz-euclide/obj\tkz-obj-eu-points-spc.tex
2026/01/25 5.13c tkz-obj-el-points.tex
) (C:\Users\cocha\AppData\Local\Programs\MiKTeX\tex/latex/tkz-euclide/tools\tkz-tools-eu-angles.tex
2026/01/25 5.13c tkz-tools-eu-angles.tex
) (C:\Users\cocha\AppData\Local\Programs\MiKTeX\tex/latex/tkz-euclide/obj\tkz-obj-eu-circles.tex
2026/01/25 5.13c tkz-obj-eu-circles.tex
) (C:\Users\cocha\AppData\Local\Programs\MiKTeX\tex/latex/tkz-euclide/obj\tkz-obj-eu-circles-by.tex
2026/01/25 5.13c tkz-obj-eu-circles.tex
) (C:\Users\cocha\AppData\Local\Programs\MiKTeX\tex/latex/tkz-euclide/obj\tkz-obj-eu-points-rnd.tex
2026/01/25 5.13c tkz-obj-eu-points-rnd.tex
) (C:\Users\cocha\AppData\Local\Programs\MiKTeX\tex/latex/tkz-euclide/obj\tkz-obj-eu-lines.tex
2026/01/25 5.13c tkz-obj-eu-lines.tex
) (C:\Users\cocha\AppData\Local\Programs\MiKTeX\tex/latex/tkz-euclide/obj\tkz-obj-eu-polygons.tex
2026/01/25 5.13c tkz-obj-eu-polygons.tex
) (C:\Users\cocha\AppData\Local\Programs\MiKTeX\tex/latex/tkz-euclide/obj\tkz-obj-eu-triangles.tex
2026/01/25 5.13c tkz-obj-eu-triangles.tex
) (C:\Users\cocha\AppData\Local\Programs\MiKTeX\tex/latex/tkz-euclide/drawings\tkz-draw-eu-lines.tex
2026/01/25 5.13c tkz-obj-eu-draw-lines.tex
) (C:\Users\cocha\AppData\Local\Programs\MiKTeX\tex/latex/tkz-euclide/drawings\tkz-draw-eu-circles.tex
2026/01/25 5.13c tkz-obj-eu-draw-circles.tex
) (C:\Users\cocha\AppData\Local\Programs\MiKTeX\tex/latex/tkz-euclide/drawings\tkz-draw-eu-ellipses.tex
2026/01/25 5.13c tkz-obj-eu-draw-ellipses.tex
) (C:\Users\cocha\AppData\Local\Programs\MiKTeX\tex/latex/tkz-euclide/drawings\tkz-draw-eu-polygons.tex
2026/01/25 5.13c tkz-obj-eu-polygons.tex
) (C:\Users\cocha\AppData\Local\Programs\MiKTeX\tex/latex/tkz-euclide/drawings\tkz-draw-eu-arcs.tex
2026/01/25 5.13c tkz-tool-eu-arcs.tex
) (C:\Users\cocha\AppData\Local\Programs\MiKTeX\tex/latex/tkz-euclide/drawings\tkz-draw-eu-angles.tex
2026/01/25 5.13c tkz-tool-eu-angles.tex
) (C:\Users\cocha\AppData\Local\Programs\MiKTeX\tex/latex/tkz-euclide/drawings\tkz-draw-eu-sectors.tex
2026/01/25 5.13c tkz-obj-eu-sectors.tex
) (C:\Users\cocha\AppData\Local\Programs\MiKTeX\tex/latex/tkz-euclide/drawings\tkz-draw-eu-compass.tex
2026/01/25 5.13c tkz-obj-eu-compass.tex
) (C:\Users\cocha\AppData\Local\Programs\MiKTeX\tex/latex/tkz-euclide/drawings\tkz-draw-eu-show.tex
2026/01/25 5.13c tkz-obj-eu-show.tex
) (C:\Users\cocha\AppData\Local\Programs\MiKTeX\tex/latex/tkz-euclide/drawings\tkz-draw-eu-protractor.tex
2026/01/25 5.13c tkz-obj-eu-protractor.tex
)) (tikz-3dplot.sty (C:\Users\cocha\AppData\Local\Programs\MiKTeX\tex/latex/base\ifthen.sty
Package: ifthen 2024/03/16 v1.1e Standard LaTeX ifthen package (DPC)
)) (tkz-tab.sty
Package: tkz-tab 2019/01/19 v1.4e variations (ctan version) 
 (C:\Users\cocha\AppData\Local\Programs\MiKTeX\tex/generic/pgf/frontendlayer/tikz/libraries\tikzlibrarypatterns.code.tex
File: tikzlibrarypatterns.code.tex 2025-08-29 v3.1.11a (3.1.11a)
 (C:\Users\cocha\AppData\Local\Programs\MiKTeX\tex/generic/pgf/libraries\pgflibrarypatterns.code.tex
File: pgflibrarypatterns.code.tex 2025-08-29 v3.1.11a (3.1.11a)
))
\tkz@XF=\dimen368
\tkz@YF=\dimen369
\c@tkz@cnt@line=\count390
\c@tkz@cnt@lg=\count391
\c@tkz@cnt@cl=\count392
\c@tkz@cnt@pred=\count393
\c@tkz@cnt@temp=\count394
\c@tkz@cnt@arrow=\count395
\c@tkz@cnt@zone=\count396
\c@tkz@cnt@lgnext=\count397
\c@tkz@cnt@clnext=\count398
\c@tkz@cnt@pair=\count399
\c@tkz@cnt@impair=\count400
\c@tkz@cnt@aw=\count401
) (C:\Users\cocha\AppData\Local\Programs\MiKTeX\tex/latex/psnfss\pifont.sty
Package: pifont 2020/03/25 PSNFSS-v9.3 Pi font support (SPQR) 
LaTeX Font Info:    Trying to load font information for U+pzd on input line 63.
 (C:\Users\cocha\AppData\Local\Programs\MiKTeX\tex/latex/psnfss\upzd.fd
File: upzd.fd 2001/06/04 font definitions for U/pzd.
)
LaTeX Font Info:    Trying to load font information for U+psy on input line 64.
 (C:\Users\cocha\AppData\Local\Programs\MiKTeX\tex/latex/psnfss\upsy.fd
File: upsy.fd 2001/06/04 font definitions for U/psy.
)) (casiovn.sty
Package: casiovn 2018/07/17 version 1.01 Le Dinh Man
 (C:\Users\cocha\AppData\Local\Programs\MiKTeX\tex/latex/tools\xspace.sty
Package: xspace 2014/10/28 v1.13 Space after command names (DPC,MH)
){C:/Users/cocha/AppData/Local/MiKTeX/fonts/map/pdftex/pdftex.map}

pdfTeX warning: pdflatex (file CASIOfonts.map): cannot open font map file
LaTeX Info: Redefining \exp2k on input line 24.
) (C:\Users\cocha\AppData\Local\Programs\MiKTeX\tex/latex/cancel\cancel.sty
Package: cancel 2013/04/12 v2.2 Cancel math terms
) (C:\Users\cocha\AppData\Local\Programs\MiKTeX\tex/latex/pdfpages\pdfpages.sty
Package: pdfpages 2026/03/30 v0.6h Insert pages of external PDF documents (AM)
 (C:\Users\cocha\AppData\Local\Programs\MiKTeX\tex/latex/tools\calc.sty
Package: calc 2025/03/01 v4.3b Infix arithmetic (KKT,FJ)
\calc@Acount=\count402
\calc@Bcount=\count403
\calc@Adimen=\dimen370
\calc@Bdimen=\dimen371
\calc@Askip=\skip70
\calc@Bskip=\skip71
LaTeX Info: Redefining \setlength on input line 86.
LaTeX Info: Redefining \addtolength on input line 87.
\calc@Ccount=\count404
\calc@Cskip=\skip72
) (C:\Users\cocha\AppData\Local\Programs\MiKTeX\tex/latex/eso-pic\eso-pic.sty
Package: eso-pic 2026/05/31 v3.0e eso-pic (RN)
\ESO@tempdima=\dimen372
\ESO@tempdimb=\dimen373
)
\AM@pagewidth=\dimen374
\AM@pageheight=\dimen375
\AM@fboxrule=\dimen376
 (C:\Users\cocha\AppData\Local\Programs\MiKTeX\tex/latex/pdfpages\pppdftex.def
File: pppdftex.def 2026/03/30 v0.6h Pdfpages driver for pdfTeX (AM)
)
\pdfpages@includegraphics@status=\count405
\AM@pagebox=\box107
\AM@global@opts=\toks40
\AM@pagecnt=\count406
\AM@toc@title=\toks41
\AM@lof@heading=\toks42
\c@AM@survey=\count407
\AM@templatesizebox=\box108
) (C:\Users\cocha\AppData\Local\Programs\MiKTeX\tex/generic/pgf/frontendlayer/tikz/libraries\tikzlibraryshapes.code.tex
File: tikzlibraryshapes.code.tex 2025-08-29 v3.1.11a (3.1.11a)
 (C:\Users\cocha\AppData\Local\Programs\MiKTeX\tex/generic/pgf/frontendlayer/tikz/libraries\tikzlibraryshapes.geometric.code.tex
File: tikzlibraryshapes.geometric.code.tex 2025-08-29 v3.1.11a (3.1.11a)
 (C:\Users\cocha\AppData\Local\Programs\MiKTeX\tex/generic/pgf/libraries/shapes\pgflibraryshapes.geometric.code.tex
File: pgflibraryshapes.geometric.code.tex 2025-08-29 v3.1.11a (3.1.11a)
)) (C:\Users\cocha\AppData\Local\Programs\MiKTeX\tex/generic/pgf/frontendlayer/tikz/libraries\tikzlibraryshapes.symbols.code.tex
File: tikzlibraryshapes.symbols.code.tex 2025-08-29 v3.1.11a (3.1.11a)
 (C:\Users\cocha\AppData\Local\Programs\MiKTeX\tex/generic/pgf/libraries/shapes\pgflibraryshapes.symbols.code.tex
File: pgflibraryshapes.symbols.code.tex 2025-08-29 v3.1.11a (3.1.11a)
)) (C:\Users\cocha\AppData\Local\Programs\MiKTeX\tex/generic/pgf/frontendlayer/tikz/libraries\tikzlibraryshapes.arrows.code.tex
File: tikzlibraryshapes.arrows.code.tex 2025-08-29 v3.1.11a (3.1.11a)
 (C:\Users\cocha\AppData\Local\Programs\MiKTeX\tex/generic/pgf/libraries/shapes\pgflibraryshapes.arrows.code.tex
File: pgflibraryshapes.arrows.code.tex 2025-08-29 v3.1.11a (3.1.11a)
)) (C:\Users\cocha\AppData\Local\Programs\MiKTeX\tex/generic/pgf/frontendlayer/tikz/libraries\tikzlibraryshapes.callouts.code.tex (C:\Users\cocha\AppData\Local\Programs\MiKTeX\tex/generic/pgf/libraries/shapes\pgflibraryshapes.callouts.code.tex)) (C:\Users\cocha\AppData\Local\Programs\MiKTeX\tex/generic/pgf/frontendlayer/tikz/libraries\tikzlibraryshapes.multipart.code.tex
File: tikzlibraryshapes.multipart.code.tex 2025-08-29 v3.1.11a (3.1.11a)
 (C:\Users\cocha\AppData\Local\Programs\MiKTeX\tex/generic/pgf/libraries/shapes\pgflibraryshapes.multipart.code.tex
File: pgflibraryshapes.multipart.code.tex 2025-08-29 v3.1.11a (3.1.11a)
\pgfnodepartlowerbox=\box109
\pgfnodeparttwobox=\box110
\pgfnodepartthreebox=\box111
\pgfnodepartfourbox=\box112
\pgfnodeparttwentybox=\box113
\pgfnodepartnineteenbox=\box114
\pgfnodeparteighteenbox=\box115
\pgfnodepartseventeenbox=\box116
\pgfnodepartsixteenbox=\box117
\pgfnodepartfifteenbox=\box118
\pgfnodepartfourteenbox=\box119
\pgfnodepartthirteenbox=\box120
\pgfnodeparttwelvebox=\box121
\pgfnodepartelevenbox=\box122
\pgfnodeparttenbox=\box123
\pgfnodepartninebox=\box124
\pgfnodeparteightbox=\box125
\pgfnodepartsevenbox=\box126
\pgfnodepartsixbox=\box127
\pgfnodepartfivebox=\box128
))) (C:\Users\cocha\AppData\Local\Programs\MiKTeX\tex/generic/pgf/frontendlayer/tikz/libraries\tikzlibrarysnakes.code.tex
File: tikzlibrarysnakes.code.tex 2025-08-29 v3.1.11a (3.1.11a)


Package pgf Warning: Snakes have been superseded by decorations. Please use the decoration libraries instead of the snakes library on input line 14.

) (C:\Users\cocha\AppData\Local\Programs\MiKTeX\tex/generic/pgf/frontendlayer/tikz/libraries\tikzlibrarymatrix.code.tex
File: tikzlibrarymatrix.code.tex 2025-08-29 v3.1.11a (3.1.11a)
) (C:\Users\cocha\AppData\Local\Programs\MiKTeX\tex/generic/pgf/frontendlayer/tikz/libraries\tikzlibrarychains.code.tex
File: tikzlibrarychains.code.tex 2025-08-29 v3.1.11a (3.1.11a)
) (C:\Users\cocha\AppData\Local\Programs\MiKTeX\tex/generic/pgf/frontendlayer/tikz/libraries\tikzlibrarydecorations.fractals.code.tex (C:\Users\cocha\AppData\Local\Programs\MiKTeX\tex/generic/pgf/libraries/decorations\pgflibrarydecorations.fractals.code.tex)) (C:\Users\cocha\AppData\Local\Programs\MiKTeX\tex/generic/pgf/frontendlayer/tikz/libraries\tikzlibraryshadows.code.tex
File: tikzlibraryshadows.code.tex 2025-08-29 v3.1.11a (3.1.11a)
 (C:\Users\cocha\AppData\Local\Programs\MiKTeX\tex/generic/pgf/frontendlayer/tikz/libraries\tikzlibraryfadings.code.tex
File: tikzlibraryfadings.code.tex 2025-08-29 v3.1.11a (3.1.11a)
 (C:\Users\cocha\AppData\Local\Programs\MiKTeX\tex/generic/pgf/libraries\pgflibraryfadings.code.tex
File: pgflibraryfadings.code.tex 2025-08-29 v3.1.11a (3.1.11a)
))) (C:\Users\cocha\AppData\Local\Programs\MiKTeX\tex/generic/pgf/frontendlayer/tikz/libraries\tikzlibrary3d.code.tex
File: tikzlibrary3d.code.tex 2025-08-29 v3.1.11a (3.1.11a)
) (C:\Users\cocha\AppData\Local\Programs\MiKTeX\tex/generic/pgf/frontendlayer/tikz/libraries\tikzlibraryshadings.code.tex
File: tikzlibraryshadings.code.tex 2025-08-29 v3.1.11a (3.1.11a)
 (C:\Users\cocha\AppData\Local\Programs\MiKTeX\tex/generic/pgf/libraries\pgflibraryshadings.code.tex
File: pgflibraryshadings.code.tex 2025-08-29 v3.1.11a (3.1.11a)
)) (C:\Users\cocha\AppData\Local\Programs\MiKTeX\tex/latex/pgfplots\pgfplots.sty (C:\Users\cocha\AppData\Local\Programs\MiKTeX\tex/generic/pgfplots\pgfplots.revision.tex)
Package: pgfplots 2021/05/15 v1.18.1 Data Visualization (1.18.1)
 (C:\Users\cocha\AppData\Local\Programs\MiKTeX\tex/generic/pgfplots\pgfplots.code.tex (C:\Users\cocha\AppData\Local\Programs\MiKTeX\tex/generic/pgfplots\pgfplotscore.code.tex
\t@pgfplots@toka=\toks43
\t@pgfplots@tokb=\toks44
\t@pgfplots@tokc=\toks45
\pgfplots@tmpa=\dimen377
\c@pgfplots@coordindex=\count408
\c@pgfplots@scanlineindex=\count409
 (C:\Users\cocha\AppData\Local\Programs\MiKTeX\tex/generic/pgfplots/sys\pgfplotssysgeneric.code.tex)) (C:\Users\cocha\AppData\Local\Programs\MiKTeX\tex/generic/pgfplots/libs\pgfplotslibrary.code.tex) (C:\Users\cocha\AppData\Local\Programs\MiKTeX\tex/generic/pgfplots/oldpgfcompatib\pgfplotsoldpgfsupp_loader.code.tex
Package pgfplots: loading complementary utilities for your pgf version...
\t@pgf@toka=\toks46
\t@pgf@tokb=\toks47
\t@pgf@tokc=\toks48
(C:\Users\cocha\AppData\Local\Programs\MiKTeX\tex/generic/pgfplots/oldpgfcompatib\pgfplotsoldpgfsupp_pgfutil-common-lists.tex)) (C:\Users\cocha\AppData\Local\Programs\MiKTeX\tex/generic/pgfplots/util\pgfplotsutil.code.tex (C:\Users\cocha\AppData\Local\Programs\MiKTeX\tex/generic/pgfplots/liststructure\pgfplotsliststructure.code.tex) (C:\Users\cocha\AppData\Local\Programs\MiKTeX\tex/generic/pgfplots/liststructure\pgfplotsliststructureext.code.tex) (C:\Users\cocha\AppData\Local\Programs\MiKTeX\tex/generic/pgfplots/liststructure\pgfplotsarray.code.tex
\c@pgfplotsarray@tmp=\count410
) (C:\Users\cocha\AppData\Local\Programs\MiKTeX\tex/generic/pgfplots/liststructure\pgfplotsmatrix.code.tex) (C:\Users\cocha\AppData\Local\Programs\MiKTeX\tex/generic/pgfplots/numtable\pgfplotstableshared.code.tex
\c@pgfplotstable@counta=\count411
\t@pgfplotstable@a=\toks49
) (C:\Users\cocha\AppData\Local\Programs\MiKTeX\tex/generic/pgfplots/liststructure\pgfplotsdeque.code.tex) (C:\Users\cocha\AppData\Local\Programs\MiKTeX\tex/generic/pgfplots/util\pgfplotsbinary.code.tex (C:\Users\cocha\AppData\Local\Programs\MiKTeX\tex/generic/pgfplots/util\pgfplotsbinary.data.code.tex)) (C:\Users\cocha\AppData\Local\Programs\MiKTeX\tex/generic/pgfplots/util\pgfplotsutil.verb.code.tex) (C:\Users\cocha\AppData\Local\Programs\MiKTeX\tex/generic/pgfplots/libs\pgflibrarypgfplots.surfshading.code.tex
\c@pgfplotslibrarysurf@no=\count412
 (C:\Users\cocha\AppData\Local\Programs\MiKTeX\tex/generic/pgfplots/sys\pgflibrarypgfplots.surfshading.pgfsys-pdftex.def))) (C:\Users\cocha\AppData\Local\Programs\MiKTeX\tex/generic/pgfplots/util\pgfplotscolormap.code.tex (C:\Users\cocha\AppData\Local\Programs\MiKTeX\tex/generic/pgfplots/util\pgfplotscolor.code.tex)) (C:\Users\cocha\AppData\Local\Programs\MiKTeX\tex/generic/pgfplots\pgfplotsstackedplots.code.tex) (C:\Users\cocha\AppData\Local\Programs\MiKTeX\tex/generic/pgfplots\pgfplotsplothandlers.code.tex (C:\Users\cocha\AppData\Local\Programs\MiKTeX\tex/generic/pgfplots\pgfplotsmeshplothandler.code.tex (C:\Users\cocha\AppData\Local\Programs\MiKTeX\tex/generic/pgfplots\pgfplotsmeshplotimage.code.tex))) (C:\Users\cocha\AppData\Local\Programs\MiKTeX\tex/generic/pgfplots\pgfplots.scaling.code.tex) (C:\Users\cocha\AppData\Local\Programs\MiKTeX\tex/generic/pgfplots\pgfplotscoordprocessing.code.tex) (C:\Users\cocha\AppData\Local\Programs\MiKTeX\tex/generic/pgfplots\pgfplots.errorbars.code.tex) (C:\Users\cocha\AppData\Local\Programs\MiKTeX\tex/generic/pgfplots\pgfplots.markers.code.tex) (C:\Users\cocha\AppData\Local\Programs\MiKTeX\tex/generic/pgfplots\pgfplotsticks.code.tex) (C:\Users\cocha\AppData\Local\Programs\MiKTeX\tex/generic/pgfplots\pgfplots.paths.code.tex) (C:\Users\cocha\AppData\Local\Programs\MiKTeX\tex/generic/pgfplots/libs\tikzlibrarypgfplots.contourlua.code.tex)
\pgfplots@numplots=\count413
\pgfplots@xmin@reg=\dimen378
\pgfplots@xmax@reg=\dimen379
\pgfplots@ymin@reg=\dimen380
\pgfplots@ymax@reg=\dimen381
\pgfplots@zmin@reg=\dimen382
\pgfplots@zmax@reg=\dimen383
)) (C:\Users\cocha\AppData\Local\Programs\MiKTeX\tex/latex/pgfornament\pgfornament.sty (C:\Users\cocha\AppData\Local\Programs\MiKTeX\tex/latex/pgfopts\pgfopts.sty
Package: pgfopts 2014/07/10 v2.1a LaTeX package options with pgfkeys
\pgfopts@list@add@a@toks=\toks50
\pgfopts@list@add@b@toks=\toks51
)
Package: pgfornament 2024/08/14 v1.3 vector ornaments
 (C:\Users\cocha\AppData\Local\Programs\MiKTeX\tex/latex/pgfornament\pgflibraryvectorian.code.tex
2020/04/06 1.1 pgflibraryvectorian.code.tex
)) (C:\Users\cocha\AppData\Local\Programs\MiKTeX\tex/generic/pgfplots/libs\tikzlibrarypgfplots.fillbetween.code.tex (C:\Users\cocha\AppData\Local\Programs\MiKTeX\tex/generic/pgfplots/pgfcontrib\tikzlibraryfillbetween.code.tex (C:\Users\cocha\AppData\Local\Programs\MiKTeX\tex/generic/pgfplots/pgfcontrib\tikzlibrarydecorations.softclip.code.tex (C:\Users\cocha\AppData\Local\Programs\MiKTeX\tex/generic/pgfplots/pgfcontrib\pgflibraryfillbetween.code.tex))) (C:\Users\cocha\AppData\Local\Programs\MiKTeX\tex/generic/pgfplots/libs\tikzlibrarypgfplots.decorations.softclip.code.tex)) (C:\Users\cocha\AppData\Local\Programs\MiKTeX\tex/latex/hyperref\hyperref.sty
Package: hyperref 2026-06-17 v7.01r Hypertext links for LaTeX
 (C:\Users\cocha\AppData\Local\Programs\MiKTeX\tex/generic/iftex\iftex.sty
Package: iftex 2024/12/12 v1.0g TeX engine tests
) (C:\Users\cocha\AppData\Local\Programs\MiKTeX\tex/latex/kvsetkeys\kvsetkeys.sty
Package: kvsetkeys 2022-10-05 v1.19 Key value parser (HO)
) (C:\Users\cocha\AppData\Local\Programs\MiKTeX\tex/generic/kvdefinekeys\kvdefinekeys.sty
Package: kvdefinekeys 2019-12-19 v1.6 Define keys (HO)
) (C:\Users\cocha\AppData\Local\Programs\MiKTeX\tex/generic/pdfescape\pdfescape.sty
Package: pdfescape 2019/12/09 v1.15 Implements pdfTeX's escape features (HO)
 (C:\Users\cocha\AppData\Local\Programs\MiKTeX\tex/generic/ltxcmds\ltxcmds.sty
Package: ltxcmds 2023-12-04 v1.26 LaTeX kernel commands for general use (HO)
) (C:\Users\cocha\AppData\Local\Programs\MiKTeX\tex/generic/pdftexcmds\pdftexcmds.sty
Package: pdftexcmds 2020-06-27 v0.33 Utility functions of pdfTeX for LuaTeX (HO)
 (C:\Users\cocha\AppData\Local\Programs\MiKTeX\tex/generic/infwarerr\infwarerr.sty
Package: infwarerr 2019/12/03 v1.5 Providing info/warning/error messages (HO)
)
Package pdftexcmds Info: \pdf@primitive is available.
Package pdftexcmds Info: \pdf@ifprimitive is available.
Package pdftexcmds Info: \pdfdraftmode found.
)) (C:\Users\cocha\AppData\Local\Programs\MiKTeX\tex/latex/hycolor\hycolor.sty
Package: hycolor 2020-01-27 v1.10 Color options for hyperref/bookmark (HO)
) (C:\Users\cocha\AppData\Local\Programs\MiKTeX\tex/latex/hyperref\nameref.sty
Package: nameref 2026-01-29 v2.58 Cross-referencing by name of section
 (C:\Users\cocha\AppData\Local\Programs\MiKTeX\tex/latex/refcount\refcount.sty
Package: refcount 2019/12/15 v3.6 Data extraction from label references (HO)
) (C:\Users\cocha\AppData\Local\Programs\MiKTeX\tex/generic/gettitlestring\gettitlestring.sty
Package: gettitlestring 2019/12/15 v1.6 Cleanup title references (HO)
 (C:\Users\cocha\AppData\Local\Programs\MiKTeX\tex/latex/kvoptions\kvoptions.sty
Package: kvoptions 2022-06-15 v3.15 Key value format for package options (HO)
))
\c@section@level=\count414
) (C:\Users\cocha\AppData\Local\Programs\MiKTeX\tex/generic/stringenc\stringenc.sty
Package: stringenc 2019/11/29 v1.12 Convert strings between diff. encodings (HO)
)
\@linkdim=\dimen384
\Hy@linkcounter=\count415
\Hy@pagecounter=\count416
 (C:\Users\cocha\AppData\Local\Programs\MiKTeX\tex/latex/hyperref\pd1enc.def
File: pd1enc.def 2026-06-17 v7.01r Hyperref: PDFDocEncoding definition (HO)
Now handling font encoding PD1 ...
... no UTF-8 mapping file for font encoding PD1
) (C:\Users\cocha\AppData\Local\Programs\MiKTeX\tex/generic/intcalc\intcalc.sty
Package: intcalc 2019/12/15 v1.3 Expandable calculations with integers (HO)
)
\Hy@SavedSpaceFactor=\count417
 (C:\Users\cocha\AppData\Local\Programs\MiKTeX\tex/latex/hyperref\puenc.def
File: puenc.def 2026-06-17 v7.01r Hyperref: PDF Unicode definition (HO)
Now handling font encoding PU ...
... no UTF-8 mapping file for font encoding PU
)
Package hyperref Info: Option `unicode' set `true' on input line 4070.
Package hyperref Info: Hyper figures OFF on input line 4199.
Package hyperref Info: Link nesting OFF on input line 4204.
Package hyperref Info: Hyper index ON on input line 4207.
Package hyperref Info: Plain pages OFF on input line 4214.
Package hyperref Info: Backreferencing OFF on input line 4219.
Package hyperref Info: Implicit mode ON; LaTeX internals redefined.
Package hyperref Info: Bookmarks ON on input line 4466.
\c@Hy@tempcnt=\count418
 (C:\Users\cocha\AppData\Local\Programs\MiKTeX\tex/latex/url\url.sty
\Urlmuskip=\muskip18
Package: url 2013/09/16  ver 3.4  Verb mode for urls, etc.
)
LaTeX Info: Redefining \url on input line 4805.
\XeTeXLinkMargin=\dimen385
 (C:\Users\cocha\AppData\Local\Programs\MiKTeX\tex/generic/bitset\bitset.sty
Package: bitset 2019/12/09 v1.3 Handle bit-vector datatype (HO)
 (C:\Users\cocha\AppData\Local\Programs\MiKTeX\tex/generic/bigintcalc\bigintcalc.sty
Package: bigintcalc 2019/12/15 v1.5 Expandable calculations on big integers (HO)
))
\Fld@menulength=\count419
\Field@Width=\dimen386
\Fld@charsize=\dimen387
Package hyperref Info: Hyper figures OFF on input line 6091.
Package hyperref Info: Link nesting OFF on input line 6096.
Package hyperref Info: Hyper index ON on input line 6099.
Package hyperref Info: backreferencing OFF on input line 6106.
Package hyperref Info: Link coloring OFF on input line 6111.
Package hyperref Info: Link coloring with OCG OFF on input line 6116.
Package hyperref Info: PDF/A mode OFF on input line 6121.
\Hy@abspage=\count420
\c@Item=\count421
\c@Hfootnote=\count422
)
Package hyperref Info: Driver (autodetected): hpdftex.
 (C:\Users\cocha\AppData\Local\Programs\MiKTeX\tex/latex/hyperref\hpdftex.def
File: hpdftex.def 2026-06-17 v7.01r Hyperref driver for pdfTeX
\Fld@listcount=\count423
\c@bookmark@seq@number=\count424
 (C:\Users\cocha\AppData\Local\Programs\MiKTeX\tex/latex/rerunfilecheck\rerunfilecheck.sty
Package: rerunfilecheck 2025-06-21 v1.11 Rerun checks for auxiliary files (HO)
 (C:\Users\cocha\AppData\Local\Programs\MiKTeX\tex/generic/uniquecounter\uniquecounter.sty
Package: uniquecounter 2019/12/15 v1.4 Provide unlimited unique counter (HO)
)
Package uniquecounter Info: New unique counter `rerunfilecheck' on input line 284.
)
\Hy@SectionHShift=\skip73
) (C:\Users\cocha\AppData\Local\Programs\MiKTeX\tex/latex/currfile\currfile.sty
Package: currfile 2024/03/14 v1.0 Provides the file path elements of the current input file
 (C:\Users\cocha\AppData\Local\Programs\MiKTeX\tex/latex/filehook\filehook.sty
Package: filehook 2022/10/25 v0.8b Hooks for input files
 (C:\Users\cocha\AppData\Local\Programs\MiKTeX\tex/latex/filehook\filehook-2020.sty
Package: filehook-2020 2022/10/25 v0.8b Hooks for input files
))
\c@currfiledepth=\count425
) (C:\Users\cocha\AppData\Local\Programs\MiKTeX\tex/latex/contour\contour.sty
Package: contour 2004/11/18 v2.14 Print contoured text (HH, MH)
\con@length=\skip74

Loading configuration file `contour.cfg'.
(C:\Users\cocha\AppData\Local\Programs\MiKTeX\tex/latex/contour\contour.cfg
File: contour.cfg 2004/11/18 v2.14 Print contoured text (HH, MH)
)
contour: Using driver file `pdftex.cnt'.
(C:\Users\cocha\AppData\Local\Programs\MiKTeX\tex/latex/contour\pdftex.cnt
File: pdftex.cnt 2004/11/18 v2.14 Print contoured text (HH, MH)
)) (fontawesome5.sty
Package: fontawesome5 2021/06/04 v5.15.3 Font Awesome 5
 (C:\Users\cocha\AppData\Local\Programs\MiKTeX\tex/latex/l3packages/l3keys2e\l3keys2e.sty
Package: l3keys2e 2025-10-09 LaTeX2e option processing using LaTeX3 keys
) (C:\Users\cocha\AppData\Local\Programs\MiKTeX\tex/latex/fontawesome5\fontawesome5-generic-helper.sty
Package: fontawesome5-generic-helper 2022/05/02 v5.15.4 non-uTeX helper for fontawesome5
 (C:\Users\cocha\AppData\Local\Programs\MiKTeX\tex/latex/fontawesome5\fontawesome5-mapping.def))) (C:\Users\cocha\AppData\Local\Programs\MiKTeX\tex/latex/fontawesome\fontawesome.sty
Package: fontawesome 2016/05/15 v4.6.3.1 font awesome icons
 (C:\Users\cocha\AppData\Local\Programs\MiKTeX\tex/generic/iftex\ifxetex.sty
Package: ifxetex 2019/10/25 v0.7 ifxetex legacy package. Use iftex instead.
) (C:\Users\cocha\AppData\Local\Programs\MiKTeX\tex/generic/iftex\ifluatex.sty
Package: ifluatex 2019/10/25 v1.5 ifluatex legacy package. Use iftex instead.
) (C:\Users\cocha\AppData\Local\Programs\MiKTeX\tex/latex/fontawesome\fontawesomesymbols-generic.tex) (C:\Users\cocha\AppData\Local\Programs\MiKTeX\tex/latex/fontawesome\fontawesomesymbols-pdftex.tex)) (C:\Users\cocha\AppData\Local\Programs\MiKTeX\tex/latex/lipsum\lipsum.sty
Package: lipsum 2021-09-20 v2.7 150 paragraphs of Lorem Ipsum dummy text
\g__lipsum_par_int=\count426
\l__lipsum_a_int=\count427
\l__lipsum_b_int=\count428
 (C:\Users\cocha\AppData\Local\Programs\MiKTeX\tex/latex/lipsum\lipsum.ltd.tex)) (C:\Users\cocha\AppData\Local\Programs\MiKTeX\tex/latex/tools\tabularx.sty
Package: tabularx 2023/12/11 v2.12a `tabularx' package (DPC)
 (C:\Users\cocha\AppData\Local\Programs\MiKTeX\tex/latex/tools\array.sty
Package: array 2026/02/24 v2.7b Tabular extension package (FMi)
\col@sep=\dimen388
\ar@mcellbox=\box129
\extrarowheight=\dimen389
\NC@list=\toks52
\extratabsurround=\skip75
\backup@length=\skip76
\ar@cellbox=\box130
)
\TX@col@width=\dimen390
\TX@old@table=\dimen391
\TX@old@col=\dimen392
\TX@target=\dimen393
\TX@delta=\dimen394
\TX@cols=\count429
\TX@ftn=\toks53
) (C:\Users\cocha\AppData\Local\Programs\MiKTeX\tex/latex/varwidth\varwidth.sty
Package: varwidth 2009/03/30 ver 0.92;  Variable-width minipages
\@vwid@box=\box131
\sift@deathcycles=\count430
\@vwid@loff=\dimen395
\@vwid@roff=\dimen396
)
==> First Aid for varwidth.sty applied!
(C:\Users\cocha\AppData\Local\Programs\MiKTeX\tex/latex/tools\longtable.sty
Package: longtable 2026-01-28 v4.27 Multi-page Table package (DPC)
\LTleft=\skip77
\LTright=\skip78
\LTpre=\skip79
\LTpost=\skip80
\LTchunksize=\count431
\LTcapwidth=\dimen397
\LT@head=\box132
\LT@firsthead=\box133
\LT@foot=\box134
\LT@lastfoot=\box135
\LT@gbox=\box136
\LT@cols=\count432
\LT@rows=\count433
\c@LT@tables=\count434
\c@LT@chunks=\count435
\LT@p@ftn=\toks54
) (C:\Users\cocha\AppData\Local\Programs\MiKTeX\tex/latex/multirow\multirow.sty
Package: multirow 2024/11/12 v2.9 Span multiple rows of a table
\multirow@colwidth=\skip81
\multirow@cntb=\count436
\multirow@dima=\skip82
\bigstrutjot=\dimen398
) (C:\Users\cocha\AppData\Local\Programs\MiKTeX\tex/latex/makecell\makecell.sty
Package: makecell 2009/08/03 V0.1e Managing of Tab Column Heads and Cells
\rotheadsize=\dimen399
\c@nlinenum=\count437
\TeXr@lab=\toks55
) (C:\Users\cocha\AppData\Local\Programs\MiKTeX\tex/latex/diagbox\diagbox.sty
Package: diagbox 2020/02/09 v2.3 Making table heads with diagonal lines
 (C:\Users\cocha\AppData\Local\Programs\MiKTeX\tex/latex/pict2e\pict2e.sty
Package: pict2e 2020/09/30 v0.4b Improved picture commands (HjG,RN,JT)
 (C:\Users\cocha\AppData\Local\Programs\MiKTeX\tex/latex/pict2e\pict2e.cfg
File: pict2e.cfg 2016/02/05 v0.1u pict2e configuration for teTeX/TeXLive
)
Package pict2e Info: Driver file: pdftex.def on input line 112.
Package pict2e Info: Driver file for pict2e: p2e-pdftex.def on input line 114.
 (C:\Users\cocha\AppData\Local\Programs\MiKTeX\tex/latex/pict2e\p2e-pdftex.def
File: p2e-pdftex.def 2016/02/05 v0.1u Driver-dependant file (RN,HjG,JT)
)
\pIIe@GRAPH=\toks56
\@arclen=\dimen400
\@arcrad=\dimen401
\pIIe@tempdima=\dimen402
\pIIe@tempdimb=\dimen403
\pIIe@tempdimc=\dimen404
\pIIe@tempdimd=\dimen405
\pIIe@tempdime=\dimen406
\pIIe@tempdimf=\dimen407
)
\diagbox@boxa=\box137
\diagbox@boxb=\box138
\diagbox@boxm=\box139
\diagbox@wd=\dimen408
\diagbox@ht=\dimen409
\diagbox@insepl=\dimen410
\diagbox@insepr=\dimen411
\diagbox@outsepl=\dimen412
\diagbox@outsepr=\dimen413
) (C:\Users\cocha\AppData\Local\Programs\MiKTeX\tex/latex/geometry\geometry.sty
Package: geometry 2026/03/07 v6.0 Page Geometry
 (C:\Users\cocha\AppData\Local\Programs\MiKTeX\tex/generic/iftex\ifvtex.sty
Package: ifvtex 2019/10/25 v1.7 ifvtex legacy package. Use iftex instead.
)
\Gm@cnth=\count438
\Gm@cntv=\count439
\c@Gm@tempcnt=\count440
\Gm@bindingoffset=\dimen414
\Gm@wd@mp=\dimen415
\Gm@odd@mp=\dimen416
\Gm@even@mp=\dimen417
\Gm@layoutwidth=\dimen418
\Gm@layoutheight=\dimen419
\Gm@layouthoffset=\dimen420
\Gm@layoutvoffset=\dimen421
\Gm@dimlist=\toks57
 (C:\Users\cocha\AppData\Local\Programs\MiKTeX\tex/latex/geometry\geometry.cfg)) (C:\Users\cocha\AppData\Local\Programs\MiKTeX\tex/latex/marginnote\marginnote.sty
Package: marginnote 2026-06-15 1.5 non floating margin notes for LaTeX 
\c@mn@abspage=\count441
) (ex_test.sty
Package: ex_test 2026/7/18 for Ex_test version 3.3.4, Tran Anh Tuan and Duong Phuoc Sang
 (C:\Users\cocha\AppData\Local\Programs\MiKTeX\tex/latex/vntex\vietnam.sty
Package: vietnam 2009/07/12 v1.3 support for Vietnamese
 (C:\Users\cocha\AppData\Local\Programs\MiKTeX\tex/latex/base\fontenc.sty
Package: fontenc 2025/07/18 v2.1d Standard LaTeX package
 (C:\Users\cocha\AppData\Local\Programs\MiKTeX\tex/latex/vntex\t5enc.def
File: t5enc.def 2006/11/21 v1.4 Vietnamese T5 encoding
Now handling font encoding T5 ...
... processing UTF-8 mapping file for font encoding T5
 (C:\Users\cocha\AppData\Local\Programs\MiKTeX\tex/latex/vntex\t5enc.dfu
File: t5enc.dfu 2006/08/19 v1.1 UTF8 support for Vietnamese
   defining Unicode char U+00AB (decimal 171)
   defining Unicode char U+00BB (decimal 187)
   defining Unicode char U+00C0 (decimal 192)
   defining Unicode char U+00C1 (decimal 193)
   defining Unicode char U+00C2 (decimal 194)
   defining Unicode char U+00C3 (decimal 195)
   defining Unicode char U+00C8 (decimal 200)
   defining Unicode char U+00C9 (decimal 201)
   defining Unicode char U+00CA (decimal 202)
   defining Unicode char U+00CC (decimal 204)
   defining Unicode char U+00CD (decimal 205)
   defining Unicode char U+00D2 (decimal 210)
   defining Unicode char U+00D3 (decimal 211)
   defining Unicode char U+00D4 (decimal 212)
   defining Unicode char U+00D5 (decimal 213)
   defining Unicode char U+00D9 (decimal 217)
   defining Unicode char U+00DA (decimal 218)
   defining Unicode char U+00DD (decimal 221)
   defining Unicode char U+00E0 (decimal 224)
   defining Unicode char U+00E1 (decimal 225)
   defining Unicode char U+00E2 (decimal 226)
   defining Unicode char U+00E3 (decimal 227)
   defining Unicode char U+00E8 (decimal 232)
   defining Unicode char U+00E9 (decimal 233)
   defining Unicode char U+00EA (decimal 234)
   defining Unicode char U+00EC (decimal 236)
   defining Unicode char U+00ED (decimal 237)
   defining Unicode char U+00F2 (decimal 242)
   defining Unicode char U+00F3 (decimal 243)
   defining Unicode char U+00F4 (decimal 244)
   defining Unicode char U+00F5 (decimal 245)
   defining Unicode char U+00F9 (decimal 249)
   defining Unicode char U+00FA (decimal 250)
   defining Unicode char U+00FD (decimal 253)
   defining Unicode char U+0102 (decimal 258)
   defining Unicode char U+0103 (decimal 259)
   defining Unicode char U+0110 (decimal 272)
   defining Unicode char U+0111 (decimal 273)
   defining Unicode char U+0128 (decimal 296)
   defining Unicode char U+0129 (decimal 297)
   defining Unicode char U+0131 (decimal 305)
   defining Unicode char U+0168 (decimal 360)
   defining Unicode char U+0169 (decimal 361)
   defining Unicode char U+01A0 (decimal 416)
   defining Unicode char U+01A1 (decimal 417)
   defining Unicode char U+01AF (decimal 431)
   defining Unicode char U+01B0 (decimal 432)
   defining Unicode char U+1EA0 (decimal 7840)
   defining Unicode char U+1EA1 (decimal 7841)
   defining Unicode char U+1EA2 (decimal 7842)
   defining Unicode char U+1EA3 (decimal 7843)
   defining Unicode char U+1EA4 (decimal 7844)
   defining Unicode char U+1EA5 (decimal 7845)
   defining Unicode char U+1EA6 (decimal 7846)
   defining Unicode char U+1EA7 (decimal 7847)
   defining Unicode char U+1EA8 (decimal 7848)
   defining Unicode char U+1EA9 (decimal 7849)
   defining Unicode char U+1EAA (decimal 7850)
   defining Unicode char U+1EAB (decimal 7851)
   defining Unicode char U+1EAC (decimal 7852)
   defining Unicode char U+1EAD (decimal 7853)
   defining Unicode char U+1EAE (decimal 7854)
   defining Unicode char U+1EAF (decimal 7855)
   defining Unicode char U+1EB0 (decimal 7856)
   defining Unicode char U+1EB1 (decimal 7857)
   defining Unicode char U+1EB2 (decimal 7858)
   defining Unicode char U+1EB3 (decimal 7859)
   defining Unicode char U+1EB4 (decimal 7860)
   defining Unicode char U+1EB5 (decimal 7861)
   defining Unicode char U+1EB6 (decimal 7862)
   defining Unicode char U+1EB7 (decimal 7863)
   defining Unicode char U+1EB8 (decimal 7864)
   defining Unicode char U+1EB9 (decimal 7865)
   defining Unicode char U+1EBA (decimal 7866)
   defining Unicode char U+1EBB (decimal 7867)
   defining Unicode char U+1EBC (decimal 7868)
   defining Unicode char U+1EBD (decimal 7869)
   defining Unicode char U+1EBE (decimal 7870)
   defining Unicode char U+1EBF (decimal 7871)
   defining Unicode char U+1EC0 (decimal 7872)
   defining Unicode char U+1EC1 (decimal 7873)
   defining Unicode char U+1EC2 (decimal 7874)
   defining Unicode char U+1EC3 (decimal 7875)
   defining Unicode char U+1EC4 (decimal 7876)
   defining Unicode char U+1EC5 (decimal 7877)
   defining Unicode char U+1EC6 (decimal 7878)
   defining Unicode char U+1EC7 (decimal 7879)
   defining Unicode char U+1EC8 (decimal 7880)
   defining Unicode char U+1EC9 (decimal 7881)
   defining Unicode char U+1ECA (decimal 7882)
   defining Unicode char U+1ECB (decimal 7883)
   defining Unicode char U+1ECC (decimal 7884)
   defining Unicode char U+1ECD (decimal 7885)
   defining Unicode char U+1ECE (decimal 7886)
   defining Unicode char U+1ECF (decimal 7887)
   defining Unicode char U+1ED0 (decimal 7888)
   defining Unicode char U+1ED1 (decimal 7889)
   defining Unicode char U+1ED2 (decimal 7890)
   defining Unicode char U+1ED3 (decimal 7891)
   defining Unicode char U+1ED4 (decimal 7892)
   defining Unicode char U+1ED5 (decimal 7893)
   defining Unicode char U+1ED6 (decimal 7894)
   defining Unicode char U+1ED7 (decimal 7895)
   defining Unicode char U+1ED8 (decimal 7896)
   defining Unicode char U+1ED9 (decimal 7897)
   defining Unicode char U+1EDA (decimal 7898)
   defining Unicode char U+1EDB (decimal 7899)
   defining Unicode char U+1EDC (decimal 7900)
   defining Unicode char U+1EDD (decimal 7901)
   defining Unicode char U+1EDE (decimal 7902)
   defining Unicode char U+1EDF (decimal 7903)
   defining Unicode char U+1EE0 (decimal 7904)
   defining Unicode char U+1EE1 (decimal 7905)
   defining Unicode char U+1EE2 (decimal 7906)
   defining Unicode char U+1EE3 (decimal 7907)
   defining Unicode char U+1EE4 (decimal 7908)
   defining Unicode char U+1EE5 (decimal 7909)
   defining Unicode char U+1EE6 (decimal 7910)
   defining Unicode char U+1EE7 (decimal 7911)
   defining Unicode char U+1EE8 (decimal 7912)
   defining Unicode char U+1EE9 (decimal 7913)
   defining Unicode char U+1EEA (decimal 7914)
   defining Unicode char U+1EEB (decimal 7915)
   defining Unicode char U+1EEC (decimal 7916)
   defining Unicode char U+1EED (decimal 7917)
   defining Unicode char U+1EEE (decimal 7918)
   defining Unicode char U+1EEF (decimal 7919)
   defining Unicode char U+1EF0 (decimal 7920)
   defining Unicode char U+1EF1 (decimal 7921)
   defining Unicode char U+1EF2 (decimal 7922)
   defining Unicode char U+1EF3 (decimal 7923)
   defining Unicode char U+1EF4 (decimal 7924)
   defining Unicode char U+1EF5 (decimal 7925)
   defining Unicode char U+1EF6 (decimal 7926)
   defining Unicode char U+1EF7 (decimal 7927)
   defining Unicode char U+1EF8 (decimal 7928)
   defining Unicode char U+1EF9 (decimal 7929)
   defining Unicode char U+200C (decimal 8204)
   defining Unicode char U+2013 (decimal 8211)
   defining Unicode char U+2014 (decimal 8212)
   defining Unicode char U+2018 (decimal 8216)
   defining Unicode char U+2019 (decimal 8217)
   defining Unicode char U+201A (decimal 8218)
   defining Unicode char U+201C (decimal 8220)
   defining Unicode char U+201D (decimal 8221)
   defining Unicode char U+201E (decimal 8222)
   defining Unicode char U+2030 (decimal 8240)
   defining Unicode char U+2031 (decimal 8241)
   defining Unicode char U+2039 (decimal 8249)
   defining Unicode char U+203A (decimal 8250)
   defining Unicode char U+2423 (decimal 9251)
))
LaTeX Font Info:    Trying to load font information for T5+cmr on input line 116.
 (C:\Users\cocha\AppData\Local\Programs\MiKTeX\tex/latex/vntex\t5cmr.fd
File: t5cmr.fd 1999/05/25 v2.5h Standard LaTeX font definitions
)) (C:\Users\cocha\AppData\Local\Programs\MiKTeX\tex/latex/base\inputenc.sty
Package: inputenc 2024/02/08 v1.3d Input encoding file
\inpenc@prehook=\toks58
\inpenc@posthook=\toks59
) (C:\Users\cocha\AppData\Local\Programs\MiKTeX\tex/latex/vntex\vncaps.tex
File: vncaps.tex 2006/06/07 v1.1 Captions in Vietnamese
)) (C:\Users\cocha\AppData\Local\Programs\MiKTeX\tex/latex/ntheorem\ntheorem.sty
Style `ntheorem', Version 1.33 <2011/08/15>
Package: ntheorem 2011/08/15 1.33
\theorem@style=\toks60
\theorem@@style=\toks61
\theorembodyfont=\toks62
\theoremnumbering=\toks63
\theorempreskipamount=\skip83
\theorempostskipamount=\skip84
\theoremframepreskipamount=\skip85
\theoremframepostskipamount=\skip86
\theoreminframepreskipamount=\skip87
\theoreminframepostskipamount=\skip88
\theorem@preskip=\toks64
\theorem@postskip=\toks65
\theorem@framepreskip=\toks66
\theorem@framepostskip=\toks67
\theorem@inframepreskip=\toks68
\theorem@inframepostskip=\toks69
\theoremindent=\dimen422
\theorem@indent=\dimen423
\theoremrightindent=\dimen424
\theorem@rightindent=\dimen425
\theoremheaderfont=\toks70
\theoremseparator=\toks71
\theoremprework=\toks72
\theorempostwork=\toks73
\theoremsymbol=\toks74
\qedsymbol=\toks75
\theoremkeyword=\toks76
\qedsymbol=\toks77
\thm@topsep=\skip89
\thm@topsepadd=\skip90
) (C:\Users\cocha\AppData\Local\Programs\MiKTeX\tex/latex/xtab\xtab.sty
Package: xtab 2011/07/31 v2.3f Extended supertabular package
\c@tracingst=\count442
\PWSTcapht=\dimen426
\ST@wd=\dimen427
\ST@rightskip=\skip91
\ST@leftskip=\skip92
\ST@parfillskip=\skip93
\c@PWSTtable=\count443
\PWSTlastpage=\count444
\PWSTpenultimate=\count445
\PWSTcurpage=\count446
\PWSTtempc=\count447
\PWSTlines=\count448
\PWST@lastht=\dimen428
\PWST@generalht=\dimen429
\PWST@ht=\dimen430
\ST@pageleft=\dimen431
\ST@headht=\dimen432
\ST@tailht=\dimen433
\ST@pagesofar=\dimen434
\ST@pboxht=\dimen435
\ST@lineht=\dimen436
\ST@stretchht=\dimen437
\ST@prevht=\dimen438
\ST@toadd=\dimen439
\ST@dimen=\dimen440
\ST@pbox=\box140
) (C:\Users\cocha\AppData\Local\Programs\MiKTeX\tex/latex/tools\multicol.sty
Package: multicol 2025/10/21 v2.0b multicolumn formatting (FMi)
\c@tracingmulticols=\count449
\mult@box=\box141
\multicol@leftmargin=\dimen441
\c@unbalance=\count450
\c@collectmore=\count451
\doublecol@number=\count452
\multicoltolerance=\count453
\multicolpretolerance=\count454
\full@width=\dimen442
\page@free=\dimen443
\premulticols=\dimen444
\postmulticols=\dimen445
\multicolsep=\skip94
\multicolbaselineskip=\skip95
\partial@page=\box142
\last@line=\box143
\mc@boxedresult=\box144
\maxbalancingoverflow=\dimen446
\mult@rightbox=\box145
\mult@grightbox=\box146
\mult@firstbox=\box147
\mult@gfirstbox=\box148
\@tempa=\box149
\@tempa=\box150
\@tempa=\box151
\@tempa=\box152
\@tempa=\box153
\@tempa=\box154
\@tempa=\box155
\@tempa=\box156
\@tempa=\box157
\@tempa=\box158
\@tempa=\box159
\@tempa=\box160
\@tempa=\box161
\@tempa=\box162
\@tempa=\box163
\@tempa=\box164
\@tempa=\box165
\@tempa=\box166
\@tempa=\box167
\@tempa=\box168
\@tempa=\box169
\@tempa=\box170
\@tempa=\box171
\@tempa=\box172
\@tempa=\box173
\@tempa=\box174
\@tempa=\box175
\@tempa=\box176
\@tempa=\box177
\@tempa=\box178
\@tempa=\box179
\@tempa=\box180
\@tempa=\box181
\@tempa=\box182
\@tempa=\box183
\@tempa=\box184
\c@minrows=\count455
\c@columnbadness=\count456
\c@finalcolumnbadness=\count457
\last@try=\dimen447
\multicolovershoot=\dimen448
\multicolundershoot=\dimen449
\mult@nat@firstbox=\box185
\colbreak@box=\box186
\mc@col@check@num=\count458
\g__mc_curr_col_int=\count459
) (C:\Users\cocha\AppData\Local\Programs\MiKTeX\tex/latex/paracol\paracol.sty
Package: paracol 2025/07/14 1.37 typeset columns in parallel
\pcol@currcol=\count460
\pcol@nextcol=\count461
\pcol@ncol=\count462
\pcol@ncolleft=\count463
\pcol@page=\count464
\pcol@basepage=\count465
\pcol@toppage=\count466
\pcol@footnotebase=\count467
\pcol@nfootnotes=\count468
\pcol@mcid=\count469
\pcol@prevdepth=\dimen450
\pcol@colht=\dimen451
\pcol@textfloatsep=\dimen452
\pcol@lrmargin=\dimen453
\pagerim=\dimen454
\pcol@topskip=\skip96
\belowfootnoteskip=\skip97
\pcol@topfnotes=\box187
\pcol@prespan=\box188
\pcol@rightpage=\box189
\pcol@colorstack@saved=\box190
\pcol@tempboxa=\box191
\pcol@tempboxb=\box192
\pcol@colorins=\insert252
\pcol@everyvbox=\toks78
) (C:\Users\cocha\AppData\Local\Programs\MiKTeX\tex/latex/fancyhdr\fancyhdr.sty
Package: fancyhdr 2025/02/07 v5.2 Extensive control of page headers and footers
\f@nch@headwidth=\skip98
\f@nch@offset@elh=\skip99
\f@nch@offset@erh=\skip100
\f@nch@offset@olh=\skip101
\f@nch@offset@orh=\skip102
\f@nch@offset@elf=\skip103
\f@nch@offset@erf=\skip104
\f@nch@offset@olf=\skip105
\f@nch@offset@orf=\skip106
\f@nch@height=\skip107
\f@nch@footalignment=\skip108
\f@nch@widthL=\skip109
\f@nch@widthC=\skip110
\f@nch@widthR=\skip111
\@temptokenb=\toks79
) (C:\Users\cocha\AppData\Local\Programs\MiKTeX\tex/latex/answers\answers.sty
Package: answers 2014/08/24 v2.16 Production of solution sheets in LaTeX2e
 (C:\Users\cocha\AppData\Local\Programs\MiKTeX\tex/latex/tools\verbatim.sty
Package: verbatim 2024-01-22 v1.5x LaTeX2e package for verbatim enhancements
\every@verbatim=\toks80
\verbatim@line=\toks81
\verbatim@in@stream=\read3
)) (C:\Users\cocha\AppData\Local\Programs\MiKTeX\tex/latex/probsoln\probsoln.sty
Package: probsoln 2017/07/10 v3.05 (NLCT)
\probsoln@write=\write4
\probsoln@startyear=\count470
\probsoln@startmonth=\count471
\probsoln@prev=\write5
\probsoln@used=\write6
\probsoln@prev@cutoff=\count472
\@probN=\count473
\@probselN=\count474
\@rndselctr=\count475
\r@ndcur=\count476
\@ps@randtmp=\count477
\@shfctr=\count478
\@shfA=\count479
\@shfB=\count480
\@ps@forrand=\count481
\@ps@forrand@level=\count482
) (C:\Users\cocha\AppData\Local\Programs\MiKTeX\tex/latex/xstring\xstring.sty (C:\Users\cocha\AppData\Local\Programs\MiKTeX\tex/generic/xstring\xstring.tex
\xs_counta=\count483
\xs_countb=\count484
)
Package: xstring 2023/08/22 v1.86 String manipulations (CT)
) (C:\Users\cocha\AppData\Local\Programs\MiKTeX\tex/latex/cntformats\cntformats.sty
Package: cntformats 2014/07/20 v0.7 A different way to read counters. (CN)
 (C:\Users\cocha\AppData\Local\Programs\MiKTeX\tex/latex/cnltx\cnltx-base.sty
Package: cnltx-base 2019/11/01 v0.15 LaTeX tools and documenting facilities (CN)
\c@cnltx@tmpa=\count485
\c@cnltx@tmpb=\count486
\c@cnltx@tmpc=\count487
\cnltx@tmpa@length=\skip112
\cnltx@tmpb@length=\skip113
\cnltx@tmpc@length=\skip114
 (C:\Users\cocha\AppData\Local\Programs\MiKTeX\tex/latex/trimspaces\trimspaces.sty
Package: trimspaces 2009/09/17 v1.1 Trim spaces around a token list
))) (C:\Users\cocha\AppData\Local\Programs\MiKTeX\tex/latex/environ\environ.sty
Package: environ 2014/05/04 v0.3 A new way to define environments
) (C:\Users\cocha\AppData\Local\Programs\MiKTeX\tex/latex/tcolorbox\tcolorbox.sty
Package: tcolorbox 2026/05/28 version 6.10.0 text color boxes
\tcb@titlebox=\box193
\tcb@upperbox=\box194
\tcb@lowerbox=\box195
\tcb@phantombox=\box196
\c@tcbbreakpart=\count488
\c@tcblayer=\count489
\c@tcolorbox@number=\count490
\l__tcobox_tmpa_box=\box197
\l__tcobox_tmpa_dim=\dimen455
\tcb@temp=\box198
\tcb@temp=\box199
\tcb@temp=\box256
\tcb@temp=\box257
 (C:\Users\cocha\AppData\Local\Programs\MiKTeX\tex/latex/tcolorbox\tcbraster.code.tex
Library (tcolorbox): 'tcbraster.code.tex' version '6.10.0'
\c@tcbrastercolumn=\count491
\c@tcbrasterrow=\count492
\c@tcbrasternum=\count493
\c@tcbraster=\count494
) (C:\Users\cocha\AppData\Local\Programs\MiKTeX\tex/latex/tcolorbox\tcbskins.code.tex
Library (tcolorbox): 'tcbskins.code.tex' version '6.10.0'
(C:\Users\cocha\AppData\Local\Programs\MiKTeX\tex/latex/tikzfill\tikzfill.image.sty
Package: tikzfill.image 2026/04/23 v1.2.0 Image filling library for TikZ
 (C:\Users\cocha\AppData\Local\Programs\MiKTeX\tex/latex/tikzfill\tikzlibraryfill.image.code.tex
File: tikzlibraryfill.image.code.tex 2026/04/23 v1.2.0 Image filling library
\l__tikzfill_tmpa_dim=\dimen456
\l__tikzfill_tmpb_dim=\dimen457
\l__tikzfill_img_box=\box258
)) (C:\Users\cocha\AppData\Local\Programs\MiKTeX\tex/latex/tcolorbox\tcbskinsjigsaw.code.tex
Library (tcolorbox): 'tcbskinsjigsaw.code.tex' version '6.10.0'
)) (C:\Users\cocha\AppData\Local\Programs\MiKTeX\tex/latex/tcolorbox\tcbbreakable.code.tex
Library (tcolorbox): 'tcbbreakable.code.tex' version '6.10.0'
(C:\Users\cocha\AppData\Local\Programs\MiKTeX\tex/latex/pdfcol\pdfcol.sty
Package: pdfcol 2022-09-21 v1.7 Handle new color stacks for pdfTeX (HO)
)
Package pdfcol Info: New color stack `tcb@breakable' = 1 on input line 23.
\tcb@testbox=\box259
\tcb@totalupperbox=\box260
\tcb@totallowerbox=\box261
) (C:\Users\cocha\AppData\Local\Programs\MiKTeX\tex/latex/tcolorbox\tcbhooks.code.tex
Library (tcolorbox): 'tcbhooks.code.tex' version '6.10.0'
) (C:\Users\cocha\AppData\Local\Programs\MiKTeX\tex/latex/tcolorbox\tcbtheorems.code.tex
Library (tcolorbox): 'tcbtheorems.code.tex' version '6.10.0'
) (C:\Users\cocha\AppData\Local\Programs\MiKTeX\tex/latex/tcolorbox\tcbfitting.code.tex
Library (tcolorbox): 'tcbfitting.code.tex' version '6.10.0'
\tcbfitdim=\dimen458
\tcb@lowerfitdim=\dimen459
\tcb@upperfitdim=\dimen460
\tcb@cur@hbadness=\count495
) (C:\Users\cocha\AppData\Local\Programs\MiKTeX\tex/latex/tcolorbox\tcblistingsutf8.code.tex
Library (tcolorbox): 'tcblistingsutf8.code.tex' version '6.10.0'
(C:\Users\cocha\AppData\Local\Programs\MiKTeX\tex/latex/tcolorbox\tcblistings.code.tex
Library (tcolorbox): 'tcblistings.code.tex' version '6.10.0'
(C:\Users\cocha\AppData\Local\Programs\MiKTeX\tex/latex/listings\listings.sty
\lst@mode=\count496
\lst@gtempboxa=\box262
\lst@token=\toks82
\lst@length=\count497
\lst@currlwidth=\dimen461
\lst@column=\count498
\lst@pos=\count499
\lst@lostspace=\dimen462
\lst@width=\dimen463
\lst@newlines=\count500
\lst@lineno=\count501
\lst@maxwidth=\dimen464
 (C:\Users\cocha\AppData\Local\Programs\MiKTeX\tex/latex/listings\lstpatch.sty
File: lstpatch.sty 2025/11/14 1.11b (Carsten Heinz)
) (C:\Users\cocha\AppData\Local\Programs\MiKTeX\tex/latex/listings\lstmisc.sty
File: lstmisc.sty 2025/11/14 1.11b (Carsten Heinz)
\c@lstnumber=\count502
\lst@skipnumbers=\count503
\lst@framebox=\box263
) (C:\Users\cocha\AppData\Local\Programs\MiKTeX\tex/latex/listings\listings.cfg
File: listings.cfg 2025/11/14 1.11b listings configuration
))
Package: listings 2025/11/14 1.11b (Carsten Heinz)
 (C:\Users\cocha\AppData\Local\Programs\MiKTeX\tex/latex/tcolorbox\tcblistingscore.code.tex
Library (tcolorbox): 'tcblistingscore.code.tex' version '6.10.0'
(C:\Users\cocha\AppData\Local\Programs\MiKTeX\tex/latex/tcolorbox\tcbprocessing.code.tex
Library (tcolorbox): 'tcbprocessing.code.tex' version '6.10.0'
)
\c@tcblisting=\count504
)) (C:\Users\cocha\AppData\Local\Programs\MiKTeX\tex/latex/listingsutf8\listingsutf8.sty
Package: listingsutf8 2019-12-10 v1.5 Allow UTF-8 in listings input (HO)
)) (C:\Users\cocha\AppData\Local\Programs\MiKTeX\tex/latex/tcolorbox\tcbexternal.code.tex
Library (tcolorbox): 'tcbexternal.code.tex' version '6.10.0'
) (C:\Users\cocha\AppData\Local\Programs\MiKTeX\tex/latex/tcolorbox\tcbmagazine.code.tex
Library (tcolorbox): 'tcbmagazine.code.tex' version '6.10.0'
) (C:\Users\cocha\AppData\Local\Programs\MiKTeX\tex/latex/tcolorbox\tcbvignette.code.tex
Library (tcolorbox): 'tcbvignette.code.tex' version '6.10.0'
) (C:\Users\cocha\AppData\Local\Programs\MiKTeX\tex/latex/tcolorbox\tcbposter.code.tex
Library (tcolorbox): 'tcbposter.code.tex' version '6.10.0'
))
\linepar=\dimen465
\paroutindent=\skip115
\lineheight=\skip116
\c@iftcbcounter=\count505
\c@ifex=\count506
\c@ifvd=\count507
\wsh=\skip117
\hsh=\skip118
\dsh=\skip119
\TrueEXA=\box264
\TrueEXB=\box265
\TrueEXC=\box266
\TrueEXD=\box267
\TrueEXE=\box268
\textChA=\box269
\textChB=\box270
\textChC=\box271
\textChD=\box272
\textChE=\box273
\TrueTFA=\box274
\TrueTFB=\box275
\TrueTFC=\box276
\TrueTFD=\box277
\TrueTFE=\box278
\sqTFTab=\box279
\ccTFTab=\box280
\itemchT=\box281
\itemchF=\box282
\ansboxT=\box283
\ansboxF=\box284
\circTFa=\box285
\circTFb=\box286
\circTFc=\box287
\circTFd=\box288
\c@Solshort=\count508
\c@dapan=\count509
\widthalpha=\skip120
\widthalphaT=\skip121
\widthalphaF=\skip122
\widthcha=\skip123
\widthchb=\skip124
\widthchc=\skip125
\widthchd=\skip126
\widthche=\skip127
\widthch=\skip128
\BO=\skip129
\MO=\skip130
\HA=\skip131
\NA=\skip132
\BA=\skip133
\RU=\skip134
\rBO=\skip135
\rMO=\skip136
\rHA=\skip137
\rNA=\skip138
\rBA=\skip139
\rRU=\skip140
\c@numChoice=\count510
\TabCS=\skip141
\lengthTT=\skip142
\lengthDS=\skip143
\c@debai=\count511
\l_extest_len_int=\count512
\c@matchidx=\count513
\dorong=\skip144
\c@ex=\count514
\c@chc=\count515
\c@env=\count516
\c@printex=\count517
\c@Solution=\count518

WARNING: environment Solution already in use
\c@Solbook=\count519
\c@vdex=\count520
\imbox=\box289
\imboxtext=\box290
\myboxans=\box291
\dorongANS=\skip145
\c@exrd=\count521
\l__listsEX_depth_int=\count522
\g__listsEX_int=\count523
\l__listsEX_columns_int=\count524
\l__listsEX_item_columns_int=\count525
\g__listsEX_current_col_num_int=\count526
\g__listsEX_current_row_num_int=\count527
\g__listsEX_row_box=\box292
\l__listsEX_item_indent_dim=\dimen466
\l__listsEX_item_default_indent_dim=\dimen467
\l__listsEX_item_width_dim=\dimen468
\l__listsEX_label_width_dim=\dimen469
\l__listsEX_label_default_width_dim=\dimen470
\l__listsEX_label_offset_dim=\dimen471
\l__listsEX_label_default_offset_dim=\dimen472
\l__listsEX_column_sep_dim=\dimen473
\l__listsEX_after_item_skip=\skip146
\l__listsEX_custom_after_item_skip=\skip147
\l__listsEX_before_list_skip=\skip148
\l__listsEX_after_list_skip=\skip149
\l__listsEX_item_coffin=\box293
\l__listsEX_label_coffin=\box294
\l__listsEX_tmpa_coffin=\box295
\l__listsEX_tmpa_int=\count528
\l__listsEX_tmpb_int=\count529
\c@listEX=\count530
\l__listsEX_choice_width_dim=\dimen474
\l__listsEX_choice_linewidth_dim=\dimen475
\l__listsEX_choice_checkwidth_dim=\dimen476
\l__listsEX_choice_raise_dim=\dimen477

LaTeX template Info: Declaring template type 'listsEX' taking 3 argument(s) on
(template)           line 3083.

\c@numitem=\count531
\l_extest_custom_width_dim=\dimen478
\l_extest_custom_indent_dim=\dimen479
)
\c@EX=\count532
 (C:\Users\cocha\AppData\Local\Programs\MiKTeX\tex/latex/esvect\esvect.sty
Package: esvect 
\symesvector=\mathgroup11
)
\symsymbolsC=\mathgroup12
LaTeX Font Info:    Redeclaring math symbol \parallel on input line 128.
 (C:\Users\cocha\AppData\Local\Programs\MiKTeX\tex/latex/changepage\changepage.sty
Package: changepage 2009/10/20 v1.0c check page and change page layout
\c@cp@cntr=\count533
\cp@tempcnt=\count534
) (C:\Users\cocha\AppData\Local\Programs\MiKTeX\tex/latex/lastpage\lastpage.sty
Package: lastpage 2025/08/14 v2.1h lastpage: 2.09 or 2e? (HMM)
 (C:\Users\cocha\AppData\Local\Programs\MiKTeX\tex/latex/lastpage\lastpage2e.sty
Package: lastpage2e 2025/08/14 v2.1h Decide which 2e lastpage version to use (HMM)
 (C:\Users\cocha\AppData\Local\Programs\MiKTeX\tex/latex/lastpage\lastpagemodern.sty
Package: lastpagemodern 2025-08-14 v2.1h Refers to last page's name (HMM; JPG)
\c@lastpagecount=\count535
) 
)) (C:\Users\cocha\AppData\Local\Programs\MiKTeX\tex/latex/titlesec\titlesec.sty
Package: titlesec 2025/01/04 v2.17 Sectioning titles
\ttl@box=\box296
\beforetitleunit=\skip150
\aftertitleunit=\skip151
\ttl@plus=\dimen480
\ttl@minus=\dimen481
\ttl@toksa=\toks83
\titlewidth=\dimen482
\titlewidthlast=\dimen483
\titlewidthfirst=\dimen484
) (titledot.sty
Package: titledot 2009/07/10 v1.0 Vietnamese section
 (C:\Users\cocha\AppData\Local\Programs\MiKTeX\tex/latex/titlesec\titletoc.sty
Package: titletoc 2025/01/04 v2.17 TOC entries
\ttl@leftsep=\dimen485
))
\c@ttlp@side=\count536
\ttlp@side=\count537
\c@dn=\count538
\c@vd=\count539
\c@bt=\count540
\c@dl=\count541
\c@tc=\count542
\c@hq=\count543
\c@nx=\count544
\c@tomtat=\count545
\c@dang=\count546
\c@deso=\count547
\c@muccon=\count548
\c@myphantich=\count549
\c@tcb@cnt@khung4=\count550
) (C:\Users\cocha\AppData\Local\Programs\MiKTeX\tex/latex/circuitikz\circuitikz.sty
Package: circuitikz 2026/05/24{} The CircuiTikz circuit drawing package version 1.8.6
 (C:\Users\cocha\AppData\Local\Programs\MiKTeX\tex/generic/pgf/frontendlayer/tikz/libraries\tikzlibrarybending.code.tex
File: tikzlibrarybending.code.tex 2025-08-29 v3.1.11a (3.1.11a)
 (C:\Users\cocha\AppData\Local\Programs\MiKTeX\tex/generic/pgf/modules\pgfmodulebending.code.tex
File: pgfmodulebending.code.tex 2025-08-29 v3.1.11a (3.1.11a)
 (C:\Users\cocha\AppData\Local\Programs\MiKTeX\tex/generic/pgf/modules\pgfmodulenonlineartransformations.code.tex
File: pgfmodulenonlineartransformations.code.tex 2025-08-29 v3.1.11a (3.1.11a)
\pgftransformnonlinearflatness=\dimen486
) (C:\Users\cocha\AppData\Local\Programs\MiKTeX\tex/generic/pgf/libraries\pgflibrarycurvilinear.code.tex
File: pgflibrarycurvilinear.code.tex 2025-08-29 v3.1.11a (3.1.11a)
\pgf@curvilinear@time@a=\dimen487
\pgf@curvilinear@length@a=\dimen488
\pgf@curvilinear@length@b=\dimen489
\pgf@curvilinear@length@c=\dimen490
\pgf@curvilinear@length@d=\dimen491
)
\pgf@arrows@the@rigidity=\dimen492
)) (C:\Users\cocha\AppData\Local\Programs\MiKTeX\tex/generic/circuitikz\pgfcirc.defines.tex
\pgf@circ@count@a=\count551
\pgf@circ@count@b=\count552
\pgf@circ@count@c=\count553
\pgf@circ@res@up=\dimen493
\pgf@circ@res@down=\dimen494
\pgf@circ@res@zero=\dimen495
\pgf@circ@res@left=\dimen496
\pgf@circ@res@right=\dimen497
\pgf@circ@res@other=\dimen498
\pgf@circ@res@step=\dimen499
\pgf@circ@res@temp=\dimen500
\pgf@circ@Rlen=\dimen501
\pgf@circ@scaled@Rlen=\dimen502
\pgfstartlinewidth=\dimen503
) (C:\Users\cocha\AppData\Local\Programs\MiKTeX\tex/generic/circuitikz\pgfcircutils.tex
\ctikz@scratchbox=\box297
) (C:\Users\cocha\AppData\Local\Programs\MiKTeX\tex/generic/circuitikz\pgfcircpath.tex
\ctikz@vif@count=\count554
) (C:\Users\cocha\AppData\Local\Programs\MiKTeX\tex/generic/circuitikz\pgfcircshapes.tex) (C:\Users\cocha\AppData\Local\Programs\MiKTeX\tex/generic/circuitikz\pgfcircmonopoles.tex) (C:\Users\cocha\AppData\Local\Programs\MiKTeX\tex/generic/circuitikz\pgfcircbipoles.tex) (C:\Users\cocha\AppData\Local\Programs\MiKTeX\tex/generic/circuitikz\pgfcirctripoles.tex
\pgf@circ@res@count=\count555
) (C:\Users\cocha\AppData\Local\Programs\MiKTeX\tex/generic/circuitikz\pgfcircquadpoles.tex) (C:\Users\cocha\AppData\Local\Programs\MiKTeX\tex/generic/circuitikz\pgfcircmultipoles.tex) (C:\Users\cocha\AppData\Local\Programs\MiKTeX\tex/generic/circuitikz\pgfcirclabel.tex) (C:\Users\cocha\AppData\Local\Programs\MiKTeX\tex/generic/circuitikz\pgfcircvoltage.tex
\pgfcirc@labelshift=\dimen504
) (C:\Users\cocha\AppData\Local\Programs\MiKTeX\tex/generic/circuitikz\pgfcirccurrent.tex) (C:\Users\cocha\AppData\Local\Programs\MiKTeX\tex/generic/circuitikz\pgfcircflow.tex)) (C:\Users\cocha\AppData\Local\Programs\MiKTeX\tex/latex/chessfss\chessfss.sty
Package: chessfss 2006/06/14 v1.2a chess font selection scheme
 (C:\Users\cocha\AppData\Local\Programs\MiKTeX\tex/latex/chessfss\lsbenc.def
File: lsbenc.def 2006/06/09 v1.2 Standard LaTeX file
Now handling font encoding LSB ...
... no UTF-8 mapping file for font encoding LSB
) (C:\Users\cocha\AppData\Local\Programs\MiKTeX\tex/latex/chessfss\lsfenc.def
File: lsfenc.def 2006/06/09 v1.2 Standard LaTeX file
Now handling font encoding LSF ...
... no UTF-8 mapping file for font encoding LSF
) (C:\Users\cocha\AppData\Local\Programs\MiKTeX\tex/latex/chessfss\lsienc.def
File: lsienc.def 2006/06/09 v1.2 Standard LaTeX file
Now handling font encoding LSI ...
... no UTF-8 mapping file for font encoding LSI
)
\len@cfss@squarewidth=\skip152
\len@cfss@squaretotalheight=\skip153
\len@cfss@squaredepth=\skip154


Package chessfss Warning: \comment already defined 
(chessfss)                I will not overwrite it on input line 590.

LaTeX Info: Redefining \with on input line 641.
)
LaTeX Font Info:    Trying to load font information for U+msa on input line 69.
 (C:\Users\cocha\AppData\Local\Programs\MiKTeX\tex/latex/amsfonts\umsa.fd
File: umsa.fd 2013/01/14 v3.01 AMS symbols A
)
LaTeX Font Info:    Trying to load font information for U+msb on input line 69.
 (C:\Users\cocha\AppData\Local\Programs\MiKTeX\tex/latex/amsfonts\umsb.fd
File: umsb.fd 2013/01/14 v3.01 AMS symbols B
)
LaTeX Font Info:    Trying to load font information for U+rsfs on input line 69.
 (C:\Users\cocha\AppData\Local\Programs\MiKTeX\tex/latex/jknappen\ursfs.fd
File: ursfs.fd 1998/03/24 rsfs font definition file (jk)
)
LaTeX Font Info:    Trying to load font information for OMX+yhex on input line 69.
 (C:\Users\cocha\AppData\Local\Programs\MiKTeX\tex/latex/yhmath\omxyhex.fd
File: OMXyhex.fd 
File: OMXyhex.fd 2013/07/03 v1.1 YH's humble contribution to TeX maths (NP)
)
LaTeX Font Info:    Trying to load font information for U+esvect on input line 69.
 (C:\Users\cocha\AppData\Local\Programs\MiKTeX\tex/latex/esvect\uesvect.fd
File: uesvect.fd 
)
LaTeX Font Info:    Trying to load font information for U+txsyc on input line 69.
 (C:\Users\cocha\AppData\Local\Programs\MiKTeX\tex/latex/txfonts\utxsyc.fd
File: utxsyc.fd 2000/12/15 v3.1
) (12.aux)
\openout1 = `12.aux'.

LaTeX Font Info:    Checking defaults for OML/cmm/m/it on input line 69.
LaTeX Font Info:    ... okay on input line 69.
LaTeX Font Info:    Checking defaults for OMS/cmsy/m/n on input line 69.
LaTeX Font Info:    ... okay on input line 69.
LaTeX Font Info:    Checking defaults for OT1/cmr/m/n on input line 69.
LaTeX Font Info:    ... okay on input line 69.
LaTeX Font Info:    Checking defaults for T1/cmr/m/n on input line 69.
LaTeX Font Info:    ... okay on input line 69.
LaTeX Font Info:    Checking defaults for TS1/cmr/m/n on input line 69.
LaTeX Font Info:    ... okay on input line 69.
LaTeX Font Info:    Checking defaults for OMX/cmex/m/n on input line 69.
LaTeX Font Info:    ... okay on input line 69.
LaTeX Font Info:    Checking defaults for U/cmr/m/n on input line 69.
LaTeX Font Info:    ... okay on input line 69.
LaTeX Font Info:    Checking defaults for PD1/pdf/m/n on input line 69.
LaTeX Font Info:    ... okay on input line 69.
LaTeX Font Info:    Checking defaults for PU/pdf/m/n on input line 69.
LaTeX Font Info:    ... okay on input line 69.
LaTeX Font Info:    Checking defaults for T5/cmr/m/n on input line 69.
LaTeX Font Info:    ... okay on input line 69.
LaTeX Font Info:    Checking defaults for LSB/skaknew/m/n on input line 69.
LaTeX Font Info:    Trying to load font information for LSB+skaknew on input line 69.
 (C:\Users\cocha\AppData\Local\Programs\MiKTeX\tex/latex/chessfss\lsbskaknew.fd
File: lsbskaknew.fd 2006/03/31 v1.0 Chess font definitions
)
LaTeX Font Info:    ... okay on input line 69.
LaTeX Font Info:    Checking defaults for LSF/skaknew/m/n on input line 69.
LaTeX Font Info:    Trying to load font information for LSF+skaknew on input line 69.
 (C:\Users\cocha\AppData\Local\Programs\MiKTeX\tex/latex/chessfss\lsfskaknew.fd
File: lsfskaknew.fd 2006/03/31 v1.0 Chess font definitions
)
LaTeX Font Info:    ... okay on input line 69.
LaTeX Font Info:    Checking defaults for LSI/skaknew/m/n on input line 69.
LaTeX Font Info:    Trying to load font information for LSI+skaknew on input line 69.
 (C:\Users\cocha\AppData\Local\Programs\MiKTeX\tex/latex/chessfss\lsiskaknew.fd
File: lsiskaknew.fd 2006/03/31 v1.0 Chess font definitions
)
LaTeX Font Info:    ... okay on input line 69.
 (C:\Users\cocha\AppData\Local\Programs\MiKTeX\tex/context/base/mkii\supp-pdf.mkii
[Loading MPS to PDF converter (version 2006.09.02).]
\scratchcounter=\count556
\scratchdimen=\dimen505
\scratchbox=\box298
\nofMPsegments=\count557
\nofMParguments=\count558
\everyMPshowfont=\toks84
\MPscratchCnt=\count559
\MPscratchDim=\dimen506
\MPnumerator=\count560
\makeMPintoPDFobject=\count561
\everyMPtoPDFconversion=\toks85
) (C:\Users\cocha\AppData\Local\Programs\MiKTeX\tex/latex/epstopdf-pkg\epstopdf-base.sty
Package: epstopdf-base 2020-01-24 v2.11 Base part for package epstopdf
Package epstopdf-base Info: Redefining graphics rule for `.eps' on input line 485.
 (C:\Users\cocha\AppData\Local\Programs\MiKTeX\tex/latex/00miktex\epstopdf-sys.cfg
File: epstopdf-sys.cfg 2021/03/18 v2.0 Configuration of epstopdf for MiKTeX
)) (C:\Users\cocha\AppData\Local\Programs\MiKTeX\tex/latex/pdflscape\pdflscape.sty
Package: pdflscape 2022-10-27 v0.13 Display of landscape pages in PDF
 (C:\Users\cocha\AppData\Local\Programs\MiKTeX\tex/latex/pdflscape\pdflscape-nometadata.sty
Package: pdflscape-nometadata 2022-10-28 v0.13 Display of landscape pages in PDF (HO)
 (C:\Users\cocha\AppData\Local\Programs\MiKTeX\tex/latex/graphics\lscape.sty
Package: lscape 2020/05/28 v3.02 Landscape Pages (DPC)
)
Package pdflscape Info: Auto-detected driver: pdftex on input line 81.
))
Package pgfplots notification 'compat/show suggested version=true': you might benefit from \pgfplotsset{compat=1.18} (current compat level: 1.9).

Package hyperref Info: Link coloring OFF on input line 69.
(12.out) (12.out)
\@outlinefile=\write7
\openout7 = `12.out'.


*geometry* driver: auto-detecting
*geometry* detected driver: pdftex
*geometry* verbose mode - [ preamble ] result:
* driver: pdftex
* paper: a4paper
* layout: <same size as paper>
* layoutoffset:(h,v)=(0.0pt,0.0pt)
* modes: twoside 
* h-part:(L,W,R)=(35.56593pt, 398.33861pt, 163.60333pt)
* v-part:(T,H,B)=(42.67912pt, 759.6886pt, 42.67912pt)
* \paperwidth=597.50787pt
* \paperheight=845.04684pt
* \textwidth=398.33861pt
* \textheight=759.6886pt
* \oddsidemargin=-36.70406pt
* \evensidemargin=91.33334pt
* \topmargin=-59.65836pt
* \headheight=12.0pt
* \headsep=18.06749pt
* \topskip=10.0pt
* \footskip=25.29494pt
* \marginparwidth=128.0374pt
* \marginparsep=14.22636pt
* \columnsep=10.0pt
* \skip\footins=9.0pt plus 4.0pt minus 2.0pt
* \hoffset=0.0pt
* \voffset=0.0pt
* \mag=1000
* \@twocolumnfalse
* \@twosidetrue
* \@mparswitchtrue
* \@reversemarginfalse
* (1in=72.27pt=25.4mm, 1cm=28.453pt)

\c@lstlisting=\count562
<bia/bia12H.pdf, id=217, 597.50829pt x 845.0471pt>
File: bia/bia12H.pdf Graphic file (type pdf)
<use bia/bia12H.pdf>
Package pdftex.def Info: bia/bia12H.pdf  used on input line 75.
(pdftex.def)             Requested size: 597.50682pt x 845.04504pt.
<bia/bia12H.pdf, id=219, page=1, 597.50829pt x 845.0471pt>
File: bia/bia12H.pdf Graphic file (type pdf)
<use bia/bia12H.pdf, page 1>
Package pdftex.def Info: bia/bia12H.pdf , page1 used on input line 75.
(pdftex.def)             Requested size: 597.50682pt x 845.04504pt.
File: bia/bia12H.pdf Graphic file (type pdf)
<use bia/bia12H.pdf, page 1>
Package pdftex.def Info: bia/bia12H.pdf , page1 used on input line 75.
(pdftex.def)             Requested size: 597.53416pt x 845.08372pt.
File: bia/bia12H.pdf Graphic file (type pdf)
<use bia/bia12H.pdf, page 1>
Package pdftex.def Info: bia/bia12H.pdf , page1 used on input line 75.
(pdftex.def)             Requested size: 597.53416pt x 845.08372pt.
File: bia/bia12H.pdf Graphic file (type pdf)
<use bia/bia12H.pdf, page 1>
Package pdftex.def Info: bia/bia12H.pdf , page1 used on input line 75.
(pdftex.def)             Requested size: 597.53416pt x 845.08372pt.
File: bia/bia12H.pdf Graphic file (type pdf)
<use bia/bia12H.pdf, page 1>
Package pdftex.def Info: bia/bia12H.pdf , page1 used on input line 75.
(pdftex.def)             Requested size: 597.53416pt x 845.08372pt.
[1


 <./bia/bia12H.pdf>]
*geometry* verbose mode - [ newgeometry ] result:
* driver: pdftex
* paper: a4paper
* layout: <same size as paper>
* layoutoffset:(h,v)=(0.0pt,0.0pt)
* modes: twoside 
* h-part:(L,W,R)=(35.56593pt, 540.60239pt, 21.33955pt)
* v-part:(T,H,B)=(42.67912pt, 759.6886pt, 42.67912pt)
* \paperwidth=597.50787pt
* \paperheight=845.04684pt
* \textwidth=540.60239pt
* \textheight=759.6886pt
* \oddsidemargin=-36.70406pt
* \evensidemargin=-50.93044pt
* \topmargin=-59.65836pt
* \headheight=12.0pt
* \headsep=18.06749pt
* \topskip=10.0pt
* \footskip=25.29494pt
* \marginparwidth=128.0374pt
* \marginparsep=14.22636pt
* \columnsep=10.0pt
* \skip\footins=9.0pt plus 4.0pt minus 2.0pt
* \hoffset=0.0pt
* \voffset=0.0pt
* \mag=1000
* \@twocolumnfalse
* \@twosidetrue
* \@mparswitchtrue
* \@reversemarginfalse
* (1in=72.27pt=25.4mm, 1cm=28.453pt)

LaTeX Font Info:    Trying to load font information for T5+qag on input line 79.
 (C:\Users\cocha\AppData\Local\Programs\MiKTeX\tex/latex/tex-gyre\t5qag.fd
File: t5qag.fd 2009/09/25 v1.2 font definition file for T5/qag
) (12.toc
LaTeX Font Info:    Trying to load font information for T5+put on input line 1.
 (C:\Users\cocha\AppData\Local\Programs\MiKTeX\tex/latex/vntex\t5put.fd
File: t5put.fd 2006/07/30 Fontinst v1.927 font definitions for T5/put.
)
LaTeX Font Info:    Trying to load font information for T5+cmss on input line 2.
 (C:\Users\cocha\AppData\Local\Programs\MiKTeX\tex/latex/vntex\t5cmss.fd
File: t5cmss.fd 1999/05/25 v2.5h Standard LaTeX font definitions
)
LaTeX Font Info:    Trying to load font information for U+fontawesometwo on input line 9.
 (C:\Users\cocha\AppData\Local\Programs\MiKTeX\tex/latex/fontawesome\ufontawesometwo.fd
File: ufontawesometwo.fd 2016/05/22 Font definitions for U/fontawesometwo.
)

LaTeX Font Warning: Font shape `U/fontawesometwo/b/n' undefined
(Font)              using `U/fontawesometwo/m/n' instead on input line 98.

[2{C:/Users/cocha/AppData/Local/Programs/MiKTeX/fonts/enc/dvips/fontawesome/fontawesometwo.enc}{C:/Users/cocha/AppData/Local/Programs/MiKTeX/fonts/enc/dvips/tex-gyre/q-t5.enc}


{C:/Users/cocha/AppData/Local/Programs/MiKTeX/fonts/enc/dvips/vntex/t5.enc}])
\tf@toc=\write8
\openout8 = `12.toc'.

<QRcode/12D1OTC.png, id=383, 188.20313pt x 188.20313pt>
File: QRcode/12D1OTC.png Graphic file (type png)
<use QRcode/12D1OTC.png>
Package pdftex.def Info: QRcode/12D1OTC.png  used on input line 81.
(pdftex.def)             Requested size: 142.26378pt x 142.27483pt.
 [3 <./QRcode/12D1OTC.png>]
*geometry* verbose mode - [ newgeometry ] result:
* driver: pdftex
* paper: a4paper
* layout: <same size as paper>
* layoutoffset:(h,v)=(0.0pt,0.0pt)
* modes: twoside 
* h-part:(L,W,R)=(35.56593pt, 398.33861pt, 163.60333pt)
* v-part:(T,H,B)=(42.67912pt, 759.6886pt, 42.67912pt)
* \paperwidth=597.50787pt
* \paperheight=845.04684pt
* \textwidth=398.33861pt
* \textheight=759.6886pt
* \oddsidemargin=-36.70406pt
* \evensidemargin=91.33334pt
* \topmargin=-59.65836pt
* \headheight=12.0pt
* \headsep=18.06749pt
* \topskip=10.0pt
* \footskip=25.29494pt
* \marginparwidth=128.0374pt
* \marginparsep=14.22636pt
* \columnsep=10.0pt
* \skip\footins=9.0pt plus 4.0pt minus 2.0pt
* \hoffset=0.0pt
* \voffset=0.0pt
* \mag=1000
* \@twocolumnfalse
* \@twosidetrue
* \@mparswitchtrue
* \@reversemarginfalse
* (1in=72.27pt=25.4mm, 1cm=28.453pt)

<logo/logo.jpg, id=390, 722.7pt x 722.7pt>
File: logo/logo.jpg Graphic file (type jpg)
<use logo/logo.jpg>
Package pdftex.def Info: logo/logo.jpg  used on input line 85.
(pdftex.def)             Requested size: 128.0374pt x 128.02927pt.
 (input12.tex (datak40/2H2/2H2-B1-1.tex

LaTeX Warning: The counter will not be printed.
             The label is: \iconMT  on input line 6.

LaTeX Font Info:    Trying to load font information for U+fontawesomethree on input line 6.
(C:\Users\cocha\AppData\Local\Programs\MiKTeX\tex/latex/fontawesome\ufontawesomethree.fd
File: ufontawesomethree.fd 2016/05/22 Font definitions for U/fontawesomethree.
)
Underfull \hbox (badness 1028) in paragraph at lines 50--50
 []\T5/cmr/m/n/10 Quy t�c ba ^^_i�m: V�i ba ^^_i�m $\OML/cmm/m/it/10 A$\T5/cmr/m/n/10 , $\OML/cmm/m/it/10 B$\T5/cmr/m/n/10 , $\OML/cmm/m/it/10 C$\T5/cmr/m/n/10 , ta c�
 []


LaTeX Font Warning: Font shape `U/fontawesomethree/bx/n' undefined
(Font)              using `U/fontawesomethree/m/n' instead on input line 77.


Overfull \hbox (24.49399pt too wide) in paragraph at lines 77--77
 [] 
 []


Underfull \hbox (badness 10000) in paragraph at lines 50--77

 []


LaTeX Warning: The counter will not be printed.
             The label is: \iconMT  on input line 88.


LaTeX Warning: The counter will not be printed.
             The label is: \iconMT  on input line 121.

[4

{C:/Users/cocha/AppData/Local/Programs/MiKTeX/fonts/enc/dvips/fontawesome/fontawesomethree.enc} <./logo/logo.jpg>]

LaTeX Warning: The counter will not be printed.
             The label is: \iconMT  on input line 189.


Package hyperref Warning: Token not allowed in a PDF string (Unicode):
(hyperref)                removing `\char' on input line 239.


Package hyperref Warning: Token not allowed in a PDF string (Unicode):
(hyperref)                removing `\leavevmode@ifvmode' on input line 239.


Package hyperref Warning: Token not allowed in a PDF string (Unicode):
(hyperref)                \kern 1.66702pt
(hyperref)                removed on input line 239.


Package hyperref Warning: Token not allowed in a PDF string (Unicode):
(hyperref)                removing `\leavevmode@ifvmode' on input line 239.


Package hyperref Warning: Token not allowed in a PDF string (Unicode):
(hyperref)                \kern 1.66702pt
(hyperref)                removed on input line 239.

[5]
Package hyperref Info: bookmark level for unknown vd defaults to 0 on input line 244.

Missing character: There is no ; in font nullfont!
Missing character: There is no ; in font nullfont!
Missing character: There is no ; in font nullfont!
Missing character: There is no ; in font nullfont!
Missing character: There is no ; in font nullfont!
Output from handle ans going to ans/2H2-B1-d1-1.tex
\ans@file=\write9
\openout9 = `ans/2H2-B1-d1-1.tex'.

Package hyperref Info: bookmark level for unknown ex defaults to 0 on input line 440.

Overfull \hbox (3.78441pt too wide) in paragraph at lines 462--462
[][] 
 []


Overfull \hbox (3.96068pt too wide) in paragraph at lines 462--462
[][] 
 []


Overfull \hbox (4.19017pt too wide) in paragraph at lines 462--462
[][] 
 []


Overfull \hbox (4.26732pt too wide) in paragraph at lines 462--462
[][] 
 []


Overfull \hbox (3.78441pt too wide) in paragraph at lines 462--462
[][] 
 []


Overfull \hbox (3.96068pt too wide) in paragraph at lines 462--462
[][] 
 []


Overfull \hbox (4.19017pt too wide) in paragraph at lines 462--462
[][] 
 []


Overfull \hbox (4.26732pt too wide) in paragraph at lines 462--462
[][] 
 []


Overfull \hbox (3.78441pt too wide) in paragraph at lines 488--488
[][] 
 []


Overfull \hbox (3.96068pt too wide) in paragraph at lines 488--488
[][] 
 []


Overfull \hbox (4.19017pt too wide) in paragraph at lines 488--488
[][] 
 []


Overfull \hbox (4.26732pt too wide) in paragraph at lines 488--488
[][] 
 []


Overfull \hbox (3.78441pt too wide) in paragraph at lines 488--488
[][] 
 []


Overfull \hbox (3.96068pt too wide) in paragraph at lines 488--488
[][] 
 []


Overfull \hbox (4.19017pt too wide) in paragraph at lines 488--488
[][] 
 []


Overfull \hbox (4.26732pt too wide) in paragraph at lines 488--488
[][] 
 []

[6]
Overfull \hbox (3.78441pt too wide) in paragraph at lines 537--537
[][] 
 []


Overfull \hbox (3.96068pt too wide) in paragraph at lines 537--537
[][] 
 []


Overfull \hbox (4.19017pt too wide) in paragraph at lines 537--537
[][] 
 []


Overfull \hbox (4.26732pt too wide) in paragraph at lines 537--537
[][] 
 []


Overfull \hbox (3.78441pt too wide) in paragraph at lines 537--537
[][] 
 []


Overfull \hbox (3.96068pt too wide) in paragraph at lines 537--537
[][] 
 []


Overfull \hbox (4.19017pt too wide) in paragraph at lines 537--537
[][] 
 []


Overfull \hbox (4.26732pt too wide) in paragraph at lines 537--537
[][] 
 []


Overfull \hbox (3.78441pt too wide) in paragraph at lines 563--563
[][] 
 []


Overfull \hbox (3.96068pt too wide) in paragraph at lines 563--563
[][] 
 []


Overfull \hbox (4.19017pt too wide) in paragraph at lines 563--563
[][] 
 []


Overfull \hbox (4.26732pt too wide) in paragraph at lines 563--563
[][] 
 []


Overfull \hbox (3.78441pt too wide) in paragraph at lines 563--563
[][] 
 []


Overfull \hbox (3.96068pt too wide) in paragraph at lines 563--563
[][] 
 []


Overfull \hbox (4.19017pt too wide) in paragraph at lines 563--563
[][] 
 []


Overfull \hbox (4.26732pt too wide) in paragraph at lines 563--563
[][] 
 []


Overfull \hbox (3.78441pt too wide) in paragraph at lines 594--594
[][] 
 []


Overfull \hbox (3.96068pt too wide) in paragraph at lines 594--594
[][] 
 []


Overfull \hbox (4.19017pt too wide) in paragraph at lines 594--594
[][] 
 []


Overfull \hbox (4.26732pt too wide) in paragraph at lines 594--594
[][] 
 []

Missing character: There is no C in font nullfont!
Missing character: There is no ' in font nullfont!
Missing character: There is no D in font nullfont!
Missing character: There is no ' in font nullfont!

Overfull \hbox (3.78441pt too wide) in paragraph at lines 640--640
[][] 
 []


Overfull \hbox (3.96068pt too wide) in paragraph at lines 640--640
[][] 
 []


Overfull \hbox (4.19017pt too wide) in paragraph at lines 640--640
[][] 
 []


Overfull \hbox (4.26732pt too wide) in paragraph at lines 640--640
[][] 
 []


Overfull \hbox (3.78441pt too wide) in paragraph at lines 640--640
[][] 
 []


Overfull \hbox (3.96068pt too wide) in paragraph at lines 640--640
[][] 
 []


Overfull \hbox (4.19017pt too wide) in paragraph at lines 640--640
[][] 
 []


Overfull \hbox (4.26732pt too wide) in paragraph at lines 640--640
[][] 
 []


Overfull \hbox (3.78441pt too wide) in paragraph at lines 683--683
[][] 
 []


Overfull \hbox (3.96068pt too wide) in paragraph at lines 683--683
[][] 
 []


Overfull \hbox (4.19017pt too wide) in paragraph at lines 683--683
[][] 
 []


Overfull \hbox (4.26732pt too wide) in paragraph at lines 683--683
[][] 
 []


Overfull \hbox (3.78441pt too wide) in paragraph at lines 683--683
[][] 
 []


Overfull \hbox (3.96068pt too wide) in paragraph at lines 683--683
[][] 
 []


Overfull \hbox (4.19017pt too wide) in paragraph at lines 683--683
[][] 
 []


Overfull \hbox (4.26732pt too wide) in paragraph at lines 683--683
[][] 
 []


Overfull \hbox (3.78441pt too wide) in paragraph at lines 708--708
[][] 
 []


Overfull \hbox (3.96068pt too wide) in paragraph at lines 708--708
[][] 
 []


Overfull \hbox (4.19017pt too wide) in paragraph at lines 708--708
[][] 
 []


Overfull \hbox (4.26732pt too wide) in paragraph at lines 708--708
[][] 
 []


Overfull \hbox (3.78441pt too wide) in paragraph at lines 708--708
[][] 
 []


Overfull \hbox (3.96068pt too wide) in paragraph at lines 708--708
[][] 
 []


Overfull \hbox (4.19017pt too wide) in paragraph at lines 708--708
[][] 
 []


Overfull \hbox (4.26732pt too wide) in paragraph at lines 708--708
[][] 
 []


Overfull \hbox (3.78441pt too wide) in paragraph at lines 750--750
[][] 
 []


Overfull \hbox (3.96068pt too wide) in paragraph at lines 750--750
[][] 
 []


Overfull \hbox (4.19017pt too wide) in paragraph at lines 750--750
[][] 
 []


Overfull \hbox (4.26732pt too wide) in paragraph at lines 750--750
[][] 
 []


Overfull \hbox (3.78441pt too wide) in paragraph at lines 750--750
[][] 
 []


Overfull \hbox (3.96068pt too wide) in paragraph at lines 750--750
[][] 
 []


Overfull \hbox (4.19017pt too wide) in paragraph at lines 750--750
[][] 
 []


Overfull \hbox (4.26732pt too wide) in paragraph at lines 750--750
[][] 
 []

[7]
Overfull \hbox (3.78441pt too wide) in paragraph at lines 797--797
[][] 
 []


Overfull \hbox (3.96068pt too wide) in paragraph at lines 797--797
[][] 
 []


Overfull \hbox (4.19017pt too wide) in paragraph at lines 797--797
[][] 
 []


Overfull \hbox (4.26732pt too wide) in paragraph at lines 797--797
[][] 
 []


Overfull \hbox (3.78441pt too wide) in paragraph at lines 797--797
[][] 
 []


Overfull \hbox (3.96068pt too wide) in paragraph at lines 797--797
[][] 
 []


Overfull \hbox (4.19017pt too wide) in paragraph at lines 797--797
[][] 
 []


Overfull \hbox (4.26732pt too wide) in paragraph at lines 797--797
[][] 
 []


Overfull \hbox (3.78441pt too wide) in paragraph at lines 851--851
[][] 
 []


Overfull \hbox (3.96068pt too wide) in paragraph at lines 851--851
[][] 
 []


Overfull \hbox (4.19017pt too wide) in paragraph at lines 851--851
[][] 
 []


Overfull \hbox (4.26732pt too wide) in paragraph at lines 851--851
[][] 
 []


Overfull \hbox (3.78441pt too wide) in paragraph at lines 851--851
[][] 
 []


Overfull \hbox (3.96068pt too wide) in paragraph at lines 851--851
[][] 
 []


Overfull \hbox (4.19017pt too wide) in paragraph at lines 851--851
[][] 
 []


Overfull \hbox (4.26732pt too wide) in paragraph at lines 851--851
[][] 
 []


Overfull \hbox (3.78441pt too wide) in paragraph at lines 887--887
[][] 
 []


Overfull \hbox (3.96068pt too wide) in paragraph at lines 887--887
[][] 
 []


Overfull \hbox (4.19017pt too wide) in paragraph at lines 887--887
[][] 
 []


Overfull \hbox (4.26732pt too wide) in paragraph at lines 887--887
[][] 
 []


Overfull \hbox (3.78441pt too wide) in paragraph at lines 887--887
[][] 
 []


Overfull \hbox (3.96068pt too wide) in paragraph at lines 887--887
[][] 
 []


Overfull \hbox (4.19017pt too wide) in paragraph at lines 887--887
[][] 
 []


Overfull \hbox (4.26732pt too wide) in paragraph at lines 887--887
[][] 
 []


Overfull \hbox (3.78441pt too wide) in paragraph at lines 900--900
[][] 
 []


Overfull \hbox (3.96068pt too wide) in paragraph at lines 900--900
[][] 
 []


Overfull \hbox (4.19017pt too wide) in paragraph at lines 900--900
[][] 
 []


Overfull \hbox (4.26732pt too wide) in paragraph at lines 900--900
[][] 
 []


Overfull \hbox (3.78441pt too wide) in paragraph at lines 912--912
[][] 
 []


Overfull \hbox (3.96068pt too wide) in paragraph at lines 912--912
[][] 
 []


Overfull \hbox (4.19017pt too wide) in paragraph at lines 912--912
[][] 
 []


Overfull \hbox (4.26732pt too wide) in paragraph at lines 912--912
[][] 
 []


Overfull \hbox (3.78441pt too wide) in paragraph at lines 924--924
[][] 
 []


Overfull \hbox (3.96068pt too wide) in paragraph at lines 924--924
[][] 
 []


Overfull \hbox (4.19017pt too wide) in paragraph at lines 924--924
[][] 
 []


Overfull \hbox (4.26732pt too wide) in paragraph at lines 924--924
[][] 
 []


Overfull \hbox (3.78441pt too wide) in paragraph at lines 936--936
[][] 
 []


Overfull \hbox (3.96068pt too wide) in paragraph at lines 936--936
[][] 
 []


Overfull \hbox (4.19017pt too wide) in paragraph at lines 936--936
[][] 
 []


Overfull \hbox (4.26732pt too wide) in paragraph at lines 936--936
[][] 
 []


Overfull \hbox (3.78441pt too wide) in paragraph at lines 948--948
[][] 
 []


Overfull \hbox (3.96068pt too wide) in paragraph at lines 948--948
[][] 
 []


Overfull \hbox (4.19017pt too wide) in paragraph at lines 948--948
[][] 
 []


Overfull \hbox (4.26732pt too wide) in paragraph at lines 948--948
[][] 
 []

[8]
Overfull \hbox (3.78441pt too wide) in paragraph at lines 983--983
[][] 
 []


Overfull \hbox (3.96068pt too wide) in paragraph at lines 983--983
[][] 
 []


Overfull \hbox (4.19017pt too wide) in paragraph at lines 983--983
[][] 
 []


Overfull \hbox (4.26732pt too wide) in paragraph at lines 983--983
[][] 
 []


Overfull \hbox (3.78441pt too wide) in paragraph at lines 1015--1015
[][] 
 []


Overfull \hbox (3.96068pt too wide) in paragraph at lines 1015--1015
[][] 
 []


Overfull \hbox (4.19017pt too wide) in paragraph at lines 1015--1015
[][] 
 []


Overfull \hbox (4.26732pt too wide) in paragraph at lines 1015--1015
[][] 
 []


Overfull \hbox (3.78441pt too wide) in paragraph at lines 1015--1015
[][] 
 []


Overfull \hbox (3.96068pt too wide) in paragraph at lines 1015--1015
[][] 
 []


Overfull \hbox (4.19017pt too wide) in paragraph at lines 1015--1015
[][] 
 []


Overfull \hbox (4.26732pt too wide) in paragraph at lines 1015--1015
[][] 
 []


Overfull \hbox (3.78441pt too wide) in paragraph at lines 1048--1048
[][] 
 []


Overfull \hbox (3.96068pt too wide) in paragraph at lines 1048--1048
[][] 
 []


Overfull \hbox (4.19017pt too wide) in paragraph at lines 1048--1048
[][] 
 []


Overfull \hbox (4.26732pt too wide) in paragraph at lines 1048--1048
[][] 
 []


Overfull \hbox (3.78441pt too wide) in paragraph at lines 1048--1048
[][] 
 []


Overfull \hbox (3.96068pt too wide) in paragraph at lines 1048--1048
[][] 
 []


Overfull \hbox (4.19017pt too wide) in paragraph at lines 1048--1048
[][] 
 []


Overfull \hbox (4.26732pt too wide) in paragraph at lines 1048--1048
[][] 
 []


Overfull \hbox (3.78441pt too wide) in paragraph at lines 1062--1062
[][] 
 []


Overfull \hbox (3.96068pt too wide) in paragraph at lines 1062--1062
[][] 
 []


Overfull \hbox (4.19017pt too wide) in paragraph at lines 1062--1062
[][] 
 []


Overfull \hbox (4.26732pt too wide) in paragraph at lines 1062--1062
[][] 
 []


Overfull \hbox (3.78441pt too wide) in paragraph at lines 1074--1074
[][] 
 []


Overfull \hbox (3.96068pt too wide) in paragraph at lines 1074--1074
[][] 
 []


Overfull \hbox (4.19017pt too wide) in paragraph at lines 1074--1074
[][] 
 []


Overfull \hbox (4.26732pt too wide) in paragraph at lines 1074--1074
[][] 
 []


Overfull \hbox (3.78441pt too wide) in paragraph at lines 1086--1086
[][] 
 []


Overfull \hbox (3.96068pt too wide) in paragraph at lines 1086--1086
[][] 
 []


Overfull \hbox (4.19017pt too wide) in paragraph at lines 1086--1086
[][] 
 []


Overfull \hbox (4.26732pt too wide) in paragraph at lines 1086--1086
[][] 
 []


Overfull \hbox (3.78441pt too wide) in paragraph at lines 1098--1098
[][] 
 []


Overfull \hbox (3.96068pt too wide) in paragraph at lines 1098--1098
[][] 
 []


Overfull \hbox (4.19017pt too wide) in paragraph at lines 1098--1098
[][] 
 []


Overfull \hbox (4.26732pt too wide) in paragraph at lines 1098--1098
[][] 
 []


Overfull \hbox (3.78441pt too wide) in paragraph at lines 1110--1110
[][] 
 []


Overfull \hbox (3.96068pt too wide) in paragraph at lines 1110--1110
[][] 
 []


Overfull \hbox (4.19017pt too wide) in paragraph at lines 1110--1110
[][] 
 []


Overfull \hbox (4.26732pt too wide) in paragraph at lines 1110--1110
[][] 
 []


Overfull \hbox (3.78441pt too wide) in paragraph at lines 1122--1122
[][] 
 []


Overfull \hbox (3.96068pt too wide) in paragraph at lines 1122--1122
[][] 
 []


Overfull \hbox (4.19017pt too wide) in paragraph at lines 1122--1122
[][] 
 []


Overfull \hbox (4.26732pt too wide) in paragraph at lines 1122--1122
[][] 
 []


Overfull \hbox (3.78441pt too wide) in paragraph at lines 1135--1135
[][] 
 []


Overfull \hbox (3.96068pt too wide) in paragraph at lines 1135--1135
[][] 
 []


Overfull \hbox (4.19017pt too wide) in paragraph at lines 1135--1135
[][] 
 []


Overfull \hbox (4.26732pt too wide) in paragraph at lines 1135--1135
[][] 
 []


Overfull \hbox (3.78441pt too wide) in paragraph at lines 1147--1147
[][] 
 []


Overfull \hbox (3.96068pt too wide) in paragraph at lines 1147--1147
[][] 
 []


Overfull \hbox (4.19017pt too wide) in paragraph at lines 1147--1147
[][] 
 []


Overfull \hbox (4.26732pt too wide) in paragraph at lines 1147--1147
[][] 
 []


Overfull \hbox (3.78441pt too wide) in paragraph at lines 1159--1159
[][] 
 []


Overfull \hbox (3.96068pt too wide) in paragraph at lines 1159--1159
[][] 
 []


Overfull \hbox (4.19017pt too wide) in paragraph at lines 1159--1159
[][] 
 []


Overfull \hbox (4.26732pt too wide) in paragraph at lines 1159--1159
[][] 
 []

[9]
Overfull \hbox (3.78441pt too wide) in paragraph at lines 1173--1173
[][] 
 []


Overfull \hbox (3.96068pt too wide) in paragraph at lines 1173--1173
[][] 
 []


Overfull \hbox (4.19017pt too wide) in paragraph at lines 1173--1173
[][] 
 []


Overfull \hbox (4.26732pt too wide) in paragraph at lines 1173--1173
[][] 
 []


Overfull \hbox (3.78441pt too wide) in paragraph at lines 1185--1185
[][] 
 []


Overfull \hbox (3.96068pt too wide) in paragraph at lines 1185--1185
[][] 
 []


Overfull \hbox (4.19017pt too wide) in paragraph at lines 1185--1185
[][] 
 []


Overfull \hbox (4.26732pt too wide) in paragraph at lines 1185--1185
[][] 
 []


Overfull \hbox (3.78441pt too wide) in paragraph at lines 1215--1215
[][] 
 []


Overfull \hbox (3.96068pt too wide) in paragraph at lines 1215--1215
[][] 
 []


Overfull \hbox (4.19017pt too wide) in paragraph at lines 1215--1215
[][] 
 []


Overfull \hbox (4.26732pt too wide) in paragraph at lines 1215--1215
[][] 
 []


Overfull \hbox (3.78441pt too wide) in paragraph at lines 1215--1215
[][] 
 []


Overfull \hbox (3.96068pt too wide) in paragraph at lines 1215--1215
[][] 
 []


Overfull \hbox (4.19017pt too wide) in paragraph at lines 1215--1215
[][] 
 []


Overfull \hbox (4.26732pt too wide) in paragraph at lines 1215--1215
[][] 
 []

Output from handle ans going to ans/2H2-B1-d1-2.tex
\openout9 = `ans/2H2-B1-d1-2.tex'.


Overfull \hbox (1.18027pt too wide) in paragraph at lines 1250--1250
 []|\T5/cmr/bx/n/10 ^^^| 
 []


Overfull \hbox (1.27747pt too wide) in paragraph at lines 1250--1250
[]\T5/cmr/bx/n/10 a) 
 []


Overfull \hbox (2.07588pt too wide) in paragraph at lines 1250--1250
[]\T5/cmr/bx/n/10 b) 
 []


Overfull \hbox (0.79842pt too wide) in paragraph at lines 1250--1250
[]\T5/cmr/bx/n/10 c) 
 []


Overfull \hbox (2.07588pt too wide) in paragraph at lines 1250--1250
[]\T5/cmr/bx/n/10 d) 
 []


Overfull \hbox (1.18027pt too wide) in paragraph at lines 1250--1250
 []|\T5/cmr/bx/n/10 ^^^| 
 []


Overfull \hbox (1.27747pt too wide) in paragraph at lines 1250--1250
[]\T5/cmr/bx/n/10 a) 
 []


Overfull \hbox (2.07588pt too wide) in paragraph at lines 1250--1250
[]\T5/cmr/bx/n/10 b) 
 []


Overfull \hbox (0.79842pt too wide) in paragraph at lines 1250--1250
[]\T5/cmr/bx/n/10 c) 
 []


Overfull \hbox (2.07588pt too wide) in paragraph at lines 1250--1250
[]\T5/cmr/bx/n/10 d) 
 []


Overfull \hbox (1.18027pt too wide) in paragraph at lines 1281--1281
 []|\T5/cmr/bx/n/10 ^^^| 
 []


Overfull \hbox (1.27747pt too wide) in paragraph at lines 1281--1281
[]\T5/cmr/bx/n/10 a) 
 []


Overfull \hbox (2.07588pt too wide) in paragraph at lines 1281--1281
[]\T5/cmr/bx/n/10 b) 
 []


Overfull \hbox (0.79842pt too wide) in paragraph at lines 1281--1281
[]\T5/cmr/bx/n/10 c) 
 []


Overfull \hbox (2.07588pt too wide) in paragraph at lines 1281--1281
[]\T5/cmr/bx/n/10 d) 
 []


Overfull \hbox (1.18027pt too wide) in paragraph at lines 1281--1281
 []|\T5/cmr/bx/n/10 ^^^| 
 []


Overfull \hbox (1.27747pt too wide) in paragraph at lines 1281--1281
[]\T5/cmr/bx/n/10 a) 
 []


Overfull \hbox (2.07588pt too wide) in paragraph at lines 1281--1281
[]\T5/cmr/bx/n/10 b) 
 []


Overfull \hbox (0.79842pt too wide) in paragraph at lines 1281--1281
[]\T5/cmr/bx/n/10 c) 
 []


Overfull \hbox (2.07588pt too wide) in paragraph at lines 1281--1281
[]\T5/cmr/bx/n/10 d) 
 []


Overfull \hbox (1.18027pt too wide) in paragraph at lines 1335--1335
 []|\T5/cmr/bx/n/10 ^^^| 
 []


Overfull \hbox (1.27747pt too wide) in paragraph at lines 1335--1335
[]\T5/cmr/bx/n/10 a) 
 []


Overfull \hbox (2.07588pt too wide) in paragraph at lines 1335--1335
[]\T5/cmr/bx/n/10 b) 
 []


Overfull \hbox (0.79842pt too wide) in paragraph at lines 1335--1335
[]\T5/cmr/bx/n/10 c) 
 []


Overfull \hbox (2.07588pt too wide) in paragraph at lines 1335--1335
[]\T5/cmr/bx/n/10 d) 
 []


Overfull \hbox (1.18027pt too wide) in paragraph at lines 1335--1335
 []|\T5/cmr/bx/n/10 ^^^| 
 []


Overfull \hbox (1.27747pt too wide) in paragraph at lines 1335--1335
[]\T5/cmr/bx/n/10 a) 
 []


Overfull \hbox (2.07588pt too wide) in paragraph at lines 1335--1335
[]\T5/cmr/bx/n/10 b) 
 []


Overfull \hbox (0.79842pt too wide) in paragraph at lines 1335--1335
[]\T5/cmr/bx/n/10 c) 
 []


Overfull \hbox (2.07588pt too wide) in paragraph at lines 1335--1335
[]\T5/cmr/bx/n/10 d) 
 []


Overfull \hbox (1.18027pt too wide) in paragraph at lines 1378--1378
 []|\T5/cmr/bx/n/10 ^^^| 
 []


Overfull \hbox (1.27747pt too wide) in paragraph at lines 1378--1378
[]\T5/cmr/bx/n/10 a) 
 []


Overfull \hbox (2.07588pt too wide) in paragraph at lines 1378--1378
[]\T5/cmr/bx/n/10 b) 
 []


Overfull \hbox (0.79842pt too wide) in paragraph at lines 1378--1378
[]\T5/cmr/bx/n/10 c) 
 []


Overfull \hbox (2.07588pt too wide) in paragraph at lines 1378--1378
[]\T5/cmr/bx/n/10 d) 
 []


Overfull \hbox (1.18027pt too wide) in paragraph at lines 1378--1378
 []|\T5/cmr/bx/n/10 ^^^| 
 []


Overfull \hbox (1.27747pt too wide) in paragraph at lines 1378--1378
[]\T5/cmr/bx/n/10 a) 
 []


Overfull \hbox (2.07588pt too wide) in paragraph at lines 1378--1378
[]\T5/cmr/bx/n/10 b) 
 []


Overfull \hbox (0.79842pt too wide) in paragraph at lines 1378--1378
[]\T5/cmr/bx/n/10 c) 
 []


Overfull \hbox (2.07588pt too wide) in paragraph at lines 1378--1378
[]\T5/cmr/bx/n/10 d) 
 []

[10]) (datak40/2H2/2H2-B1-2.tex

Package hyperref Warning: Token not allowed in a PDF string (Unicode):
(hyperref)                removing `\char' on input line 1.


Package hyperref Warning: Token not allowed in a PDF string (Unicode):
(hyperref)                removing `\leavevmode@ifvmode' on input line 1.


Package hyperref Warning: Token not allowed in a PDF string (Unicode):
(hyperref)                \kern 1.66702pt
(hyperref)                removed on input line 1.


Package hyperref Warning: Token not allowed in a PDF string (Unicode):
(hyperref)                removing `\leavevmode@ifvmode' on input line 1.


Package hyperref Warning: Token not allowed in a PDF string (Unicode):
(hyperref)                \kern 1.66702pt
(hyperref)                removed on input line 1.


pdfTeX warning (ext4): destination with the same identifier (name{subsubsection.0.6.2.1}) has been already used, duplicate ignored
<to be read again> 
                   \relax 
l.3 \viduminhhoa
                
pdfTeX warning (ext4): destination with the same identifier (name{vd.1}) has been already used, duplicate ignored
<to be read again> 
                   \relax 
l.6 	C
      ho hình lập phương $ ABCD.A'B'C'D' $ có cạnh bằng 5.
pdfTeX warning (ext4): destination with the same identifier (name{vd.2}) has been already used, duplicate ignored
<to be read again> 
                   \relax 
l.59 	C
       ho tứ diện đều $ABCD$ có cạnh bằng $a$ và $M$ là trung ...
pdfTeX warning (ext4): destination with the same identifier (name{vd.3}) has been already used, duplicate ignored
<to be read again> 
                   \relax 
l.125 		\end{tikzpicture}}
                           [11]
pdfTeX warning (ext4): destination with the same identifier (name{vd.4}) has been already used, duplicate ignored
<to be read again> 
                   \relax 
l.177 	}
        
pdfTeX warning (ext4): destination with the same identifier (name{subsubsection.0.6.2.2}) has been already used, duplicate ignored
<to be read again> 
                   \relax 
l.192 \subsubsection{Bài tập trắc nghiệm}
                                                
Output from handle ans going to ans/2H2-B1-d2-1.tex
\openout9 = `ans/2H2-B1-d2-1.tex'.

Missing character: There is no ; in font nullfont!
Missing character: There is no ; in font nullfont!
Missing character: There is no ; in font nullfont!
Missing character: There is no ; in font nullfont!
Missing character: There is no ; in font nullfont!

Overfull \hbox (3.78441pt too wide) in paragraph at lines 222--222
[][] 
 []


Overfull \hbox (3.96068pt too wide) in paragraph at lines 222--222
[][] 
 []


Overfull \hbox (4.19017pt too wide) in paragraph at lines 222--222
[][] 
 []


Overfull \hbox (4.26732pt too wide) in paragraph at lines 222--222
[][] 
 []


Overfull \hbox (3.78441pt too wide) in paragraph at lines 222--222
[][] 
 []


Overfull \hbox (3.96068pt too wide) in paragraph at lines 222--222
[][] 
 []


Overfull \hbox (4.19017pt too wide) in paragraph at lines 222--222
[][] 
 []


Overfull \hbox (4.26732pt too wide) in paragraph at lines 222--222
[][] 
 []


Overfull \hbox (3.78441pt too wide) in paragraph at lines 249--249
[][] 
 []


Overfull \hbox (3.96068pt too wide) in paragraph at lines 249--249
[][] 
 []


Overfull \hbox (4.19017pt too wide) in paragraph at lines 249--249
[][] 
 []


Overfull \hbox (4.26732pt too wide) in paragraph at lines 249--249
[][] 
 []


Overfull \hbox (3.78441pt too wide) in paragraph at lines 249--249
[][] 
 []


Overfull \hbox (3.96068pt too wide) in paragraph at lines 249--249
[][] 
 []


Overfull \hbox (4.19017pt too wide) in paragraph at lines 249--249
[][] 
 []


Overfull \hbox (4.26732pt too wide) in paragraph at lines 249--249
[][] 
 []

Missing character: There is no ; in font nullfont!
Missing character: There is no ; in font nullfont!
Missing character: There is no ; in font nullfont!
Missing character: There is no ; in font nullfont!
Missing character: There is no ; in font nullfont!

Overfull \hbox (3.78441pt too wide) in paragraph at lines 289--289
[][] 
 []


Overfull \hbox (3.96068pt too wide) in paragraph at lines 289--289
[][] 
 []


Overfull \hbox (4.19017pt too wide) in paragraph at lines 289--289
[][] 
 []


Overfull \hbox (4.26732pt too wide) in paragraph at lines 289--289
[][] 
 []


Overfull \hbox (3.78441pt too wide) in paragraph at lines 289--289
[][] 
 []


Overfull \hbox (3.96068pt too wide) in paragraph at lines 289--289
[][] 
 []


Overfull \hbox (4.19017pt too wide) in paragraph at lines 289--289
[][] 
 []


Overfull \hbox (4.26732pt too wide) in paragraph at lines 289--289
[][] 
 []

Missing character: There is no ; in font nullfont!
Missing character: There is no ; in font nullfont!
Missing character: There is no ; in font nullfont!
Missing character: There is no ; in font nullfont!
Missing character: There is no ; in font nullfont!

Overfull \hbox (3.78441pt too wide) in paragraph at lines 342--342
[][] 
 []


Overfull \hbox (3.96068pt too wide) in paragraph at lines 342--342
[][] 
 []


Overfull \hbox (4.19017pt too wide) in paragraph at lines 342--342
[][] 
 []


Overfull \hbox (4.26732pt too wide) in paragraph at lines 342--342
[][] 
 []


Overfull \hbox (3.78441pt too wide) in paragraph at lines 342--342
[][] 
 []


Overfull \hbox (3.96068pt too wide) in paragraph at lines 342--342
[][] 
 []


Overfull \hbox (4.19017pt too wide) in paragraph at lines 342--342
[][] 
 []


Overfull \hbox (4.26732pt too wide) in paragraph at lines 342--342
[][] 
 []


pdfTeX warning (ext4): destination with the same identifier (name{ex.5}) has been already used, duplicate ignored
<to be read again> 
                   \relax 
l.384 		\end{tikzpicture}}
                          
Overfull \hbox (3.78441pt too wide) in paragraph at lines 384--384
[][] 
 []


Overfull \hbox (3.96068pt too wide) in paragraph at lines 384--384
[][] 
 []


Overfull \hbox (4.19017pt too wide) in paragraph at lines 384--384
[][] 
 []


Overfull \hbox (4.26732pt too wide) in paragraph at lines 384--384
[][] 
 []


Overfull \hbox (3.78441pt too wide) in paragraph at lines 384--384
[][] 
 []


Overfull \hbox (3.96068pt too wide) in paragraph at lines 384--384
[][] 
 []


Overfull \hbox (4.19017pt too wide) in paragraph at lines 384--384
[][] 
 []


Overfull \hbox (4.26732pt too wide) in paragraph at lines 384--384
[][] 
 []

[12]
Missing character: There is no ; in font nullfont!
Missing character: There is no ; in font nullfont!
Missing character: There is no ; in font nullfont!
Missing character: There is no ; in font nullfont!
Missing character: There is no ; in font nullfont!

Overfull \hbox (3.78441pt too wide) in paragraph at lines 437--437
[][] 
 []


Overfull \hbox (3.96068pt too wide) in paragraph at lines 437--437
[][] 
 []


Overfull \hbox (4.19017pt too wide) in paragraph at lines 437--437
[][] 
 []


Overfull \hbox (4.26732pt too wide) in paragraph at lines 437--437
[][] 
 []


Overfull \hbox (3.78441pt too wide) in paragraph at lines 437--437
[][] 
 []


Overfull \hbox (3.96068pt too wide) in paragraph at lines 437--437
[][] 
 []


Overfull \hbox (4.19017pt too wide) in paragraph at lines 437--437
[][] 
 []


Overfull \hbox (4.26732pt too wide) in paragraph at lines 437--437
[][] 
 []

Missing character: There is no ; in font nullfont!
Missing character: There is no ; in font nullfont!
Missing character: There is no ; in font nullfont!
Missing character: There is no ; in font nullfont!
Missing character: There is no ; in font nullfont!

Overfull \hbox (3.78441pt too wide) in paragraph at lines 477--477
[][] 
 []


Overfull \hbox (3.96068pt too wide) in paragraph at lines 477--477
[][] 
 []


Overfull \hbox (4.19017pt too wide) in paragraph at lines 477--477
[][] 
 []


Overfull \hbox (4.26732pt too wide) in paragraph at lines 477--477
[][] 
 []


Overfull \hbox (3.78441pt too wide) in paragraph at lines 477--477
[][] 
 []


Overfull \hbox (3.96068pt too wide) in paragraph at lines 477--477
[][] 
 []


Overfull \hbox (4.19017pt too wide) in paragraph at lines 477--477
[][] 
 []


Overfull \hbox (4.26732pt too wide) in paragraph at lines 477--477
[][] 
 []


Overfull \hbox (3.78441pt too wide) in paragraph at lines 515--515
[][] 
 []


Overfull \hbox (3.96068pt too wide) in paragraph at lines 515--515
[][] 
 []


Overfull \hbox (4.19017pt too wide) in paragraph at lines 515--515
[][] 
 []


Overfull \hbox (4.26732pt too wide) in paragraph at lines 515--515
[][] 
 []


Overfull \hbox (3.78441pt too wide) in paragraph at lines 515--515
[][] 
 []


Overfull \hbox (3.96068pt too wide) in paragraph at lines 515--515
[][] 
 []


Overfull \hbox (4.19017pt too wide) in paragraph at lines 515--515
[][] 
 []


Overfull \hbox (4.26732pt too wide) in paragraph at lines 515--515
[][] 
 []


Overfull \hbox (3.78441pt too wide) in paragraph at lines 549--549
[][] 
 []


Overfull \hbox (3.96068pt too wide) in paragraph at lines 549--549
[][] 
 []


Overfull \hbox (4.19017pt too wide) in paragraph at lines 549--549
[][] 
 []


Overfull \hbox (4.26732pt too wide) in paragraph at lines 549--549
[][] 
 []


Overfull \hbox (3.78441pt too wide) in paragraph at lines 549--549
[][] 
 []


Overfull \hbox (3.96068pt too wide) in paragraph at lines 549--549
[][] 
 []


Overfull \hbox (4.19017pt too wide) in paragraph at lines 549--549
[][] 
 []


Overfull \hbox (4.26732pt too wide) in paragraph at lines 549--549
[][] 
 []


Overfull \hbox (3.78441pt too wide) in paragraph at lines 575--575
[][] 
 []


Overfull \hbox (3.96068pt too wide) in paragraph at lines 575--575
[][] 
 []


Overfull \hbox (4.19017pt too wide) in paragraph at lines 575--575
[][] 
 []


Overfull \hbox (4.26732pt too wide) in paragraph at lines 575--575
[][] 
 []


Overfull \hbox (3.78441pt too wide) in paragraph at lines 575--575
[][] 
 []


Overfull \hbox (3.96068pt too wide) in paragraph at lines 575--575
[][] 
 []


Overfull \hbox (4.19017pt too wide) in paragraph at lines 575--575
[][] 
 []


Overfull \hbox (4.26732pt too wide) in paragraph at lines 575--575
[][] 
 []


Overfull \hbox (3.78441pt too wide) in paragraph at lines 603--603
[][] 
 []


Overfull \hbox (3.96068pt too wide) in paragraph at lines 603--603
[][] 
 []


Overfull \hbox (4.19017pt too wide) in paragraph at lines 603--603
[][] 
 []


Overfull \hbox (4.26732pt too wide) in paragraph at lines 603--603
[][] 
 []


Overfull \hbox (3.78441pt too wide) in paragraph at lines 603--603
[][] 
 []


Overfull \hbox (3.96068pt too wide) in paragraph at lines 603--603
[][] 
 []


Overfull \hbox (4.19017pt too wide) in paragraph at lines 603--603
[][] 
 []


Overfull \hbox (4.26732pt too wide) in paragraph at lines 603--603
[][] 
 []


Overfull \hbox (3.78441pt too wide) in paragraph at lines 645--645
[][] 
 []


Overfull \hbox (3.96068pt too wide) in paragraph at lines 645--645
[][] 
 []


Overfull \hbox (4.19017pt too wide) in paragraph at lines 645--645
[][] 
 []


Overfull \hbox (4.26732pt too wide) in paragraph at lines 645--645
[][] 
 []


Overfull \hbox (3.78441pt too wide) in paragraph at lines 645--645
[][] 
 []


Overfull \hbox (3.96068pt too wide) in paragraph at lines 645--645
[][] 
 []


Overfull \hbox (4.19017pt too wide) in paragraph at lines 645--645
[][] 
 []


Overfull \hbox (4.26732pt too wide) in paragraph at lines 645--645
[][] 
 []

[13]
pdfTeX warning (ext4): destination with the same identifier (name{ex.13}) has been already used, duplicate ignored
<to be read again> 
                   \relax 
l.673 	C
        ho hình lập phương $ABCD.A'B'C'D'$ cạnh bằng $a$. Tích vô...
Overfull \hbox (3.78441pt too wide) in paragraph at lines 679--679
[][] 
 []


Overfull \hbox (3.96068pt too wide) in paragraph at lines 679--679
[][] 
 []


Overfull \hbox (4.19017pt too wide) in paragraph at lines 679--679
[][] 
 []


Overfull \hbox (4.26732pt too wide) in paragraph at lines 679--679
[][] 
 []

Output from handle ans going to ans/2H2-B1-d2-2.tex
\openout9 = `ans/2H2-B1-d2-2.tex'.


pdfTeX warning (ext4): destination with the same identifier (name{ex.14}) has been already used, duplicate ignored
<to be read again> 
                   \relax 
l.688 	T
        rong không gian, cho hai vectơ $\vec{a}$ và $\vec{b}$ cùng có �...
Overfull \hbox (1.18027pt too wide) in paragraph at lines 694--694
 []|\T5/cmr/bx/n/10 ^^^| 
 []


Overfull \hbox (1.27747pt too wide) in paragraph at lines 694--694
[]\T5/cmr/bx/n/10 a) 
 []


Overfull \hbox (2.07588pt too wide) in paragraph at lines 694--694
[]\T5/cmr/bx/n/10 b) 
 []


Overfull \hbox (0.79842pt too wide) in paragraph at lines 694--694
[]\T5/cmr/bx/n/10 c) 
 []


Overfull \hbox (2.07588pt too wide) in paragraph at lines 694--694
[]\T5/cmr/bx/n/10 d) 
 []


pdfTeX warning (ext4): destination with the same identifier (name{ex.15}) has been already used, duplicate ignored
<to be read again> 
                   \relax 
l.730 		\end{tikzpicture}}
                          
Overfull \hbox (1.18027pt too wide) in paragraph at lines 730--730
 []|\T5/cmr/bx/n/10 ^^^| 
 []


Overfull \hbox (1.18027pt too wide) in paragraph at lines 730--730
 []|\T5/cmr/bx/n/10 ^^^| 
 []


Overfull \hbox (1.27747pt too wide) in paragraph at lines 730--730
[]\T5/cmr/bx/n/10 a) 
 []


Overfull \hbox (0.79842pt too wide) in paragraph at lines 730--730
[]\T5/cmr/bx/n/10 c) 
 []


Overfull \hbox (2.07588pt too wide) in paragraph at lines 730--730
[]\T5/cmr/bx/n/10 b) 
 []


Overfull \hbox (2.07588pt too wide) in paragraph at lines 730--730
[]\T5/cmr/bx/n/10 d) 
 []


Overfull \hbox (1.18027pt too wide) in paragraph at lines 730--730
 []|\T5/cmr/bx/n/10 ^^^| 
 []


Overfull \hbox (1.27747pt too wide) in paragraph at lines 730--730
[]\T5/cmr/bx/n/10 a) 
 []


Overfull \hbox (2.07588pt too wide) in paragraph at lines 730--730
[]\T5/cmr/bx/n/10 b) 
 []


Overfull \hbox (0.79842pt too wide) in paragraph at lines 730--730
[]\T5/cmr/bx/n/10 c) 
 []


Overfull \hbox (2.07588pt too wide) in paragraph at lines 730--730
[]\T5/cmr/bx/n/10 d) 
 []


pdfTeX warning (ext4): destination with the same identifier (name{ex.16}) has been already used, duplicate ignored
<to be read again> 
                   \relax 
l.782 	}
        
Overfull \hbox (1.18027pt too wide) in paragraph at lines 782--782
 []|\T5/cmr/bx/n/10 ^^^| 
 []


Overfull \hbox (1.27747pt too wide) in paragraph at lines 782--782
[]\T5/cmr/bx/n/10 a) 
 []


Overfull \hbox (2.07588pt too wide) in paragraph at lines 782--782
[]\T5/cmr/bx/n/10 b) 
 []


Overfull \hbox (0.79842pt too wide) in paragraph at lines 782--782
[]\T5/cmr/bx/n/10 c) 
 []


Overfull \hbox (2.07588pt too wide) in paragraph at lines 782--782
[]\T5/cmr/bx/n/10 d) 
 []


Overfull \hbox (1.18027pt too wide) in paragraph at lines 782--782
 []|\T5/cmr/bx/n/10 ^^^| 
 []


Overfull \hbox (1.27747pt too wide) in paragraph at lines 782--782
[]\T5/cmr/bx/n/10 a) 
 []


Overfull \hbox (2.07588pt too wide) in paragraph at lines 782--782
[]\T5/cmr/bx/n/10 b) 
 []


Overfull \hbox (0.79842pt too wide) in paragraph at lines 782--782
[]\T5/cmr/bx/n/10 c) 
 []


Overfull \hbox (2.07588pt too wide) in paragraph at lines 782--782
[]\T5/cmr/bx/n/10 d) 
 []


pdfTeX warning (ext4): destination with the same identifier (name{ex.17}) has been already used, duplicate ignored
<to be read again> 
                   \relax 
l.812 	C
        ho hình chóp $S.ABCD$ có đáy $ABCD$ là hình chữ nhật. Bi�...
Overfull \hbox (1.18027pt too wide) in paragraph at lines 818--818
 []|\T5/cmr/bx/n/10 ^^^| 
 []


Overfull \hbox (1.27747pt too wide) in paragraph at lines 818--818
[]\T5/cmr/bx/n/10 a) 
 []


Overfull \hbox (2.07588pt too wide) in paragraph at lines 818--818
[]\T5/cmr/bx/n/10 b) 
 []


Overfull \hbox (0.79842pt too wide) in paragraph at lines 818--818
[]\T5/cmr/bx/n/10 c) 
 []


Overfull \hbox (2.07588pt too wide) in paragraph at lines 818--818
[]\T5/cmr/bx/n/10 d) 
 []

[14]
pdfTeX warning (ext4): destination with the same identifier (name{ex.18}) has been already used, duplicate ignored
<to be read again> 
                   \relax 
l.866 	C
        ho hình lập phương $ABCD.A'B'C'D'$ có cạnh bằng $a$. Trên...
Overfull \hbox (1.18027pt too wide) in paragraph at lines 872--872
 []|\T5/cmr/bx/n/10 ^^^| 
 []


Overfull \hbox (1.27747pt too wide) in paragraph at lines 872--872
[]\T5/cmr/bx/n/10 a) 
 []


Overfull \hbox (2.07588pt too wide) in paragraph at lines 872--872
[]\T5/cmr/bx/n/10 b) 
 []


Overfull \hbox (0.79842pt too wide) in paragraph at lines 872--872
[]\T5/cmr/bx/n/10 c) 
 []


Overfull \hbox (2.07588pt too wide) in paragraph at lines 872--872
[]\T5/cmr/bx/n/10 d) 
 []


Overfull \hbox (1.18027pt too wide) in paragraph at lines 928--928
 []|\T5/cmr/bx/n/10 ^^^| 
 []


Overfull \hbox (1.27747pt too wide) in paragraph at lines 928--928
[]\T5/cmr/bx/n/10 a) 
 []


Overfull \hbox (2.07588pt too wide) in paragraph at lines 928--928
[]\T5/cmr/bx/n/10 b) 
 []


Overfull \hbox (0.79842pt too wide) in paragraph at lines 928--928
[]\T5/cmr/bx/n/10 c) 
 []


Overfull \hbox (2.07588pt too wide) in paragraph at lines 928--928
[]\T5/cmr/bx/n/10 d) 
 []


Overfull \hbox (1.18027pt too wide) in paragraph at lines 976--976
 []|\T5/cmr/bx/n/10 ^^^| 
 []


Overfull \hbox (1.27747pt too wide) in paragraph at lines 976--976
[]\T5/cmr/bx/n/10 a) 
 []


Overfull \hbox (2.07588pt too wide) in paragraph at lines 976--976
[]\T5/cmr/bx/n/10 b) 
 []


Overfull \hbox (0.79842pt too wide) in paragraph at lines 976--976
[]\T5/cmr/bx/n/10 c) 
 []


Overfull \hbox (2.07588pt too wide) in paragraph at lines 976--976
[]\T5/cmr/bx/n/10 d) 
 []


pdfTeX warning (ext4): destination with the same identifier (name{ex.21}) has been already used, duplicate ignored
<to be read again> 
                   \relax 
l.1012 	C
         ho tứ diện $ABCD$ có cạnh $a$. Gọi $M$, $N$ lần lượt ...
Overfull \hbox (1.18027pt too wide) in paragraph at lines 1018--1018
 []|\T5/cmr/bx/n/10 ^^^| 
 []


Overfull \hbox (1.27747pt too wide) in paragraph at lines 1018--1018
[]\T5/cmr/bx/n/10 a) 
 []


Overfull \hbox (2.07588pt too wide) in paragraph at lines 1018--1018
[]\T5/cmr/bx/n/10 b) 
 []


Overfull \hbox (0.79842pt too wide) in paragraph at lines 1018--1018
[]\T5/cmr/bx/n/10 c) 
 []


Overfull \hbox (2.07588pt too wide) in paragraph at lines 1018--1018
[]\T5/cmr/bx/n/10 d) 
 []

<images/xe-1.jpg, id=532, 1417.295pt x 2055.68pt>
File: images/xe-1.jpg Graphic file (type jpg)
<use images/xe-1.jpg>
Package pdftex.def Info: images/xe-1.jpg  used on input line 1083.
(pdftex.def)             Requested size: 113.38591pt x 164.45776pt.

pdfTeX warning (ext4): destination with the same identifier (name{ex.22}) has been already used, duplicate ignored
<to be read again> 
                   \relax 
l.1083 	}
         
Overfull \hbox (1.18027pt too wide) in paragraph at lines 1083--1083
 []|\T5/cmr/bx/n/10 ^^^| 
 []


Overfull \hbox (1.27747pt too wide) in paragraph at lines 1083--1083
[]\T5/cmr/bx/n/10 a) 
 []


Overfull \hbox (2.07588pt too wide) in paragraph at lines 1083--1083
[]\T5/cmr/bx/n/10 b) 
 []


Overfull \hbox (0.79842pt too wide) in paragraph at lines 1083--1083
[]\T5/cmr/bx/n/10 c) 
 []


Overfull \hbox (2.07588pt too wide) in paragraph at lines 1083--1083
[]\T5/cmr/bx/n/10 d) 
 []


Overfull \hbox (1.18027pt too wide) in paragraph at lines 1083--1083
 []|\T5/cmr/bx/n/10 ^^^| 
 []


Overfull \hbox (1.27747pt too wide) in paragraph at lines 1083--1083
[]\T5/cmr/bx/n/10 a) 
 []


Overfull \hbox (2.07588pt too wide) in paragraph at lines 1083--1083
[]\T5/cmr/bx/n/10 b) 
 []


Overfull \hbox (0.79842pt too wide) in paragraph at lines 1083--1083
[]\T5/cmr/bx/n/10 c) 
 []


Overfull \hbox (2.07588pt too wide) in paragraph at lines 1083--1083
[]\T5/cmr/bx/n/10 d) 
 []

[15]
pdfTeX warning (ext4): destination with the same identifier (name{ex.23}) has been already used, duplicate ignored
<to be read again> 
                   \relax 
l.1167 		\end{tikzpicture}}
                           
Overfull \hbox (1.18027pt too wide) in paragraph at lines 1167--1167
 []|\T5/cmr/bx/n/10 ^^^| 
 []


Overfull \hbox (1.27747pt too wide) in paragraph at lines 1167--1167
[]\T5/cmr/bx/n/10 a) 
 []


Overfull \hbox (2.07588pt too wide) in paragraph at lines 1167--1167
[]\T5/cmr/bx/n/10 b) 
 []


Overfull \hbox (0.79842pt too wide) in paragraph at lines 1167--1167
[]\T5/cmr/bx/n/10 c) 
 []


Overfull \hbox (2.07588pt too wide) in paragraph at lines 1167--1167
[]\T5/cmr/bx/n/10 d) 
 []


Overfull \hbox (1.18027pt too wide) in paragraph at lines 1167--1167
 []|\T5/cmr/bx/n/10 ^^^| 
 []


Overfull \hbox (1.27747pt too wide) in paragraph at lines 1167--1167
[]\T5/cmr/bx/n/10 a) 
 []


Overfull \hbox (2.07588pt too wide) in paragraph at lines 1167--1167
[]\T5/cmr/bx/n/10 b) 
 []


Overfull \hbox (0.79842pt too wide) in paragraph at lines 1167--1167
[]\T5/cmr/bx/n/10 c) 
 []


Overfull \hbox (2.07588pt too wide) in paragraph at lines 1167--1167
[]\T5/cmr/bx/n/10 d) 
 []


pdfTeX warning (ext4): destination with the same identifier (name{ex.24}) has been already used, duplicate ignored
<to be read again> 
                   \relax 
l.1213 		\end{tikzpicture}}
                           
Overfull \hbox (1.18027pt too wide) in paragraph at lines 1213--1213
 []|\T5/cmr/bx/n/10 ^^^| 
 []


Overfull \hbox (1.27747pt too wide) in paragraph at lines 1213--1213
[]\T5/cmr/bx/n/10 a) 
 []


Overfull \hbox (2.07588pt too wide) in paragraph at lines 1213--1213
[]\T5/cmr/bx/n/10 b) 
 []


Overfull \hbox (0.79842pt too wide) in paragraph at lines 1213--1213
[]\T5/cmr/bx/n/10 c) 
 []


Overfull \hbox (2.07588pt too wide) in paragraph at lines 1213--1213
[]\T5/cmr/bx/n/10 d) 
 []


Overfull \hbox (1.18027pt too wide) in paragraph at lines 1213--1213
 []|\T5/cmr/bx/n/10 ^^^| 
 []


Overfull \hbox (1.27747pt too wide) in paragraph at lines 1213--1213
[]\T5/cmr/bx/n/10 a) 
 []


Overfull \hbox (2.07588pt too wide) in paragraph at lines 1213--1213
[]\T5/cmr/bx/n/10 b) 
 []


Overfull \hbox (0.79842pt too wide) in paragraph at lines 1213--1213
[]\T5/cmr/bx/n/10 c) 
 []


Overfull \hbox (2.07588pt too wide) in paragraph at lines 1213--1213
[]\T5/cmr/bx/n/10 d) 
 []


pdfTeX warning (ext4): destination with the same identifier (name{ex.25}) has been already used, duplicate ignored
<to be read again> 
                   \relax 
l.1257 	C
         ho tứ diện đều $SABC$ có cạnh $a$. Gọi $M$, $N$ lần l...
Overfull \hbox (1.18027pt too wide) in paragraph at lines 1283--1283
 []|\T5/cmr/bx/n/10 ^^^| 
 []


Overfull \hbox (1.27747pt too wide) in paragraph at lines 1283--1283
[]\T5/cmr/bx/n/10 a) 
 []


Overfull \hbox (2.07588pt too wide) in paragraph at lines 1283--1283
[]\T5/cmr/bx/n/10 b) 
 []


Overfull \hbox (0.79842pt too wide) in paragraph at lines 1283--1283
[]\T5/cmr/bx/n/10 c) 
 []


Overfull \hbox (2.07588pt too wide) in paragraph at lines 1283--1283
[]\T5/cmr/bx/n/10 d) 
 []


pdfTeX warning (ext4): destination with the same identifier (name{ex.26}) has been already used, duplicate ignored
<to be read again> 
                   \relax 
l.1353 		\end{tikzpicture}}
                           
Overfull \hbox (1.18027pt too wide) in paragraph at lines 1353--1353
 []|\T5/cmr/bx/n/10 ^^^| 
 []


Overfull \hbox (1.27747pt too wide) in paragraph at lines 1353--1353
[]\T5/cmr/bx/n/10 a) 
 []


Overfull \hbox (2.07588pt too wide) in paragraph at lines 1353--1353
[]\T5/cmr/bx/n/10 b) 
 []


Overfull \hbox (0.79842pt too wide) in paragraph at lines 1353--1353
[]\T5/cmr/bx/n/10 c) 
 []


Overfull \hbox (2.07588pt too wide) in paragraph at lines 1353--1353
[]\T5/cmr/bx/n/10 d) 
 []


Overfull \hbox (1.18027pt too wide) in paragraph at lines 1353--1353
 []|\T5/cmr/bx/n/10 ^^^| 
 []


Overfull \hbox (1.27747pt too wide) in paragraph at lines 1353--1353
[]\T5/cmr/bx/n/10 a) 
 []


Overfull \hbox (2.07588pt too wide) in paragraph at lines 1353--1353
[]\T5/cmr/bx/n/10 b) 
 []


Overfull \hbox (0.79842pt too wide) in paragraph at lines 1353--1353
[]\T5/cmr/bx/n/10 c) 
 []


Overfull \hbox (2.07588pt too wide) in paragraph at lines 1353--1353
[]\T5/cmr/bx/n/10 d) 
 []

[16 <./images/xe-1.jpg>]
pdfTeX warning (ext4): destination with the same identifier (name{ex.27}) has been already used, duplicate ignored
<to be read again> 
                   \relax 
l.1393 		\end{tikzpicture}}
                           
Overfull \hbox (1.18027pt too wide) in paragraph at lines 1393--1393
 []|\T5/cmr/bx/n/10 ^^^| 
 []


Overfull \hbox (1.27747pt too wide) in paragraph at lines 1393--1393
[]\T5/cmr/bx/n/10 a) 
 []


Overfull \hbox (2.07588pt too wide) in paragraph at lines 1393--1393
[]\T5/cmr/bx/n/10 b) 
 []


Overfull \hbox (0.79842pt too wide) in paragraph at lines 1393--1393
[]\T5/cmr/bx/n/10 c) 
 []


Overfull \hbox (2.07588pt too wide) in paragraph at lines 1393--1393
[]\T5/cmr/bx/n/10 d) 
 []


Overfull \hbox (1.18027pt too wide) in paragraph at lines 1393--1393
 []|\T5/cmr/bx/n/10 ^^^| 
 []


Overfull \hbox (1.27747pt too wide) in paragraph at lines 1393--1393
[]\T5/cmr/bx/n/10 a) 
 []


Overfull \hbox (2.07588pt too wide) in paragraph at lines 1393--1393
[]\T5/cmr/bx/n/10 b) 
 []


Overfull \hbox (0.79842pt too wide) in paragraph at lines 1393--1393
[]\T5/cmr/bx/n/10 c) 
 []


Overfull \hbox (2.07588pt too wide) in paragraph at lines 1393--1393
[]\T5/cmr/bx/n/10 d) 
 []


pdfTeX warning (ext4): destination with the same identifier (name{ex.28}) has been already used, duplicate ignored
<to be read again> 
                   \relax 
l.1409 	C
         ho tứ diện đều $ABCD$ có cạnh bằng $4$. Giá trị tíc...
pdfTeX warning (ext4): destination with the same identifier (name{ex.29}) has been already used, duplicate ignored
<to be read again> 
                   \relax 
l.1421 	T
         rong không gian, cho hai vectơ $\vec{a}$ và $\vec{b}$ có cùng ...
pdfTeX warning (ext4): destination with the same identifier (name{ex.30}) has been already used, duplicate ignored
<to be read again> 
                   \relax 
l.1433 	C
         ho hình lập phương $ABCD.A'B'C'D'$ có cạnh bằng $2$. Tín...
pdfTeX warning (ext4): destination with the same identifier (name{ex.31}) has been already used, duplicate ignored
<to be read again> 
                   \relax 
l.1442 	C
         ho tứ diện $ABCD$, gọi $M$, $N$ lần lượt là trung đi�...
<images/candon.png, id=553, 172.2435pt x 160.80075pt>
File: images/candon.png Graphic file (type png)
<use images/candon.png>
Package pdftex.def Info: images/candon.png  used on input line 1581.
(pdftex.def)             Requested size: 120.56961pt x 112.55974pt.
 [17]
pdfTeX warning (ext4): destination with the same identifier (name{ex.37}) has been already used, duplicate ignored
<to be read again> 
                   \relax 
l.1649 	C
         ho hình chóp $S.ABCD$ có đáy $ABCD$ là hình bình hành. M�...
<images/h2.20.png, id=564, 185.94469pt x 84.315pt>
File: images/h2.20.png Graphic file (type png)
<use images/h2.20.png>
Package pdftex.def Info: images/h2.20.png  used on input line 1732.
(pdftex.def)             Requested size: 185.94421pt x 84.31477pt.
) (datak40/2H2/2H2-B2.tex [18 <./images/candon.png> <./images/h2.20.png>]
Overfull \hbox (2.68948pt too wide) detected at line 93
[] \OT1/cmr/m/n/10 = [] = [] + [] + [] = \OML/cmm/m/it/10 a[] \OT1/cmr/m/n/10 + \OML/cmm/m/it/10 b[] \OT1/cmr/m/n/10 + \OML/cmm/m/it/10 c[]:
 []


Package hyperref Warning: Token not allowed in a PDF string (Unicode):
(hyperref)                removing `\char' on input line 99.


Package hyperref Warning: Token not allowed in a PDF string (Unicode):
(hyperref)                removing `\leavevmode@ifvmode' on input line 99.


Package hyperref Warning: Token not allowed in a PDF string (Unicode):
(hyperref)                \kern 1.66702pt
(hyperref)                removed on input line 99.


Package hyperref Warning: Token not allowed in a PDF string (Unicode):
(hyperref)                removing `\leavevmode@ifvmode' on input line 99.


Package hyperref Warning: Token not allowed in a PDF string (Unicode):
(hyperref)                \kern 1.66702pt
(hyperref)                removed on input line 99.

[19]
pdfTeX warning (ext4): destination with the same identifier (name{vd.1}) has been already used, duplicate ignored
<to be read again> 
                   \relax 
l.112 	T
        rong KG $Oxyz$, cho $A(3 ;-2 ;-1)$. Gọi $ A_1, A_2, A_3$ lần lư...
pdfTeX warning (ext4): destination with the same identifier (name{vd.2}) has been already used, duplicate ignored
<to be read again> 
                   \relax 
l.121 	T
        rong KG $Oxyz$, cho $A(-2;3;4)$. Gọi $H, K, P$ lần lượt là h...
pdfTeX warning (ext4): destination with the same identifier (name{vd.3}) has been already used, duplicate ignored
<to be read again> 
                   \relax 
l.129 \begin{vd} T
                  rong KG $Oxyz$, cho $A(1; 1;-2)$, $B(4; 3; 1)$ và $C(-1;-...
pdfTeX warning (ext4): destination with the same identifier (name{vd.4}) has been already used, duplicate ignored
<to be read again> 
                   \relax 
l.158 	T
        rong KG $Oxyz$, cho hình hộp $ABCD \cdot A'B'C'D'$ có $A(4;6;-5)...
Output from handle ans going to ans/2H2-B2-d1-1.tex
\openout9 = `ans/2H2-B2-d1-1.tex'.


Overfull \hbox (3.78441pt too wide) in paragraph at lines 195--195
[][] 
 []


Overfull \hbox (3.96068pt too wide) in paragraph at lines 195--195
[][] 
 []


Overfull \hbox (4.19017pt too wide) in paragraph at lines 195--195
[][] 
 []


Overfull \hbox (4.26732pt too wide) in paragraph at lines 195--195
[][] 
 []


Overfull \hbox (3.78441pt too wide) in paragraph at lines 206--206
[][] 
 []


Overfull \hbox (3.96068pt too wide) in paragraph at lines 206--206
[][] 
 []


Overfull \hbox (4.19017pt too wide) in paragraph at lines 206--206
[][] 
 []


Overfull \hbox (4.26732pt too wide) in paragraph at lines 206--206
[][] 
 []


Overfull \hbox (3.78441pt too wide) in paragraph at lines 219--219
[][] 
 []


Overfull \hbox (3.96068pt too wide) in paragraph at lines 219--219
[][] 
 []


Overfull \hbox (4.19017pt too wide) in paragraph at lines 219--219
[][] 
 []


Overfull \hbox (4.26732pt too wide) in paragraph at lines 219--219
[][] 
 []


Overfull \hbox (3.78441pt too wide) in paragraph at lines 231--231
[][] 
 []


Overfull \hbox (3.96068pt too wide) in paragraph at lines 231--231
[][] 
 []


Overfull \hbox (4.19017pt too wide) in paragraph at lines 231--231
[][] 
 []


Overfull \hbox (4.26732pt too wide) in paragraph at lines 231--231
[][] 
 []


pdfTeX warning (ext4): destination with the same identifier (name{ex.5}) has been already used, duplicate ignored
<to be read again> 
                   \relax 
l.238 	T
        rong KG $Oxyz$, cho vectơ $\overrightarrow{OA}=\overrightarrow{j}-2...
Overfull \hbox (3.78441pt too wide) in paragraph at lines 244--244
[][] 
 []


Overfull \hbox (3.96068pt too wide) in paragraph at lines 244--244
[][] 
 []


Overfull \hbox (4.19017pt too wide) in paragraph at lines 244--244
[][] 
 []


Overfull \hbox (4.26732pt too wide) in paragraph at lines 244--244
[][] 
 []


Overfull \hbox (3.78441pt too wide) in paragraph at lines 256--256
[][] 
 []


Overfull \hbox (3.96068pt too wide) in paragraph at lines 256--256
[][] 
 []


Overfull \hbox (4.19017pt too wide) in paragraph at lines 256--256
[][] 
 []


Overfull \hbox (4.26732pt too wide) in paragraph at lines 256--256
[][] 
 []


Overfull \hbox (3.78441pt too wide) in paragraph at lines 267--267
[][] 
 []


Overfull \hbox (3.96068pt too wide) in paragraph at lines 267--267
[][] 
 []


Overfull \hbox (4.19017pt too wide) in paragraph at lines 267--267
[][] 
 []


Overfull \hbox (4.26732pt too wide) in paragraph at lines 267--267
[][] 
 []


Overfull \hbox (3.78441pt too wide) in paragraph at lines 278--278
[][] 
 []


Overfull \hbox (3.96068pt too wide) in paragraph at lines 278--278
[][] 
 []


Overfull \hbox (4.19017pt too wide) in paragraph at lines 278--278
[][] 
 []


Overfull \hbox (4.26732pt too wide) in paragraph at lines 278--278
[][] 
 []


Overfull \hbox (3.78441pt too wide) in paragraph at lines 290--290
[][] 
 []


Overfull \hbox (3.96068pt too wide) in paragraph at lines 290--290
[][] 
 []


Overfull \hbox (4.19017pt too wide) in paragraph at lines 290--290
[][] 
 []


Overfull \hbox (4.26732pt too wide) in paragraph at lines 290--290
[][] 
 []

[20]
Overfull \hbox (3.78441pt too wide) in paragraph at lines 301--301
[][] 
 []


Overfull \hbox (3.96068pt too wide) in paragraph at lines 301--301
[][] 
 []


Overfull \hbox (4.19017pt too wide) in paragraph at lines 301--301
[][] 
 []


Overfull \hbox (4.26732pt too wide) in paragraph at lines 301--301
[][] 
 []


Overfull \hbox (3.78441pt too wide) in paragraph at lines 312--312
[][] 
 []


Overfull \hbox (3.96068pt too wide) in paragraph at lines 312--312
[][] 
 []


Overfull \hbox (4.19017pt too wide) in paragraph at lines 312--312
[][] 
 []


Overfull \hbox (4.26732pt too wide) in paragraph at lines 312--312
[][] 
 []


Overfull \hbox (3.78441pt too wide) in paragraph at lines 325--325
[][] 
 []


Overfull \hbox (3.96068pt too wide) in paragraph at lines 325--325
[][] 
 []


Overfull \hbox (4.19017pt too wide) in paragraph at lines 325--325
[][] 
 []


Overfull \hbox (4.26732pt too wide) in paragraph at lines 325--325
[][] 
 []


pdfTeX warning (ext4): destination with the same identifier (name{ex.13}) has been already used, duplicate ignored
<to be read again> 
                   \relax 
l.330 	H
        ình chiếu vuông góc của điểm $A(1;2;3)$ trên mặt phẳn...
Overfull \hbox (3.78441pt too wide) in paragraph at lines 336--336
[][] 
 []


Overfull \hbox (3.96068pt too wide) in paragraph at lines 336--336
[][] 
 []


Overfull \hbox (4.19017pt too wide) in paragraph at lines 336--336
[][] 
 []


Overfull \hbox (4.26732pt too wide) in paragraph at lines 336--336
[][] 
 []


pdfTeX warning (ext4): destination with the same identifier (name{ex.14}) has been already used, duplicate ignored
<to be read again> 
                   \relax 
l.343 	H
        ình chiếu vuông góc của điểm $M(2;1;-3)$ lên mặt phẳn...
Overfull \hbox (3.78441pt too wide) in paragraph at lines 349--349
[][] 
 []


Overfull \hbox (3.96068pt too wide) in paragraph at lines 349--349
[][] 
 []


Overfull \hbox (4.19017pt too wide) in paragraph at lines 349--349
[][] 
 []


Overfull \hbox (4.26732pt too wide) in paragraph at lines 349--349
[][] 
 []


pdfTeX warning (ext4): destination with the same identifier (name{ex.15}) has been already used, duplicate ignored
<to be read again> 
                   \relax 
l.355 	H
        ình chiếu vuông góc của điểm $A(3;2;1)$ trên trục $Ox$ ...
Overfull \hbox (3.78441pt too wide) in paragraph at lines 361--361
[][] 
 []


Overfull \hbox (3.96068pt too wide) in paragraph at lines 361--361
[][] 
 []


Overfull \hbox (4.19017pt too wide) in paragraph at lines 361--361
[][] 
 []


Overfull \hbox (4.26732pt too wide) in paragraph at lines 361--361
[][] 
 []


pdfTeX warning (ext4): destination with the same identifier (name{ex.16}) has been already used, duplicate ignored
<to be read again> 
                   \relax 
l.367 	H
        ình chiếu của điểm $M(2;3;-2)$ trên trục $Oy$ có tọa �...
Overfull \hbox (3.78441pt too wide) in paragraph at lines 373--373
[][] 
 []


Overfull \hbox (3.96068pt too wide) in paragraph at lines 373--373
[][] 
 []


Overfull \hbox (4.19017pt too wide) in paragraph at lines 373--373
[][] 
 []


Overfull \hbox (4.26732pt too wide) in paragraph at lines 373--373
[][] 
 []


pdfTeX warning (ext4): destination with the same identifier (name{ex.17}) has been already used, duplicate ignored
<to be read again> 
                   \relax 
l.396 	}
        
Overfull \hbox (3.78441pt too wide) in paragraph at lines 396--396
[][] 
 []


Overfull \hbox (3.96068pt too wide) in paragraph at lines 396--396
[][] 
 []


Overfull \hbox (4.19017pt too wide) in paragraph at lines 396--396
[][] 
 []


Overfull \hbox (4.26732pt too wide) in paragraph at lines 396--396
[][] 
 []


Overfull \hbox (3.78441pt too wide) in paragraph at lines 396--396
[][] 
 []


Overfull \hbox (3.96068pt too wide) in paragraph at lines 396--396
[][] 
 []


Overfull \hbox (4.19017pt too wide) in paragraph at lines 396--396
[][] 
 []


Overfull \hbox (4.26732pt too wide) in paragraph at lines 396--396
[][] 
 []


pdfTeX warning (ext4): destination with the same identifier (name{ex.18}) has been already used, duplicate ignored
<to be read again> 
                   \relax 
l.419 		\end{tikzpicture}}
                          
Overfull \hbox (3.78441pt too wide) in paragraph at lines 419--419
[][] 
 []


Overfull \hbox (3.96068pt too wide) in paragraph at lines 419--419
[][] 
 []


Overfull \hbox (4.19017pt too wide) in paragraph at lines 419--419
[][] 
 []


Overfull \hbox (4.26732pt too wide) in paragraph at lines 419--419
[][] 
 []


Underfull \hbox (badness 10000) in paragraph at lines 419--419
[][]\T5/cmr/m/n/10 Trong KG $\OML/cmm/m/it/10 Oxyz$\T5/cmr/m/n/10 , cho c�c ^^_i�m $\OML/cmm/m/it/10 A\OT1/cmr/m/n/10 (1; 0; 3)$\T5/cmr/m/n/10 ,
 []


Overfull \hbox (3.78441pt too wide) in paragraph at lines 419--419
[][] 
 []


Overfull \hbox (3.96068pt too wide) in paragraph at lines 419--419
[][] 
 []


Overfull \hbox (4.19017pt too wide) in paragraph at lines 419--419
[][] 
 []


Overfull \hbox (4.26732pt too wide) in paragraph at lines 419--419
[][] 
 []


pdfTeX warning (ext4): destination with the same identifier (name{ex.19}) has been already used, duplicate ignored
<to be read again> 
                   \relax 
l.448 		\end{tikzpicture}}
                          
Overfull \hbox (3.78441pt too wide) in paragraph at lines 448--448
[][] 
 []


Overfull \hbox (3.96068pt too wide) in paragraph at lines 448--448
[][] 
 []


Overfull \hbox (4.19017pt too wide) in paragraph at lines 448--448
[][] 
 []


Overfull \hbox (4.26732pt too wide) in paragraph at lines 448--448
[][] 
 []


Underfull \hbox (badness 2932) in paragraph at lines 448--448
[][]\T5/cmr/m/n/10 Cho h�nh h�p $\OML/cmm/m/it/10 ABCD:A[]B[]C[]D[]$ \T5/cmr/m/n/10 c� $\OML/cmm/m/it/10 A\OT1/cmr/m/n/10 (1; 0; 1)$\T5/cmr/m/n/10 ,
 []


Overfull \hbox (3.78441pt too wide) in paragraph at lines 448--448
[][] 
 []


Overfull \hbox (3.96068pt too wide) in paragraph at lines 448--448
[][] 
 []


Overfull \hbox (4.19017pt too wide) in paragraph at lines 448--448
[][] 
 []


Overfull \hbox (4.26732pt too wide) in paragraph at lines 448--448
[][] 
 []


pdfTeX warning (ext4): destination with the same identifier (name{ex.20}) has been already used, duplicate ignored
<to be read again> 
                   \relax 
l.456 	C
        ho hình hộp $A B C D . A' B' C' D'$ có $A(1 ; 0 ; 1)$, $B(2 ; 1 ...
Overfull \hbox (3.78441pt too wide) in paragraph at lines 462--462
[][] 
 []


Overfull \hbox (3.96068pt too wide) in paragraph at lines 462--462
[][] 
 []


Overfull \hbox (4.19017pt too wide) in paragraph at lines 462--462
[][] 
 []


Overfull \hbox (4.26732pt too wide) in paragraph at lines 462--462
[][] 
 []


pdfTeX warning (ext4): destination with the same identifier (name{ex.21}) has been already used, duplicate ignored
<to be read again> 
                   \relax 
l.494 		\end{tikzpicture}}
                          
Overfull \hbox (3.78441pt too wide) in paragraph at lines 494--494
[][] 
 []


Overfull \hbox (3.96068pt too wide) in paragraph at lines 494--494
[][] 
 []


Overfull \hbox (4.19017pt too wide) in paragraph at lines 494--494
[][] 
 []


Overfull \hbox (4.26732pt too wide) in paragraph at lines 494--494
[][] 
 []


Underfull \hbox (badness 2932) in paragraph at lines 494--494
[][]\T5/cmr/m/n/10 Cho h�nh h�p $\OML/cmm/m/it/10 ABCD:A[]B[]C[]D[]$ \T5/cmr/m/n/10 c� $\OML/cmm/m/it/10 A\OT1/cmr/m/n/10 (1; 0; 1)$\T5/cmr/m/n/10 ,
 []


Overfull \hbox (3.78441pt too wide) in paragraph at lines 494--494
[][] 
 []


Overfull \hbox (3.96068pt too wide) in paragraph at lines 494--494
[][] 
 []


Overfull \hbox (4.19017pt too wide) in paragraph at lines 494--494
[][] 
 []


Overfull \hbox (4.26732pt too wide) in paragraph at lines 494--494
[][] 
 []

Output from handle ans going to ans/2H2-B2-d1-2.tex
\openout9 = `ans/2H2-B2-d1-2.tex'.


pdfTeX warning (ext4): destination with the same identifier (name{ex.22}) has been already used, duplicate ignored
<to be read again> 
                   \relax 
l.508 	T
        rong KG $Oxyz$, cho $\vec{a}=\vec{i}+3\vec{k}-4\vec{j}$ và $\vec{b}...
Overfull \hbox (1.18027pt too wide) in paragraph at lines 514--514
 []|\T5/cmr/bx/n/10 ^^^| 
 []


Overfull \hbox (1.27747pt too wide) in paragraph at lines 514--514
[]\T5/cmr/bx/n/10 a) 
 []


Overfull \hbox (2.07588pt too wide) in paragraph at lines 514--514
[]\T5/cmr/bx/n/10 b) 
 []


Overfull \hbox (0.79842pt too wide) in paragraph at lines 514--514
[]\T5/cmr/bx/n/10 c) 
 []


Overfull \hbox (2.07588pt too wide) in paragraph at lines 514--514
[]\T5/cmr/bx/n/10 d) 
 []

[21]
pdfTeX warning (ext4): destination with the same identifier (name{ex.23}) has been already used, duplicate ignored
<to be read again> 
                   \relax 
l.550 		\end{tikzpicture}}
                          
Overfull \hbox (1.18027pt too wide) in paragraph at lines 550--550
 []|\T5/cmr/bx/n/10 ^^^| 
 []


Overfull \hbox (1.27747pt too wide) in paragraph at lines 550--550
[]\T5/cmr/bx/n/10 a) 
 []


Overfull \hbox (2.07588pt too wide) in paragraph at lines 550--550
[]\T5/cmr/bx/n/10 b) 
 []


Overfull \hbox (0.79842pt too wide) in paragraph at lines 550--550
[]\T5/cmr/bx/n/10 c) 
 []


Overfull \hbox (2.07588pt too wide) in paragraph at lines 550--550
[]\T5/cmr/bx/n/10 d) 
 []


Overfull \hbox (1.18027pt too wide) in paragraph at lines 550--550
 []|\T5/cmr/bx/n/10 ^^^| 
 []


Overfull \hbox (1.27747pt too wide) in paragraph at lines 550--550
[]\T5/cmr/bx/n/10 a) 
 []


Overfull \hbox (2.07588pt too wide) in paragraph at lines 550--550
[]\T5/cmr/bx/n/10 b) 
 []


Overfull \hbox (0.79842pt too wide) in paragraph at lines 550--550
[]\T5/cmr/bx/n/10 c) 
 []


Overfull \hbox (2.07588pt too wide) in paragraph at lines 550--550
[]\T5/cmr/bx/n/10 d) 
 []


pdfTeX warning (ext4): destination with the same identifier (name{ex.24}) has been already used, duplicate ignored
<to be read again> 
                   \relax 
l.610 		\end{tikzpicture}}
                          
Overfull \hbox (1.18027pt too wide) in paragraph at lines 610--610
 []|\T5/cmr/bx/n/10 ^^^| 
 []


Overfull \hbox (1.27747pt too wide) in paragraph at lines 610--610
[]\T5/cmr/bx/n/10 a) 
 []


Overfull \hbox (2.07588pt too wide) in paragraph at lines 610--610
[]\T5/cmr/bx/n/10 b) 
 []


Overfull \hbox (0.79842pt too wide) in paragraph at lines 610--610
[]\T5/cmr/bx/n/10 c) 
 []


Overfull \hbox (2.07588pt too wide) in paragraph at lines 610--610
[]\T5/cmr/bx/n/10 d) 
 []


Underfull \hbox (badness 10000) in paragraph at lines 610--610
[][]\T5/cmr/m/n/10 Trong kh�ng gian $\OML/cmm/m/it/10 Oxyz$\T5/cmr/m/n/10 , cho h�nh h�p
 []


Overfull \hbox (1.18027pt too wide) in paragraph at lines 610--610
 []|\T5/cmr/bx/n/10 ^^^| 
 []


Overfull \hbox (1.27747pt too wide) in paragraph at lines 610--610
[]\T5/cmr/bx/n/10 a) 
 []


Overfull \hbox (2.07588pt too wide) in paragraph at lines 610--610
[]\T5/cmr/bx/n/10 b) 
 []


Overfull \hbox (0.79842pt too wide) in paragraph at lines 610--610
[]\T5/cmr/bx/n/10 c) 
 []


Overfull \hbox (2.07588pt too wide) in paragraph at lines 610--610
[]\T5/cmr/bx/n/10 d) 
 []


Package hyperref Warning: Token not allowed in a PDF string (Unicode):
(hyperref)                removing `\char' on input line 625.


Package hyperref Warning: Token not allowed in a PDF string (Unicode):
(hyperref)                removing `\leavevmode@ifvmode' on input line 625.


Package hyperref Warning: Token not allowed in a PDF string (Unicode):
(hyperref)                \kern 1.66702pt
(hyperref)                removed on input line 625.


Package hyperref Warning: Token not allowed in a PDF string (Unicode):
(hyperref)                removing `\leavevmode@ifvmode' on input line 625.


Package hyperref Warning: Token not allowed in a PDF string (Unicode):
(hyperref)                \kern 1.66702pt
(hyperref)                removed on input line 625.


pdfTeX warning (ext4): destination with the same identifier (name{subsubsection.0.2.2.1}) has been already used, duplicate ignored
<to be read again> 
                   \relax 
l.638 \viduminhhoa
                  
pdfTeX warning (ext4): destination with the same identifier (name{vd.1}) has been already used, duplicate ignored
<to be read again> 
                   \relax 
l.664 		\end{tikzpicture}}
                          
pdfTeX warning (ext4): destination with the same identifier (name{vd.2}) has been already used, duplicate ignored
<to be read again> 
                   \relax 
l.691 	}
         [22]
pdfTeX warning (ext4): destination with the same identifier (name{subsubsection.0.2.2.2}) has been already used, duplicate ignored
<to be read again> 
                   \relax 
l.741 \subsubsection{Bài tập trắc nghiệm}
                                                
Output from handle ans going to ans/2H2-B2-d2-1.tex
\openout9 = `ans/2H2-B2-d2-1.tex'.


pdfTeX warning (ext4): destination with the same identifier (name{ex.1}) has been already used, duplicate ignored
<to be read again> 
                   \relax 
l.778 		\end{tikzpicture}}
                          
Overfull \hbox (3.78441pt too wide) in paragraph at lines 778--778
[][] 
 []


Overfull \hbox (3.96068pt too wide) in paragraph at lines 778--778
[][] 
 []


Overfull \hbox (4.19017pt too wide) in paragraph at lines 778--778
[][] 
 []


Overfull \hbox (4.26732pt too wide) in paragraph at lines 778--778
[][] 
 []


Overfull \hbox (3.78441pt too wide) in paragraph at lines 778--778
[][] 
 []


Overfull \hbox (3.96068pt too wide) in paragraph at lines 778--778
[][] 
 []


Overfull \hbox (4.19017pt too wide) in paragraph at lines 778--778
[][] 
 []


Overfull \hbox (4.26732pt too wide) in paragraph at lines 778--778
[][] 
 []


pdfTeX warning (ext4): destination with the same identifier (name{ex.2}) has been already used, duplicate ignored
<to be read again> 
                   \relax 
l.816 	}
        
Overfull \hbox (3.78441pt too wide) in paragraph at lines 816--816
[][] 
 []


Overfull \hbox (3.96068pt too wide) in paragraph at lines 816--816
[][] 
 []


Overfull \hbox (4.19017pt too wide) in paragraph at lines 816--816
[][] 
 []


Overfull \hbox (4.26732pt too wide) in paragraph at lines 816--816
[][] 
 []


Overfull \hbox (3.78441pt too wide) in paragraph at lines 816--816
[][] 
 []


Overfull \hbox (3.96068pt too wide) in paragraph at lines 816--816
[][] 
 []


Overfull \hbox (4.19017pt too wide) in paragraph at lines 816--816
[][] 
 []


Overfull \hbox (4.26732pt too wide) in paragraph at lines 816--816
[][] 
 []


pdfTeX warning (ext4): destination with the same identifier (name{ex.3}) has been already used, duplicate ignored
<to be read again> 
                   \relax 
l.846 	}
        
Overfull \hbox (3.78441pt too wide) in paragraph at lines 846--846
[][] 
 []


Overfull \hbox (3.96068pt too wide) in paragraph at lines 846--846
[][] 
 []


Overfull \hbox (4.19017pt too wide) in paragraph at lines 846--846
[][] 
 []


Overfull \hbox (4.26732pt too wide) in paragraph at lines 846--846
[][] 
 []


Underfull \hbox (badness 10000) in paragraph at lines 846--846
[][]\T5/cmr/m/n/10 Cho h�nh l�p ph��ng
 []


Underfull \hbox (badness 3333) in paragraph at lines 846--846
\OML/cmm/m/it/10 ABCD:A[]B[]C[]D[]$ \T5/cmr/m/n/10 c� c�nh b�ng 2. V�i
 []


Overfull \hbox (3.78441pt too wide) in paragraph at lines 846--846
[][] 
 []


Overfull \hbox (3.96068pt too wide) in paragraph at lines 846--846
[][] 
 []


Overfull \hbox (4.19017pt too wide) in paragraph at lines 846--846
[][] 
 []


Overfull \hbox (4.26732pt too wide) in paragraph at lines 846--846
[][] 
 []


pdfTeX warning (ext4): destination with the same identifier (name{ex.4}) has been already used, duplicate ignored
<to be read again> 
                   \relax 
l.875 		\end{tikzpicture}}
                          
Overfull \hbox (3.78441pt too wide) in paragraph at lines 875--875
[][] 
 []


Overfull \hbox (3.96068pt too wide) in paragraph at lines 875--875
[][] 
 []


Overfull \hbox (4.19017pt too wide) in paragraph at lines 875--875
[][] 
 []


Overfull \hbox (4.26732pt too wide) in paragraph at lines 875--875
[][] 
 []


Overfull \hbox (3.78441pt too wide) in paragraph at lines 875--875
[][] 
 []


Overfull \hbox (3.96068pt too wide) in paragraph at lines 875--875
[][] 
 []


Overfull \hbox (4.19017pt too wide) in paragraph at lines 875--875
[][] 
 []


Overfull \hbox (4.26732pt too wide) in paragraph at lines 875--875
[][] 
 []


pdfTeX warning (ext4): destination with the same identifier (name{ex.5}) has been already used, duplicate ignored
<to be read again> 
                   \relax 
l.914 	}
        
Overfull \hbox (3.78441pt too wide) in paragraph at lines 914--914
[][] 
 []


Overfull \hbox (3.96068pt too wide) in paragraph at lines 914--914
[][] 
 []


Overfull \hbox (4.19017pt too wide) in paragraph at lines 914--914
[][] 
 []


Overfull \hbox (4.26732pt too wide) in paragraph at lines 914--914
[][] 
 []


Overfull \hbox (3.78441pt too wide) in paragraph at lines 914--914
[][] 
 []


Overfull \hbox (3.96068pt too wide) in paragraph at lines 914--914
[][] 
 []


Overfull \hbox (4.19017pt too wide) in paragraph at lines 914--914
[][] 
 []


Overfull \hbox (4.26732pt too wide) in paragraph at lines 914--914
[][] 
 []

[23]
pdfTeX warning (ext4): destination with the same identifier (name{ex.6}) has been already used, duplicate ignored
<to be read again> 
                   \relax 
l.955 	}
        
Overfull \hbox (3.78441pt too wide) in paragraph at lines 955--955
[][] 
 []


Overfull \hbox (3.96068pt too wide) in paragraph at lines 955--955
[][] 
 []


Overfull \hbox (4.19017pt too wide) in paragraph at lines 955--955
[][] 
 []


Overfull \hbox (4.26732pt too wide) in paragraph at lines 955--955
[][] 
 []


Overfull \hbox (3.78441pt too wide) in paragraph at lines 955--955
[][] 
 []


Overfull \hbox (3.96068pt too wide) in paragraph at lines 955--955
[][] 
 []


Overfull \hbox (4.19017pt too wide) in paragraph at lines 955--955
[][] 
 []


Overfull \hbox (4.26732pt too wide) in paragraph at lines 955--955
[][] 
 []


pdfTeX warning (ext4): destination with the same identifier (name{ex.7}) has been already used, duplicate ignored
<to be read again> 
                   \relax 
l.986 	}
        
Overfull \hbox (3.78441pt too wide) in paragraph at lines 986--986
[][] 
 []


Overfull \hbox (3.96068pt too wide) in paragraph at lines 986--986
[][] 
 []


Overfull \hbox (4.19017pt too wide) in paragraph at lines 986--986
[][] 
 []


Overfull \hbox (4.26732pt too wide) in paragraph at lines 986--986
[][] 
 []


Overfull \hbox (3.78441pt too wide) in paragraph at lines 986--986
[][] 
 []


Overfull \hbox (3.96068pt too wide) in paragraph at lines 986--986
[][] 
 []


Overfull \hbox (4.19017pt too wide) in paragraph at lines 986--986
[][] 
 []


Overfull \hbox (4.26732pt too wide) in paragraph at lines 986--986
[][] 
 []

Output from handle ans going to ans/2H2-B2-d2-2.tex
\openout9 = `ans/2H2-B2-d2-2.tex'.


pdfTeX warning (ext4): destination with the same identifier (name{ex.8}) has been already used, duplicate ignored
<to be read again> 
                   \relax 
l.1053 		\end{tikzpicture}	}
                            
Overfull \hbox (1.18027pt too wide) in paragraph at lines 1053--1053
 []|\T5/cmr/bx/n/10 ^^^| 
 []


Overfull \hbox (1.18027pt too wide) in paragraph at lines 1053--1053
 []|\T5/cmr/bx/n/10 ^^^| 
 []


Overfull \hbox (1.27747pt too wide) in paragraph at lines 1053--1053
[]\T5/cmr/bx/n/10 a) 
 []


Overfull \hbox (0.79842pt too wide) in paragraph at lines 1053--1053
[]\T5/cmr/bx/n/10 c) 
 []


Overfull \hbox (2.07588pt too wide) in paragraph at lines 1053--1053
[]\T5/cmr/bx/n/10 b) 
 []


Overfull \hbox (2.07588pt too wide) in paragraph at lines 1053--1053
[]\T5/cmr/bx/n/10 d) 
 []


Overfull \hbox (1.18027pt too wide) in paragraph at lines 1053--1053
 []|\T5/cmr/bx/n/10 ^^^| 
 []


Overfull \hbox (1.27747pt too wide) in paragraph at lines 1053--1053
[]\T5/cmr/bx/n/10 a) 
 []


Overfull \hbox (2.07588pt too wide) in paragraph at lines 1053--1053
[]\T5/cmr/bx/n/10 b) 
 []


Overfull \hbox (0.79842pt too wide) in paragraph at lines 1053--1053
[]\T5/cmr/bx/n/10 c) 
 []


Overfull \hbox (2.07588pt too wide) in paragraph at lines 1053--1053
[]\T5/cmr/bx/n/10 d) 
 []


pdfTeX warning (ext4): destination with the same identifier (name{ex.9}) has been already used, duplicate ignored
<to be read again> 
                   \relax 
l.1114 	}
         
Overfull \hbox (1.18027pt too wide) in paragraph at lines 1114--1114
 []|\T5/cmr/bx/n/10 ^^^| 
 []


Overfull \hbox (1.18027pt too wide) in paragraph at lines 1114--1114
 []|\T5/cmr/bx/n/10 ^^^| 
 []


Overfull \hbox (1.27747pt too wide) in paragraph at lines 1114--1114
[]\T5/cmr/bx/n/10 a) 
 []


Overfull \hbox (0.79842pt too wide) in paragraph at lines 1114--1114
[]\T5/cmr/bx/n/10 c) 
 []


Overfull \hbox (2.07588pt too wide) in paragraph at lines 1114--1114
[]\T5/cmr/bx/n/10 b) 
 []


Overfull \hbox (2.07588pt too wide) in paragraph at lines 1114--1114
[]\T5/cmr/bx/n/10 d) 
 []


Overfull \hbox (1.18027pt too wide) in paragraph at lines 1114--1114
 []|\T5/cmr/bx/n/10 ^^^| 
 []


Overfull \hbox (1.27747pt too wide) in paragraph at lines 1114--1114
[]\T5/cmr/bx/n/10 a) 
 []


Overfull \hbox (2.07588pt too wide) in paragraph at lines 1114--1114
[]\T5/cmr/bx/n/10 b) 
 []


Overfull \hbox (0.79842pt too wide) in paragraph at lines 1114--1114
[]\T5/cmr/bx/n/10 c) 
 []


Overfull \hbox (2.07588pt too wide) in paragraph at lines 1114--1114
[]\T5/cmr/bx/n/10 d) 
 []

[24]
pdfTeX warning (ext4): destination with the same identifier (name{ex.10}) has been already used, duplicate ignored
<to be read again> 
                   \relax 
l.1153 		\end{tikzpicture}}
                           
Overfull \hbox (1.18027pt too wide) in paragraph at lines 1153--1153
 []|\T5/cmr/bx/n/10 ^^^| 
 []


Overfull \hbox (1.27747pt too wide) in paragraph at lines 1153--1153
[]\T5/cmr/bx/n/10 a) 
 []


Overfull \hbox (2.07588pt too wide) in paragraph at lines 1153--1153
[]\T5/cmr/bx/n/10 b) 
 []


Overfull \hbox (0.79842pt too wide) in paragraph at lines 1153--1153
[]\T5/cmr/bx/n/10 c) 
 []


Overfull \hbox (2.07588pt too wide) in paragraph at lines 1153--1153
[]\T5/cmr/bx/n/10 d) 
 []


Overfull \hbox (1.18027pt too wide) in paragraph at lines 1153--1153
 []|\T5/cmr/bx/n/10 ^^^| 
 []


Overfull \hbox (1.27747pt too wide) in paragraph at lines 1153--1153
[]\T5/cmr/bx/n/10 a) 
 []


Overfull \hbox (2.07588pt too wide) in paragraph at lines 1153--1153
[]\T5/cmr/bx/n/10 b) 
 []


Overfull \hbox (0.79842pt too wide) in paragraph at lines 1153--1153
[]\T5/cmr/bx/n/10 c) 
 []


Overfull \hbox (2.07588pt too wide) in paragraph at lines 1153--1153
[]\T5/cmr/bx/n/10 d) 
 []

) (datak40/2H2/2H2-B3.tex [25] [26]

Package hyperref Warning: Token not allowed in a PDF string (Unicode):
(hyperref)                removing `\char' on input line 93.


Package hyperref Warning: Token not allowed in a PDF string (Unicode):
(hyperref)                removing `\leavevmode@ifvmode' on input line 93.


Package hyperref Warning: Token not allowed in a PDF string (Unicode):
(hyperref)                \kern 1.66702pt
(hyperref)                removed on input line 93.


Package hyperref Warning: Token not allowed in a PDF string (Unicode):
(hyperref)                removing `\leavevmode@ifvmode' on input line 93.


Package hyperref Warning: Token not allowed in a PDF string (Unicode):
(hyperref)                \kern 1.66702pt
(hyperref)                removed on input line 93.


pdfTeX warning (ext4): destination with the same identifier (name{vd.1}) has been already used, duplicate ignored
<to be read again> 
                   \relax 
l.97 	C
       ho $\vec{a}=(-2 ; 3 ; 2), \vec{b}=(2 ; 1 ;-1), \vec{c}=(1 ; 2 ; 3)$. ...
pdfTeX warning (ext4): destination with the same identifier (name{vd.2}) has been already used, duplicate ignored
<to be read again> 
                   \relax 
l.116 	T
        rong KG $Oxyz$, cho các vectơ $\vec{u}=3\vec{i}-2\vec{j}+\vec{k}$,...
pdfTeX warning (ext4): destination with the same identifier (name{vd.3}) has been already used, duplicate ignored
<to be read again> 
                   \relax 
l.135 	T
        rong KG $Oxyz$, cho ba điểm $A(3;-1;2)$, $B(1;2;3)$, $C(4;-2;1)$.
pdfTeX warning (ext4): destination with the same identifier (name{vd.4}) has been already used, duplicate ignored
<to be read again> 
                   \relax 
l.169 	T
        rong KG $Oxyz$, cho ba điểm $A(5;-3;0)$, $B(2;1;-1)$, $C(4;1;2)$.
Output from handle ans going to ans/2H2-B3-d1-1.tex
\openout9 = `ans/2H2-B3-d1-1.tex'.


pdfTeX warning (ext4): destination with the same identifier (name{ex.1}) has been already used, duplicate ignored
<to be read again> 
                   \relax 
l.222 	C
        ho $\vec{a}=(1;2;-3),\vec{b}=(-2;-4;6)$. Khẳng định nào sau đ...
Overfull \hbox (3.78441pt too wide) in paragraph at lines 228--228
[][] 
 []


Overfull \hbox (3.96068pt too wide) in paragraph at lines 228--228
[][] 
 []


Overfull \hbox (4.19017pt too wide) in paragraph at lines 228--228
[][] 
 []


Overfull \hbox (4.26732pt too wide) in paragraph at lines 228--228
[][] 
 []


pdfTeX warning (ext4): destination with the same identifier (name{ex.2}) has been already used, duplicate ignored
<to be read again> 
                   \relax 
l.234 	C
        ho hai vectơ $\vec{x}=(2;1;-3),\vec{y}=(1;0;-1)$. Tìm tọa độ ...
Overfull \hbox (3.78441pt too wide) in paragraph at lines 240--240
[][] 
 []


Overfull \hbox (3.96068pt too wide) in paragraph at lines 240--240
[][] 
 []


Overfull \hbox (4.19017pt too wide) in paragraph at lines 240--240
[][] 
 []


Overfull \hbox (4.26732pt too wide) in paragraph at lines 240--240
[][] 
 []

[27]
pdfTeX warning (ext4): destination with the same identifier (name{ex.3}) has been already used, duplicate ignored
<to be read again> 
                   \relax 
l.245 	C
        ho $\vec{a}=(1;-1;3)$, $\vec{b}=(2;0;-1)$. Tìm tọa độ vectơ $...
Overfull \hbox (3.78441pt too wide) in paragraph at lines 251--251
[][] 
 []


Overfull \hbox (3.96068pt too wide) in paragraph at lines 251--251
[][] 
 []


Overfull \hbox (4.19017pt too wide) in paragraph at lines 251--251
[][] 
 []


Overfull \hbox (4.26732pt too wide) in paragraph at lines 251--251
[][] 
 []


pdfTeX warning (ext4): destination with the same identifier (name{ex.4}) has been already used, duplicate ignored
<to be read again> 
                   \relax 
l.257 	C
        ho hai vectơ  $\vec{a}=(3;0;1)$,  $\vec{c}=(1;1;0)$. Tìm tọa đ�...
Overfull \hbox (3.78441pt too wide) in paragraph at lines 263--263
[][] 
 []


Overfull \hbox (3.96068pt too wide) in paragraph at lines 263--263
[][] 
 []


Overfull \hbox (4.19017pt too wide) in paragraph at lines 263--263
[][] 
 []


Overfull \hbox (4.26732pt too wide) in paragraph at lines 263--263
[][] 
 []


pdfTeX warning (ext4): destination with the same identifier (name{ex.5}) has been already used, duplicate ignored
<to be read again> 
                   \relax 
l.271 	C
        ho vectơ $\vec{a}=(1;-3;4)$. Vectơ  nào sau đây cùng phương ...
Overfull \hbox (3.78441pt too wide) in paragraph at lines 277--277
[][] 
 []


Overfull \hbox (3.96068pt too wide) in paragraph at lines 277--277
[][] 
 []


Overfull \hbox (4.19017pt too wide) in paragraph at lines 277--277
[][] 
 []


Overfull \hbox (4.26732pt too wide) in paragraph at lines 277--277
[][] 
 []


pdfTeX warning (ext4): destination with the same identifier (name{ex.6}) has been already used, duplicate ignored
<to be read again> 
                   \relax 
l.284 	H
        ai vectơ $\vec{a}= (m; 2; 3)$ và $\vec{b}= (1; n; 2)$ cùng phươ...
Overfull \hbox (3.78441pt too wide) in paragraph at lines 290--290
[][] 
 []


Overfull \hbox (3.96068pt too wide) in paragraph at lines 290--290
[][] 
 []


Overfull \hbox (4.19017pt too wide) in paragraph at lines 290--290
[][] 
 []


Overfull \hbox (4.26732pt too wide) in paragraph at lines 290--290
[][] 
 []


pdfTeX warning (ext4): destination with the same identifier (name{ex.7}) has been already used, duplicate ignored
<to be read again> 
                   \relax 
l.304 	C
        ho hai điểm $A(2;3;1)$ và  $B(3;1;5)$. Tính độ dài đoạn ...
Overfull \hbox (3.78441pt too wide) in paragraph at lines 310--310
[][] 
 []


Overfull \hbox (3.96068pt too wide) in paragraph at lines 310--310
[][] 
 []


Overfull \hbox (4.19017pt too wide) in paragraph at lines 310--310
[][] 
 []


Overfull \hbox (4.26732pt too wide) in paragraph at lines 310--310
[][] 
 []


pdfTeX warning (ext4): destination with the same identifier (name{ex.8}) has been already used, duplicate ignored
<to be read again> 
                   \relax 
l.315 	C
        ho hai điểm $M(3;-2;1)$ và $N(0;1;-1)$. Tính độ dài đoạn...
Overfull \hbox (3.78441pt too wide) in paragraph at lines 321--321
[][] 
 []


Overfull \hbox (3.96068pt too wide) in paragraph at lines 321--321
[][] 
 []


Overfull \hbox (4.19017pt too wide) in paragraph at lines 321--321
[][] 
 []


Overfull \hbox (4.26732pt too wide) in paragraph at lines 321--321
[][] 
 []


pdfTeX warning (ext4): destination with the same identifier (name{ex.9}) has been already used, duplicate ignored
<to be read again> 
                   \relax 
l.328 	C
        ho hai điểm $A(-1;1;2)$ và $B(3;-5;0)$. Tọa độ trung diểm...
Overfull \hbox (3.78441pt too wide) in paragraph at lines 334--334
[][] 
 []


Overfull \hbox (3.96068pt too wide) in paragraph at lines 334--334
[][] 
 []


Overfull \hbox (4.19017pt too wide) in paragraph at lines 334--334
[][] 
 []


Overfull \hbox (4.26732pt too wide) in paragraph at lines 334--334
[][] 
 []


pdfTeX warning (ext4): destination with the same identifier (name{ex.10}) has been already used, duplicate ignored
<to be read again> 
                   \relax 
l.341 	C
        ho hai điểm $A(1;1;0)$, $B(3;-1;2)$. Tọa độ điểm $C$ sao ...
Overfull \hbox (3.78441pt too wide) in paragraph at lines 347--347
[][] 
 []


Overfull \hbox (3.96068pt too wide) in paragraph at lines 347--347
[][] 
 []


Overfull \hbox (4.19017pt too wide) in paragraph at lines 347--347
[][] 
 []


Overfull \hbox (4.26732pt too wide) in paragraph at lines 347--347
[][] 
 []


pdfTeX warning (ext4): destination with the same identifier (name{ex.11}) has been already used, duplicate ignored
<to be read again> 
                   \relax 
l.353 	C
        ho tam giác $ABC$ với $A(0;-1;3)$, $B(2;1;1)$, $C(1;0;-1)$. Tọa...
Overfull \hbox (3.78441pt too wide) in paragraph at lines 359--359
[][] 
 []


Overfull \hbox (3.96068pt too wide) in paragraph at lines 359--359
[][] 
 []


Overfull \hbox (4.19017pt too wide) in paragraph at lines 359--359
[][] 
 []


Overfull \hbox (4.26732pt too wide) in paragraph at lines 359--359
[][] 
 []


pdfTeX warning (ext4): destination with the same identifier (name{ex.12}) has been already used, duplicate ignored
<to be read again> 
                   \relax 
l.366 	C
        ho $\vec{OA}=\vec{i}-2\vec{j}+3\vec{k}$, điểm $B(3;-4;1)$ và $C(...
Overfull \hbox (3.78441pt too wide) in paragraph at lines 372--372
[][] 
 []


Overfull \hbox (3.96068pt too wide) in paragraph at lines 372--372
[][] 
 []


Overfull \hbox (4.19017pt too wide) in paragraph at lines 372--372
[][] 
 []


Overfull \hbox (4.26732pt too wide) in paragraph at lines 372--372
[][] 
 []


pdfTeX warning (ext4): destination with the same identifier (name{ex.13}) has been already used, duplicate ignored
<to be read again> 
                   \relax 
l.383 	C
        ho tam giác $ABC$ trọng tâm $G$. Biết $A(0;2;1)$, $B(1;-1;2)$,...
Overfull \hbox (3.78441pt too wide) in paragraph at lines 389--389
[][] 
 []


Overfull \hbox (3.96068pt too wide) in paragraph at lines 389--389
[][] 
 []


Overfull \hbox (4.19017pt too wide) in paragraph at lines 389--389
[][] 
 []


Overfull \hbox (4.26732pt too wide) in paragraph at lines 389--389
[][] 
 []


pdfTeX warning (ext4): destination with the same identifier (name{ex.14}) has been already used, duplicate ignored
<to be read again> 
                   \relax 
l.398 	C
        ho bốn điểm $A(1;0;3)$, $B(2;-1;1)$, $C(-1;3;-4)$, $D(2;6;0)$ t...
Overfull \hbox (3.78441pt too wide) in paragraph at lines 404--404
[][] 
 []


Overfull \hbox (3.96068pt too wide) in paragraph at lines 404--404
[][] 
 []


Overfull \hbox (4.19017pt too wide) in paragraph at lines 404--404
[][] 
 []


Overfull \hbox (4.26732pt too wide) in paragraph at lines 404--404
[][] 
 []


pdfTeX warning (ext4): destination with the same identifier (name{ex.15}) has been already used, duplicate ignored
<to be read again> 
                   \relax 
l.413 	C
        ho hai điểm $B(1;2;-3)$, $C(7;4;-2)$. Nếu $E$ là điểm thỏ...
Overfull \hbox (3.78441pt too wide) in paragraph at lines 419--419
[][] 
 []


Overfull \hbox (3.96068pt too wide) in paragraph at lines 419--419
[][] 
 []


Overfull \hbox (4.19017pt too wide) in paragraph at lines 419--419
[][] 
 []


Overfull \hbox (4.26732pt too wide) in paragraph at lines 419--419
[][] 
 []


pdfTeX warning (ext4): destination with the same identifier (name{ex.16}) has been already used, duplicate ignored
<to be read again> 
                   \relax 
l.424 	C
        ho các điểm $A(1;-1;0)$, $B(0;2;0)$, $C(2;1;3)$ và $M$ là đi�...
Overfull \hbox (3.78441pt too wide) in paragraph at lines 430--430
[][] 
 []


Overfull \hbox (3.96068pt too wide) in paragraph at lines 430--430
[][] 
 []


Overfull \hbox (4.19017pt too wide) in paragraph at lines 430--430
[][] 
 []


Overfull \hbox (4.26732pt too wide) in paragraph at lines 430--430
[][] 
 []


pdfTeX warning (ext4): destination with the same identifier (name{ex.17}) has been already used, duplicate ignored
<to be read again> 
                   \relax 
l.437 	C
        ho tọa độ các điểm $A(-1;3);B(2;-2)$ và $C(m;1)$. Tìm $m$...
Overfull \hbox (3.78441pt too wide) in paragraph at lines 443--443
[][] 
 []


Overfull \hbox (3.96068pt too wide) in paragraph at lines 443--443
[][] 
 []


Overfull \hbox (4.19017pt too wide) in paragraph at lines 443--443
[][] 
 []


Overfull \hbox (4.26732pt too wide) in paragraph at lines 443--443
[][] 
 []


pdfTeX warning (ext4): destination with the same identifier (name{ex.18}) has been already used, duplicate ignored
<to be read again> 
                   \relax 
l.450 	C
        ho ba điểm $A\left(-1;1;2\right),\ B(0;1;-1),\ C(x+2;y;-2)$ thẳ... [28]
Overfull \hbox (3.78441pt too wide) in paragraph at lines 456--456
[][] 
 []


Overfull \hbox (3.96068pt too wide) in paragraph at lines 456--456
[][] 
 []


Overfull \hbox (4.19017pt too wide) in paragraph at lines 456--456
[][] 
 []


Overfull \hbox (4.26732pt too wide) in paragraph at lines 456--456
[][] 
 []


pdfTeX warning (ext4): destination with the same identifier (name{ex.19}) has been already used, duplicate ignored
<to be read again> 
                   \relax 
l.467 	T
        ứ giác $ABCD$ là hình bình hành, biết $A(1; 0; 1)$, $B(2; 1...
Overfull \hbox (3.78441pt too wide) in paragraph at lines 473--473
[][] 
 []


Overfull \hbox (3.96068pt too wide) in paragraph at lines 473--473
[][] 
 []


Overfull \hbox (4.19017pt too wide) in paragraph at lines 473--473
[][] 
 []


Overfull \hbox (4.26732pt too wide) in paragraph at lines 473--473
[][] 
 []


pdfTeX warning (ext4): destination with the same identifier (name{ex.20}) has been already used, duplicate ignored
<to be read again> 
                   \relax 
l.504 		\end{tikzpicture}}
                          
Overfull \hbox (4.01389pt too wide) in paragraph at lines 504--504
[][]\T5/cmr/m/n/10 Cho h�nh h�p $\OML/cmm/m/it/10 ABCD:A[]B[]C[]D[]$ \T5/cmr/m/n/10 c� $\OML/cmm/m/it/10 A\OT1/cmr/m/n/10 (0; 0; 0)$\T5/cmr/m/n/10 , $\OML/cmm/m/it/10 B\OT1/cmr/m/n/10 (\OML/cmm/m/it/10 a\OT1/cmr/m/n/10 ; 0; 0)$\T5/cmr/m/n/10 , $\OML/cmm/m/it/10 D\OT1/cmr/m/n/10 (0; 2\OML/cmm/m/it/10 a\OT1/cmr/m/n/10 ; 0)$\T5/cmr/m/n/10 , $\OML/cmm/m/it/10 A[]\OT1/cmr/m/n/10 (0; 0; 2\OML/cmm/m/it/10 a\OT1/cmr/m/n/10 )\OML/cmm/m/it/10 ; a \OMS/cmsy/m/n/10 6\OT1/cmr/m/n/10 =
 []


Overfull \hbox (3.78441pt too wide) in paragraph at lines 504--504
[][] 
 []


Overfull \hbox (3.96068pt too wide) in paragraph at lines 504--504
[][] 
 []


Overfull \hbox (4.19017pt too wide) in paragraph at lines 504--504
[][] 
 []


Overfull \hbox (4.26732pt too wide) in paragraph at lines 504--504
[][] 
 []


Underfull \hbox (badness 3792) in paragraph at lines 504--504
[][]\T5/cmr/m/n/10 Cho h�nh h�p $\OML/cmm/m/it/10 ABCD:A[]B[]C[]D[]$ \T5/cmr/m/n/10 c� $\OML/cmm/m/it/10 A\OT1/cmr/m/n/10 (0; 0; 0)$\T5/cmr/m/n/10 ,
 []


Overfull \hbox (3.78441pt too wide) in paragraph at lines 504--504
[][] 
 []


Overfull \hbox (3.96068pt too wide) in paragraph at lines 504--504
[][] 
 []


Overfull \hbox (4.19017pt too wide) in paragraph at lines 504--504
[][] 
 []


Overfull \hbox (4.26732pt too wide) in paragraph at lines 504--504
[][] 
 []


pdfTeX warning (ext4): destination with the same identifier (name{ex.21}) has been already used, duplicate ignored
<to be read again> 
                   \relax 
l.555 		\end{tikzpicture}}
                          
Overfull \hbox (3.78441pt too wide) in paragraph at lines 555--555
[][] 
 []


Overfull \hbox (3.96068pt too wide) in paragraph at lines 555--555
[][] 
 []


Overfull \hbox (4.19017pt too wide) in paragraph at lines 555--555
[][] 
 []


Overfull \hbox (4.26732pt too wide) in paragraph at lines 555--555
[][] 
 []


Underfull \hbox (badness 3792) in paragraph at lines 555--555
[][]\T5/cmr/m/n/10 Cho h�nh h�p $\OML/cmm/m/it/10 ABCD:A[]B[]C[]D[]$ \T5/cmr/m/n/10 c� $\OML/cmm/m/it/10 A\OT1/cmr/m/n/10 (0; 0; 1)$\T5/cmr/m/n/10 ,
 []


Overfull \hbox (3.78441pt too wide) in paragraph at lines 555--555
[][] 
 []


Overfull \hbox (3.96068pt too wide) in paragraph at lines 555--555
[][] 
 []


Overfull \hbox (4.19017pt too wide) in paragraph at lines 555--555
[][] 
 []


Overfull \hbox (4.26732pt too wide) in paragraph at lines 555--555
[][] 
 []

Output from handle ans going to ans/2H2-B3-d1-2.tex
\openout9 = `ans/2H2-B3-d1-2.tex'.


pdfTeX warning (ext4): destination with the same identifier (name{ex.22}) has been already used, duplicate ignored
<to be read again> 
                   \relax 
l.593 	C
        ho các điểm $A(1 ;-2 ; 3), B(-2 ; 1 ; 2), C(3 ;-1 ; 2)$.
Overfull \hbox (1.18027pt too wide) in paragraph at lines 599--599
 []|\T5/cmr/bx/n/10 ^^^| 
 []


Overfull \hbox (1.27747pt too wide) in paragraph at lines 599--599
[]\T5/cmr/bx/n/10 a) 
 []


Overfull \hbox (2.07588pt too wide) in paragraph at lines 599--599
[]\T5/cmr/bx/n/10 b) 
 []


Overfull \hbox (0.79842pt too wide) in paragraph at lines 599--599
[]\T5/cmr/bx/n/10 c) 
 []


Overfull \hbox (2.07588pt too wide) in paragraph at lines 599--599
[]\T5/cmr/bx/n/10 d) 
 []


pdfTeX warning (ext4): destination with the same identifier (name{ex.23}) has been already used, duplicate ignored
<to be read again> 
                   \relax 
l.611 		C
         ho ba điểm $ A(3;3;-6) $, $ B(1;3;2) $ và $ C(-1;-3;1)$. Gọi ...
Overfull \hbox (1.18027pt too wide) in paragraph at lines 632--632
 []|\T5/cmr/bx/n/10 ^^^| 
 []


Overfull \hbox (1.27747pt too wide) in paragraph at lines 632--632
[]\T5/cmr/bx/n/10 a) 
 []


Overfull \hbox (2.07588pt too wide) in paragraph at lines 632--632
[]\T5/cmr/bx/n/10 b) 
 []


Overfull \hbox (0.79842pt too wide) in paragraph at lines 632--632
[]\T5/cmr/bx/n/10 c) 
 []


Overfull \hbox (2.07588pt too wide) in paragraph at lines 632--632
[]\T5/cmr/bx/n/10 d) 
 []


pdfTeX warning (ext4): destination with the same identifier (name{ex.24}) has been already used, duplicate ignored
<to be read again> 
                   \relax 
l.664 		\end{tikzpicture}}
                          
Overfull \hbox (17.1141pt too wide) in paragraph at lines 664--664
[][]\T5/cmr/m/n/10 Cho h�nh h�p $\OML/cmm/m/it/10 ABCD:A[]B[]C[]D[]$\T5/cmr/m/n/10 , bi�t ^^_i�m $\OML/cmm/m/it/10 A\OT1/cmr/m/n/10 (0; 0; 0)$\T5/cmr/m/n/10 , $\OML/cmm/m/it/10 B\OT1/cmr/m/n/10 (1; 0; 0)$\T5/cmr/m/n/10 , $\OML/cmm/m/it/10 C\OT1/cmr/m/n/10 (1; 2; 0)$\T5/cmr/m/n/10 , $\OML/cmm/m/it/10 D[]\OT1/cmr/m/n/10 (\OMS/cmsy/m/n/10 ^^@\OT1/cmr/m/n/10 1; 3; 5)$\T5/cmr/m/n/10 .
 []


Overfull \hbox (1.18027pt too wide) in paragraph at lines 664--664
 []|\T5/cmr/bx/n/10 ^^^| 
 []


Overfull \hbox (1.27747pt too wide) in paragraph at lines 664--664
[]\T5/cmr/bx/n/10 a) 
 []


Overfull \hbox (2.07588pt too wide) in paragraph at lines 664--664
[]\T5/cmr/bx/n/10 b) 
 []


Overfull \hbox (0.79842pt too wide) in paragraph at lines 664--664
[]\T5/cmr/bx/n/10 c) 
 []


Overfull \hbox (2.07588pt too wide) in paragraph at lines 664--664
[]\T5/cmr/bx/n/10 d) 
 []


Overfull \hbox (1.18027pt too wide) in paragraph at lines 664--664
 []|\T5/cmr/bx/n/10 ^^^| 
 []


Overfull \hbox (1.27747pt too wide) in paragraph at lines 664--664
[]\T5/cmr/bx/n/10 a) 
 []


Overfull \hbox (2.07588pt too wide) in paragraph at lines 664--664
[]\T5/cmr/bx/n/10 b) 
 []


Overfull \hbox (0.79842pt too wide) in paragraph at lines 664--664
[]\T5/cmr/bx/n/10 c) 
 []


Overfull \hbox (2.07588pt too wide) in paragraph at lines 664--664
[]\T5/cmr/bx/n/10 d) 
 []

Missing character: There is no ; in font nullfont!
Missing character: There is no ; in font nullfont!

pdfTeX warning (ext4): destination with the same identifier (name{ex.25}) has been already used, duplicate ignored
<to be read again> 
                   \relax 
l.742 		\end{tikzpicture}}
                          
Overfull \hbox (1.18027pt too wide) in paragraph at lines 748--748
 []|\T5/cmr/bx/n/10 ^^^| 
 []


Overfull \hbox (1.27747pt too wide) in paragraph at lines 748--748
[]\T5/cmr/bx/n/10 a) 
 []


Overfull \hbox (2.07588pt too wide) in paragraph at lines 748--748
[]\T5/cmr/bx/n/10 b) 
 []


Overfull \hbox (0.79842pt too wide) in paragraph at lines 748--748
[]\T5/cmr/bx/n/10 c) 
 []


Overfull \hbox (2.07588pt too wide) in paragraph at lines 748--748
[]\T5/cmr/bx/n/10 d) 
 []

[29]

Package hyperref Warning: Token not allowed in a PDF string (Unicode):
(hyperref)                removing `\char' on input line 761.


Package hyperref Warning: Token not allowed in a PDF string (Unicode):
(hyperref)                removing `\leavevmode@ifvmode' on input line 761.


Package hyperref Warning: Token not allowed in a PDF string (Unicode):
(hyperref)                \kern 1.66702pt
(hyperref)                removed on input line 761.


Package hyperref Warning: Token not allowed in a PDF string (Unicode):
(hyperref)                removing `\leavevmode@ifvmode' on input line 761.


Package hyperref Warning: Token not allowed in a PDF string (Unicode):
(hyperref)                \kern 1.66702pt
(hyperref)                removed on input line 761.


pdfTeX warning (ext4): destination with the same identifier (name{subsubsection.0.3.2.1}) has been already used, duplicate ignored
<to be read again> 
                   \relax 
l.763 \viduminhhoa
                  
pdfTeX warning (ext4): destination with the same identifier (name{vd.1}) has been already used, duplicate ignored
<to be read again> 
                   \relax 
l.765 	C
        ho ba vectơ $\vec{a} = (3; 0; 1)$, $\vec{b} = (1; -1; -2)$, $\vec{c...
Overfull \hbox (3.9301pt too wide) in paragraph at lines 770--770
|\T5/cmr/m/n/10 T�nh $[]$, $[]$, $[] []$.| 
 []


pdfTeX warning (ext4): destination with the same identifier (name{vd.2}) has been already used, duplicate ignored
<to be read again> 
                   \relax 
l.782 	T
        rong KG $Oxyz$, cho $\vec{a}=(1;0;1)$, $\vec{b}=(1;1;0)$ và $\vec{c...
pdfTeX warning (ext4): destination with the same identifier (name{vd.3}) has been already used, duplicate ignored
<to be read again> 
                   \relax 
l.797 	T
        rong KG $Oxyz$, cho tam giác $ABC$ có $A(-1; 0; 2)$, $B(0; 4; 3)$ ...
pdfTeX warning (ext4): destination with the same identifier (name{vd.4}) has been already used, duplicate ignored
<to be read again> 
                   \relax 
l.818 	T
        rong KG $Oxyz$, cho 3 điểm $A\left(0;1;-2\right);B\left(3;0;0\rig...
pdfTeX warning (ext4): destination with the same identifier (name{vd.5}) has been already used, duplicate ignored
<to be read again> 
                   \relax 
l.827 	T
        rong KG $Oxyz$, cho ba điểm $M\left(2;3;-1\right)$, $N\left(-1;1;... [30]
<images/luc-1.png, id=705, 212.29312pt x 186.6975pt>
File: images/luc-1.png Graphic file (type png)
<use images/luc-1.png>
Package pdftex.def Info: images/luc-1.png  used on input line 873.
(pdftex.def)             Requested size: 148.60417pt x 130.68735pt.

pdfTeX warning (ext4): destination with the same identifier (name{subsubsection.0.3.2.2}) has been already used, duplicate ignored
<to be read again> 
                   \relax 
l.911 \subsubsection{Bài tập trắc nghiệm}
                                                
Output from handle ans going to ans/2H2-B3-d2-1.tex
\openout9 = `ans/2H2-B3-d2-1.tex'.


pdfTeX warning (ext4): destination with the same identifier (name{ex.1}) has been already used, duplicate ignored
<to be read again> 
                   \relax 
l.916 	T
        ích vô hướng của hai vectơ $\vec{u}=(3;0;1)$ và $\vec{v}=(2...
Overfull \hbox (3.78441pt too wide) in paragraph at lines 922--922
[][] 
 []


Overfull \hbox (3.96068pt too wide) in paragraph at lines 922--922
[][] 
 []


Overfull \hbox (4.19017pt too wide) in paragraph at lines 922--922
[][] 
 []


Overfull \hbox (4.26732pt too wide) in paragraph at lines 922--922
[][] 
 []


pdfTeX warning (ext4): destination with the same identifier (name{ex.2}) has been already used, duplicate ignored
<to be read again> 
                   \relax 
l.929 	T
        ích vô hướng của hai vectơ $\vec{u} = \vec{i} + 2 \vec{j} - ...
Overfull \hbox (3.78441pt too wide) in paragraph at lines 935--935
[][] 
 []


Overfull \hbox (3.96068pt too wide) in paragraph at lines 935--935
[][] 
 []


Overfull \hbox (4.19017pt too wide) in paragraph at lines 935--935
[][] 
 []


Overfull \hbox (4.26732pt too wide) in paragraph at lines 935--935
[][] 
 []


pdfTeX warning (ext4): destination with the same identifier (name{ex.3}) has been already used, duplicate ignored
<to be read again> 
                   \relax 
l.943 	C
        ho các vectơ $\vec{a}=(1;2;1)$ và $\vec{b}=(2;2;1)$. Tính tích ...
Overfull \hbox (3.78441pt too wide) in paragraph at lines 949--949
[][] 
 []


Overfull \hbox (3.96068pt too wide) in paragraph at lines 949--949
[][] 
 []


Overfull \hbox (4.19017pt too wide) in paragraph at lines 949--949
[][] 
 []


Overfull \hbox (4.26732pt too wide) in paragraph at lines 949--949
[][] 
 []


pdfTeX warning (ext4): destination with the same identifier (name{ex.4}) has been already used, duplicate ignored
<to be read again> 
                   \relax 
l.954 	M
        ột thiết bị thăm dò đáy biển được đẩy bởi một...
Overfull \hbox (3.78441pt too wide) in paragraph at lines 960--960
[][] 
 []


Overfull \hbox (3.96068pt too wide) in paragraph at lines 960--960
[][] 
 []


Overfull \hbox (4.19017pt too wide) in paragraph at lines 960--960
[][] 
 []


Overfull \hbox (4.26732pt too wide) in paragraph at lines 960--960
[][] 
 []


pdfTeX warning (ext4): destination with the same identifier (name{ex.5}) has been already used, duplicate ignored
<to be read again> 
                   \relax 
l.967 	G
        óc giữa hai vectơ $ \vec{i} $ và $ \vec{u}=(-\sqrt{3};0,;1) $ b...
Overfull \hbox (3.78441pt too wide) in paragraph at lines 973--973
[][] 
 []


Overfull \hbox (3.96068pt too wide) in paragraph at lines 973--973
[][] 
 []


Overfull \hbox (4.19017pt too wide) in paragraph at lines 973--973
[][] 
 []


Overfull \hbox (4.26732pt too wide) in paragraph at lines 973--973
[][] 
 []


pdfTeX warning (ext4): destination with the same identifier (name{ex.6}) has been already used, duplicate ignored
<to be read again> 
                   \relax 
l.980 	C
        ho hai vectơ $ \vec{u}=(-1;1;0) $ và $ \vec{v}=(0;-1;0) $. Góc h�...
Overfull \hbox (3.78441pt too wide) in paragraph at lines 986--986
[][] 
 []


Overfull \hbox (3.96068pt too wide) in paragraph at lines 986--986
[][] 
 []


Overfull \hbox (4.19017pt too wide) in paragraph at lines 986--986
[][] 
 []


Overfull \hbox (4.26732pt too wide) in paragraph at lines 986--986
[][] 
 []


pdfTeX warning (ext4): destination with the same identifier (name{ex.7}) has been already used, duplicate ignored
<to be read again> 
                   \relax 
l.992 	C
        ho hai vectơ $ \vec{a}(-2;-3;1) $ và $ \vec{b}(1;0;1) $. Tính $ \...
Overfull \hbox (3.78441pt too wide) in paragraph at lines 998--998
[][] 
 []


Overfull \hbox (3.96068pt too wide) in paragraph at lines 998--998
[][] 
 []


Overfull \hbox (4.19017pt too wide) in paragraph at lines 998--998
[][] 
 []


Overfull \hbox (4.26732pt too wide) in paragraph at lines 998--998
[][] 
 []


pdfTeX warning (ext4): destination with the same identifier (name{ex.8}) has been already used, duplicate ignored
<to be read again> 
                   \relax 
l.1004 	C
         ho $\vec{a}=(3;2;1)$, $\vec{b}=(-2;2;-4)$. Giá trị của $\left|...
Overfull \hbox (3.78441pt too wide) in paragraph at lines 1010--1010
[][] 
 []


Overfull \hbox (3.96068pt too wide) in paragraph at lines 1010--1010
[][] 
 []


Overfull \hbox (4.19017pt too wide) in paragraph at lines 1010--1010
[][] 
 []


Overfull \hbox (4.26732pt too wide) in paragraph at lines 1010--1010
[][] 
 []


pdfTeX warning (ext4): destination with the same identifier (name{ex.9}) has been already used, duplicate ignored
<to be read again> 
                   \relax 
l.1016 	C
         ho hai vectơ $\vec{u}=(-1;0;2)$ và $\vec{v}=(x;-2;1)$. Biết r�...
Overfull \hbox (3.78441pt too wide) in paragraph at lines 1022--1022
[][] 
 []


Overfull \hbox (3.96068pt too wide) in paragraph at lines 1022--1022
[][] 
 []


Overfull \hbox (4.19017pt too wide) in paragraph at lines 1022--1022
[][] 
 []


Overfull \hbox (4.26732pt too wide) in paragraph at lines 1022--1022
[][] 
 []

[31 <./images/luc-1.png>]
pdfTeX warning (ext4): destination with the same identifier (name{ex.10}) has been already used, duplicate ignored
<to be read again> 
                   \relax 
l.1029 	T
         ìm số thực $a$ để vec-tơ $\vec{u}=(a;0;1)$ vuông góc v�...
Overfull \hbox (3.78441pt too wide) in paragraph at lines 1035--1035
[][] 
 []


Overfull \hbox (3.96068pt too wide) in paragraph at lines 1035--1035
[][] 
 []


Overfull \hbox (4.19017pt too wide) in paragraph at lines 1035--1035
[][] 
 []


Overfull \hbox (4.26732pt too wide) in paragraph at lines 1035--1035
[][] 
 []


pdfTeX warning (ext4): destination with the same identifier (name{ex.11}) has been already used, duplicate ignored
<to be read again> 
                   \relax 
l.1041 	T
         ìm $x$ để hai vectơ $\vec{a}=(x;x-2;2)$ và $\vec{b}=(x;1;-2)$...
Overfull \hbox (3.78441pt too wide) in paragraph at lines 1047--1047
[][] 
 []


Overfull \hbox (3.96068pt too wide) in paragraph at lines 1047--1047
[][] 
 []


Overfull \hbox (4.19017pt too wide) in paragraph at lines 1047--1047
[][] 
 []


Overfull \hbox (4.26732pt too wide) in paragraph at lines 1047--1047
[][] 
 []


pdfTeX warning (ext4): destination with the same identifier (name{ex.12}) has been already used, duplicate ignored
<to be read again> 
                   \relax 
l.1053 	C
         ho hai vectơ $\vec{u}=(1;-2;1)$ và $\vec{v}=(2;1;-1)$. Vectơ nà...
Overfull \hbox (3.78441pt too wide) in paragraph at lines 1059--1059
[][] 
 []


Overfull \hbox (3.96068pt too wide) in paragraph at lines 1059--1059
[][] 
 []


Overfull \hbox (4.19017pt too wide) in paragraph at lines 1059--1059
[][] 
 []


Overfull \hbox (4.26732pt too wide) in paragraph at lines 1059--1059
[][] 
 []


pdfTeX warning (ext4): destination with the same identifier (name{ex.13}) has been already used, duplicate ignored
<to be read again> 
                   \relax 
l.1065 	T
         ích có hướng của hai vectơ $\vec{a}=(-1;2;0)$ và $\vec{b}=...
Overfull \hbox (3.78441pt too wide) in paragraph at lines 1071--1071
[][] 
 []


Overfull \hbox (3.96068pt too wide) in paragraph at lines 1071--1071
[][] 
 []


Overfull \hbox (4.19017pt too wide) in paragraph at lines 1071--1071
[][] 
 []


Overfull \hbox (4.26732pt too wide) in paragraph at lines 1071--1071
[][] 
 []


pdfTeX warning (ext4): destination with the same identifier (name{ex.14}) has been already used, duplicate ignored
<to be read again> 
                   \relax 
l.1084 	C
         ho $ A(2;1;4), B(-2;2;-6), C(6;0;-1) $. Tính tích vô hướng $ ...
Overfull \hbox (3.78441pt too wide) in paragraph at lines 1090--1090
[][] 
 []


Overfull \hbox (3.96068pt too wide) in paragraph at lines 1090--1090
[][] 
 []


Overfull \hbox (4.19017pt too wide) in paragraph at lines 1090--1090
[][] 
 []


Overfull \hbox (4.26732pt too wide) in paragraph at lines 1090--1090
[][] 
 []


pdfTeX warning (ext4): destination with the same identifier (name{ex.15}) has been already used, duplicate ignored
<to be read again> 
                   \relax 
l.1097 	C
         ho $ A(1;-2; 3)$, $ B(2;-4; 1)$, $ C(2; 0; 2)$, khi đó tích vô ...
Overfull \hbox (3.78441pt too wide) in paragraph at lines 1103--1103
[][] 
 []


Overfull \hbox (3.96068pt too wide) in paragraph at lines 1103--1103
[][] 
 []


Overfull \hbox (4.19017pt too wide) in paragraph at lines 1103--1103
[][] 
 []


Overfull \hbox (4.26732pt too wide) in paragraph at lines 1103--1103
[][] 
 []


pdfTeX warning (ext4): destination with the same identifier (name{ex.16}) has been already used, duplicate ignored
<to be read again> 
                   \relax 
l.1111 	C
         ho tam giác $ABC$ với $A(8; 9; 2)$, $B(3; 5; 1)$, $C(11; 10; 4)$...
Overfull \hbox (3.78441pt too wide) in paragraph at lines 1117--1117
[][] 
 []


Overfull \hbox (3.96068pt too wide) in paragraph at lines 1117--1117
[][] 
 []


Overfull \hbox (4.19017pt too wide) in paragraph at lines 1117--1117
[][] 
 []


Overfull \hbox (4.26732pt too wide) in paragraph at lines 1117--1117
[][] 
 []


pdfTeX warning (ext4): destination with the same identifier (name{ex.17}) has been already used, duplicate ignored
<to be read again> 
                   \relax 
l.1124 	C
         ho điểm $A(3;-1;5)$, $B(m;2;7)$. Tìm tất cả các giá trị...
Overfull \hbox (3.78441pt too wide) in paragraph at lines 1130--1130
[][] 
 []


Overfull \hbox (3.96068pt too wide) in paragraph at lines 1130--1130
[][] 
 []


Overfull \hbox (4.19017pt too wide) in paragraph at lines 1130--1130
[][] 
 []


Overfull \hbox (4.26732pt too wide) in paragraph at lines 1130--1130
[][] 
 []


pdfTeX warning (ext4): destination with the same identifier (name{ex.18}) has been already used, duplicate ignored
<to be read again> 
                   \relax 
l.1138 	C
         ho ba điểm $A(3;2;8)$, $B(0;1;3)$ và $C(2;m;4)$. Tìm $m$ để...
Overfull \hbox (3.78441pt too wide) in paragraph at lines 1144--1144
[][] 
 []


Overfull \hbox (3.96068pt too wide) in paragraph at lines 1144--1144
[][] 
 []


Overfull \hbox (4.19017pt too wide) in paragraph at lines 1144--1144
[][] 
 []


Overfull \hbox (4.26732pt too wide) in paragraph at lines 1144--1144
[][] 
 []


pdfTeX warning (ext4): destination with the same identifier (name{ex.19}) has been already used, duplicate ignored
<to be read again> 
                   \relax 
l.1151 	C
         ho ba điểm $M(2;3;-1)$, $N(-1;1;1)$ và $P(1;m-1;2)$. Tìm $m$ �...
Overfull \hbox (3.78441pt too wide) in paragraph at lines 1157--1157
[][] 
 []


Overfull \hbox (3.96068pt too wide) in paragraph at lines 1157--1157
[][] 
 []


Overfull \hbox (4.19017pt too wide) in paragraph at lines 1157--1157
[][] 
 []


Overfull \hbox (4.26732pt too wide) in paragraph at lines 1157--1157
[][] 
 []


pdfTeX warning (ext4): destination with the same identifier (name{ex.20}) has been already used, duplicate ignored
<to be read again> 
                   \relax 
l.1163 	C
         ho tam giác $ABC$ có $A(7; 3; 3)$, $B(1; 2; 4)$, $C(2; 3; 5)$. T�...
Overfull \hbox (3.78441pt too wide) in paragraph at lines 1169--1169
[][] 
 []


Overfull \hbox (3.96068pt too wide) in paragraph at lines 1169--1169
[][] 
 []


Overfull \hbox (4.19017pt too wide) in paragraph at lines 1169--1169
[][] 
 []


Overfull \hbox (4.26732pt too wide) in paragraph at lines 1169--1169
[][] 
 []


pdfTeX warning (ext4): destination with the same identifier (name{ex.21}) has been already used, duplicate ignored
<to be read again> 
                   \relax 
l.1181 	C
         ho hai điểm $A(1;1;0)$, $B(2;-1;2)$. Gọi $M(0;0;z)$ là điể...
Overfull \hbox (3.78441pt too wide) in paragraph at lines 1187--1187
[][] 
 []


Overfull \hbox (3.96068pt too wide) in paragraph at lines 1187--1187
[][] 
 []


Overfull \hbox (4.19017pt too wide) in paragraph at lines 1187--1187
[][] 
 []


Overfull \hbox (4.26732pt too wide) in paragraph at lines 1187--1187
[][] 
 []

Output from handle ans going to ans/2H2-B3-d2-2.tex
\openout9 = `ans/2H2-B3-d2-2.tex'.


pdfTeX warning (ext4): destination with the same identifier (name{ex.22}) has been already used, duplicate ignored
<to be read again> 
                   \relax 
l.1197 	C
         ho ba vec-tơ $ \overrightarrow a=(-1;1;0)$, $ \overrightarrow b=(1...
Overfull \hbox (1.18027pt too wide) in paragraph at lines 1203--1203
 []|\T5/cmr/bx/n/10 ^^^| 
 []


Overfull \hbox (1.18027pt too wide) in paragraph at lines 1203--1203
 []|\T5/cmr/bx/n/10 ^^^| 
 []


Overfull \hbox (1.27747pt too wide) in paragraph at lines 1203--1203
[]\T5/cmr/bx/n/10 a) 
 []


Overfull \hbox (0.79842pt too wide) in paragraph at lines 1203--1203
[]\T5/cmr/bx/n/10 c) 
 []


Overfull \hbox (2.07588pt too wide) in paragraph at lines 1203--1203
[]\T5/cmr/bx/n/10 b) 
 []


Overfull \hbox (2.07588pt too wide) in paragraph at lines 1203--1203
[]\T5/cmr/bx/n/10 d) 
 []


pdfTeX warning (ext4): destination with the same identifier (name{ex.23}) has been already used, duplicate ignored
<to be read again> 
                   \relax 
l.1214 	C
         ho hai vectơ $\vec{u}=(0;2;3)$ và $\vec{v}=(m-1;2m;3)$.
Overfull \hbox (1.18027pt too wide) in paragraph at lines 1220--1220
 []|\T5/cmr/bx/n/10 ^^^| 
 []


Overfull \hbox (1.18027pt too wide) in paragraph at lines 1220--1220
 []|\T5/cmr/bx/n/10 ^^^| 
 []


Overfull \hbox (1.27747pt too wide) in paragraph at lines 1220--1220
[]\T5/cmr/bx/n/10 a) 
 []


Overfull \hbox (0.79842pt too wide) in paragraph at lines 1220--1220
[]\T5/cmr/bx/n/10 c) 
 []


Overfull \hbox (2.07588pt too wide) in paragraph at lines 1220--1220
[]\T5/cmr/bx/n/10 b) 
 []


Overfull \hbox (2.07588pt too wide) in paragraph at lines 1220--1220
[]\T5/cmr/bx/n/10 d) 
 []


pdfTeX warning (ext4): destination with the same identifier (name{ex.24}) has been already used, duplicate ignored
<to be read again> 
                   \relax 
l.1231 	T
         rong không gian với hệ trục tọa độ $Oxyz$, cho ba vect�...
Overfull \hbox (1.18027pt too wide) in paragraph at lines 1237--1237
 []|\T5/cmr/bx/n/10 ^^^| 
 []


Overfull \hbox (1.27747pt too wide) in paragraph at lines 1237--1237
[]\T5/cmr/bx/n/10 a) 
 []


Overfull \hbox (2.07588pt too wide) in paragraph at lines 1237--1237
[]\T5/cmr/bx/n/10 b) 
 []


Overfull \hbox (0.79842pt too wide) in paragraph at lines 1237--1237
[]\T5/cmr/bx/n/10 c) 
 []


Overfull \hbox (2.07588pt too wide) in paragraph at lines 1237--1237
[]\T5/cmr/bx/n/10 d) 
 []

[32]
pdfTeX warning (ext4): destination with the same identifier (name{ex.25}) has been already used, duplicate ignored
<to be read again> 
                   \relax 
l.1248 	T
         rong KG $Oxyz$, cho hai vectơ $\vec{a}(1;-1;5)$, $\vec{b}(3;2;-1)$.
Overfull \hbox (1.18027pt too wide) in paragraph at lines 1254--1254
 []|\T5/cmr/bx/n/10 ^^^| 
 []


Overfull \hbox (1.27747pt too wide) in paragraph at lines 1254--1254
[]\T5/cmr/bx/n/10 a) 
 []


Overfull \hbox (2.07588pt too wide) in paragraph at lines 1254--1254
[]\T5/cmr/bx/n/10 b) 
 []


Overfull \hbox (0.79842pt too wide) in paragraph at lines 1254--1254
[]\T5/cmr/bx/n/10 c) 
 []


Overfull \hbox (2.07588pt too wide) in paragraph at lines 1254--1254
[]\T5/cmr/bx/n/10 d) 
 []


pdfTeX warning (ext4): destination with the same identifier (name{ex.26}) has been already used, duplicate ignored
<to be read again> 
                   \relax 
l.1265 	T
         rong KG $Oxyz$, cho điểm $D(4;-1;3)$ và các điểm $M$, $N$, ...
Overfull \hbox (1.18027pt too wide) in paragraph at lines 1272--1272
 []|\T5/cmr/bx/n/10 ^^^| 
 []


Overfull \hbox (1.27747pt too wide) in paragraph at lines 1272--1272
[]\T5/cmr/bx/n/10 a) 
 []


Overfull \hbox (2.07588pt too wide) in paragraph at lines 1272--1272
[]\T5/cmr/bx/n/10 b) 
 []


Overfull \hbox (0.79842pt too wide) in paragraph at lines 1272--1272
[]\T5/cmr/bx/n/10 c) 
 []


Overfull \hbox (2.07588pt too wide) in paragraph at lines 1272--1272
[]\T5/cmr/bx/n/10 d) 
 []


pdfTeX warning (ext4): destination with the same identifier (name{ex.27}) has been already used, duplicate ignored
<to be read again> 
                   \relax 
l.1288 	C
         ho tam giác $ABC$ có $ A(1;2;0) $, $ B(0;1;1) $, $ C(2;1;0) $.
Overfull \hbox (1.18027pt too wide) in paragraph at lines 1294--1294
 []|\T5/cmr/bx/n/10 ^^^| 
 []


Overfull \hbox (1.27747pt too wide) in paragraph at lines 1294--1294
[]\T5/cmr/bx/n/10 a) 
 []


Overfull \hbox (2.07588pt too wide) in paragraph at lines 1294--1294
[]\T5/cmr/bx/n/10 b) 
 []


Overfull \hbox (0.79842pt too wide) in paragraph at lines 1294--1294
[]\T5/cmr/bx/n/10 c) 
 []


Overfull \hbox (2.07588pt too wide) in paragraph at lines 1294--1294
[]\T5/cmr/bx/n/10 d) 
 []


pdfTeX warning (ext4): destination with the same identifier (name{ex.28}) has been already used, duplicate ignored
<to be read again> 
                   \relax 
l.1306 	H
         ình minh họa sơ đồ một ngôi nhà trong hệ trục tọa ...
Overfull \hbox (1.18027pt too wide) in paragraph at lines 1312--1312
 []|\T5/cmr/bx/n/10 ^^^| 
 []


Overfull \hbox (1.27747pt too wide) in paragraph at lines 1312--1312
[]\T5/cmr/bx/n/10 a) 
 []


Overfull \hbox (2.07588pt too wide) in paragraph at lines 1312--1312
[]\T5/cmr/bx/n/10 b) 
 []


Overfull \hbox (0.79842pt too wide) in paragraph at lines 1312--1312
[]\T5/cmr/bx/n/10 c) 
 []


Overfull \hbox (2.07588pt too wide) in paragraph at lines 1312--1312
[]\T5/cmr/bx/n/10 d) 
 []

[33]) [34] (data/12/2H5/2H5-B1.tex [35]

Package hyperref Warning: Token not allowed in a PDF string (Unicode):
(hyperref)                removing `\char' on input line 97.


Package hyperref Warning: Token not allowed in a PDF string (Unicode):
(hyperref)                removing `\leavevmode@ifvmode' on input line 97.


Package hyperref Warning: Token not allowed in a PDF string (Unicode):
(hyperref)                \kern 1.66702pt
(hyperref)                removed on input line 97.


Package hyperref Warning: Token not allowed in a PDF string (Unicode):
(hyperref)                removing `\leavevmode@ifvmode' on input line 97.


Package hyperref Warning: Token not allowed in a PDF string (Unicode):
(hyperref)                \kern 1.66702pt
(hyperref)                removed on input line 97.


pdfTeX warning (ext4): destination with the same identifier (name{vd.1}) has been already used, duplicate ignored
<to be read again> 
                   \relax 
l.132 \end{tikzpicture}}
                        
pdfTeX warning (ext4): destination with the same identifier (name{vd.2}) has been already used, duplicate ignored
<to be read again> 
                   \relax 
l.136 	C
        ho mặt phẳng $(P): 2x-3y+4z+5=0$. Hãy chỉ ra một vectơ ph�...
pdfTeX warning (ext4): destination with the same identifier (name{vd.3}) has been already used, duplicate ignored
<to be read again> 
                   \relax 
l.145 	C
        ho $(P)$ là mặt phẳng trung trực của $MN$ với $M(1;-2;3)$...
pdfTeX warning (ext4): destination with the same identifier (name{vd.4}) has been already used, duplicate ignored
<to be read again> 
                   \relax 
l.153 	C
        hỉ ra một vectơ pháp tuyến của mặt phẳng $(\alpha)$ bi...
pdfTeX warning (ext4): destination with the same identifier (name{vd.5}) has been already used, duplicate ignored
<to be read again> 
                   \relax 
l.173 	C
        ho tứ diện $ABCD$ có các đỉnh là $A(5 ; 1 ; 3)$, $B(1 ; 6 ... [36]
pdfTeX warning (ext4): destination with the same identifier (name{ex.1}) has been already used, duplicate ignored
<to be read again> 
                   \relax 
l.204 	C
        ho mặt phẳng $(\alpha) \colon 2x-y+3z-2=0$. Điểm nào sau đ�...
Overfull \hbox (3.78441pt too wide) in paragraph at lines 210--210
[][] 
 []


Overfull \hbox (3.96068pt too wide) in paragraph at lines 210--210
[][] 
 []


Overfull \hbox (4.19017pt too wide) in paragraph at lines 210--210
[][] 
 []


Overfull \hbox (4.26732pt too wide) in paragraph at lines 210--210
[][] 
 []


pdfTeX warning (ext4): destination with the same identifier (name{ex.2}) has been already used, duplicate ignored
<to be read again> 
                   \relax 
l.215 	C
        ho mặt phẳng $(\alpha) \colon x+y+z-6=0$. Điểm nào dưới �...
Overfull \hbox (3.78441pt too wide) in paragraph at lines 221--221
[][] 
 []


Overfull \hbox (3.96068pt too wide) in paragraph at lines 221--221
[][] 
 []


Overfull \hbox (4.19017pt too wide) in paragraph at lines 221--221
[][] 
 []


Overfull \hbox (4.26732pt too wide) in paragraph at lines 221--221
[][] 
 []


pdfTeX warning (ext4): destination with the same identifier (name{ex.3}) has been already used, duplicate ignored
<to be read again> 
                   \relax 
l.228 	C
        ho $(\alpha)$ vuông góc với giá của $\vec{a}=(2;-1;3)$. Vect�...
Overfull \hbox (3.78441pt too wide) in paragraph at lines 234--234
[][] 
 []


Overfull \hbox (3.96068pt too wide) in paragraph at lines 234--234
[][] 
 []


Overfull \hbox (4.19017pt too wide) in paragraph at lines 234--234
[][] 
 []


Overfull \hbox (4.26732pt too wide) in paragraph at lines 234--234
[][] 
 []


pdfTeX warning (ext4): destination with the same identifier (name{ex.4}) has been already used, duplicate ignored
<to be read again> 
                   \relax 
l.241 	v
        ectơ nào sau đây \textbf{không} phải là vectơ pháp tuyến...
Overfull \hbox (3.78441pt too wide) in paragraph at lines 247--247
[][] 
 []


Overfull \hbox (3.96068pt too wide) in paragraph at lines 247--247
[][] 
 []


Overfull \hbox (4.19017pt too wide) in paragraph at lines 247--247
[][] 
 []


Overfull \hbox (4.26732pt too wide) in paragraph at lines 247--247
[][] 
 []


pdfTeX warning (ext4): destination with the same identifier (name{ex.5}) has been already used, duplicate ignored
<to be read again> 
                   \relax 
l.253 	T
        rong không gian  $Oxyz$, mặt phẳng tọa độ $(Oxy)$ có mộ...
Overfull \hbox (3.78441pt too wide) in paragraph at lines 259--259
[][] 
 []


Overfull \hbox (3.96068pt too wide) in paragraph at lines 259--259
[][] 
 []


Overfull \hbox (4.19017pt too wide) in paragraph at lines 259--259
[][] 
 []


Overfull \hbox (4.26732pt too wide) in paragraph at lines 259--259
[][] 
 []


pdfTeX warning (ext4): destination with the same identifier (name{ex.6}) has been already used, duplicate ignored
<to be read again> 
                   \relax 
l.264 	T
        rong không gian $Oxyz$, cho điểm $A(4;-3;7)$ và $B(2;1;3)$. M�...
Overfull \hbox (3.78441pt too wide) in paragraph at lines 270--270
[][] 
 []


Overfull \hbox (3.96068pt too wide) in paragraph at lines 270--270
[][] 
 []


Overfull \hbox (4.19017pt too wide) in paragraph at lines 270--270
[][] 
 []


Overfull \hbox (4.26732pt too wide) in paragraph at lines 270--270
[][] 
 []


pdfTeX warning (ext4): destination with the same identifier (name{ex.7}) has been already used, duplicate ignored
<to be read again> 
                   \relax 
l.276 	T
        rong không gian $Oxyz$, $(P)$ là mặt phẳng trung trực của ...
Overfull \hbox (3.78441pt too wide) in paragraph at lines 282--282
[][] 
 []


Overfull \hbox (3.96068pt too wide) in paragraph at lines 282--282
[][] 
 []


Overfull \hbox (4.19017pt too wide) in paragraph at lines 282--282
[][] 
 []


Overfull \hbox (4.26732pt too wide) in paragraph at lines 282--282
[][] 
 []


pdfTeX warning (ext4): destination with the same identifier (name{ex.8}) has been already used, duplicate ignored
<to be read again> 
                   \relax 
l.288 	T
        rong không gian $Oxyz$, vectơ nào sau đây là một vectơ phá...
Overfull \hbox (3.78441pt too wide) in paragraph at lines 294--294
[][] 
 []


Overfull \hbox (3.96068pt too wide) in paragraph at lines 294--294
[][] 
 []


Overfull \hbox (4.19017pt too wide) in paragraph at lines 294--294
[][] 
 []


Overfull \hbox (4.26732pt too wide) in paragraph at lines 294--294
[][] 
 []


pdfTeX warning (ext4): destination with the same identifier (name{ex.9}) has been already used, duplicate ignored
<to be read again> 
                   \relax 
l.312 	T
        rong không gian  $Oxyz$, cho $(\alpha)$ song song với giá của ...
Overfull \hbox (3.78441pt too wide) in paragraph at lines 318--318
[][] 
 []


Overfull \hbox (3.96068pt too wide) in paragraph at lines 318--318
[][] 
 []


Overfull \hbox (4.19017pt too wide) in paragraph at lines 318--318
[][] 
 []


Overfull \hbox (4.26732pt too wide) in paragraph at lines 318--318
[][] 
 []


pdfTeX warning (ext4): destination with the same identifier (name{ex.10}) has been already used, duplicate ignored
<to be read again> 
                   \relax 
l.340 	T
        rong không gian $Oxyz$, cho ba điểm $A(2;0;0)$, $B(0;-3;0)$, $C(...
Overfull \hbox (3.78441pt too wide) in paragraph at lines 346--346
[][] 
 []


Overfull \hbox (3.96068pt too wide) in paragraph at lines 346--346
[][] 
 []


Overfull \hbox (4.19017pt too wide) in paragraph at lines 346--346
[][] 
 []


Overfull \hbox (4.26732pt too wide) in paragraph at lines 346--346
[][] 
 []


pdfTeX warning (ext4): destination with the same identifier (name{ex.11}) has been already used, duplicate ignored
<to be read again> 
                   \relax 
l.354 	T
        rong không gian $Oxyz$, cho ba điểm $A(2;-1;3)$, $B(4;0;1)$ và ...
Overfull \hbox (3.78441pt too wide) in paragraph at lines 360--360
[][] 
 []


Overfull \hbox (3.96068pt too wide) in paragraph at lines 360--360
[][] 
 []


Overfull \hbox (4.19017pt too wide) in paragraph at lines 360--360
[][] 
 []


Overfull \hbox (4.26732pt too wide) in paragraph at lines 360--360
[][] 
 []


pdfTeX warning (ext4): destination with the same identifier (name{ex.12}) has been already used, duplicate ignored
<to be read again> 
                   \relax 
l.367 	T
        rong không gian $Oxyz$, cho hai điểm $A(2;-1;5)$, $B(1;-2;3)$. M...
Overfull \hbox (3.78441pt too wide) in paragraph at lines 373--373
[][] 
 []


Overfull \hbox (3.96068pt too wide) in paragraph at lines 373--373
[][] 
 []


Overfull \hbox (4.19017pt too wide) in paragraph at lines 373--373
[][] 
 []


Overfull \hbox (4.26732pt too wide) in paragraph at lines 373--373
[][] 
 []


Package hyperref Warning: Token not allowed in a PDF string (Unicode):
(hyperref)                removing `\char' on input line 378.


Package hyperref Warning: Token not allowed in a PDF string (Unicode):
(hyperref)                removing `\leavevmode@ifvmode' on input line 378.


Package hyperref Warning: Token not allowed in a PDF string (Unicode):
(hyperref)                \kern 1.66702pt
(hyperref)                removed on input line 378.


Package hyperref Warning: Token not allowed in a PDF string (Unicode):
(hyperref)                removing `\leavevmode@ifvmode' on input line 378.


Package hyperref Warning: Token not allowed in a PDF string (Unicode):
(hyperref)                \kern 1.66702pt
(hyperref)                removed on input line 378.

LaTeX Font Info:    Trying to load font information for U+fontawesomeone on input line 380.
(C:\Users\cocha\AppData\Local\Programs\MiKTeX\tex/latex/fontawesome\ufontawesomeone.fd
File: ufontawesomeone.fd 2016/05/22 Font definitions for U/fontawesomeone.
) [37]
pdfTeX warning (ext4): destination with the same identifier (name{subsubsection.0.14.2.1}) has been already used, duplicate ignored
<to be read again> 
                   \relax 
l.397 \viduminhhoa
                  
pdfTeX warning (ext4): destination with the same identifier (name{vd.1}) has been already used, duplicate ignored
<to be read again> 
                   \relax 
l.400 	T
        rong không gian $Oxyz$, cho ba điểm $A(3;-2;-2)$, $B(3;2;0)$, $C...
pdfTeX warning (ext4): destination with the same identifier (name{vd.2}) has been already used, duplicate ignored
<to be read again> 
                   \relax 
l.419 	C
        ho tứ diện $ ABCD $ có các đỉnh $ A(5;1;3)$, $B(1;6;2)$, $C... [38{C:/Users/cocha/AppData/Local/Programs/MiKTeX/fonts/enc/dvips/fontawesome/fontawesomeone.enc}]
pdfTeX warning (ext4): destination with the same identifier (name{vd.3}) has been already used, duplicate ignored
<to be read again> 
                   \relax 
l.444 	V
        iết phương trình của mặt phẳng
pdfTeX warning (ext4): destination with the same identifier (name{vd.4}) has been already used, duplicate ignored
<to be read again> 
                   \relax 
l.459 	M
        ột phần sân nhà bác An có dạng hình thang $ABCD$ vuông t...
pdfTeX warning (ext4): destination with the same identifier (name{subsubsection.0.14.2.2}) has been already used, duplicate ignored
<to be read again> 
                   \relax 
l.497 \baitaptn
               
pdfTeX warning (ext4): destination with the same identifier (name{ex.1}) has been already used, duplicate ignored
<to be read again> 
                   \relax 
l.500 	P
        hương trình mặt phẳng đi qua điểm $A(1;2;3)$ và có vect...
Overfull \hbox (3.78441pt too wide) in paragraph at lines 506--506
[][] 
 []


Overfull \hbox (3.96068pt too wide) in paragraph at lines 506--506
[][] 
 []


Overfull \hbox (4.19017pt too wide) in paragraph at lines 506--506
[][] 
 []


Overfull \hbox (4.26732pt too wide) in paragraph at lines 506--506
[][] 
 []


pdfTeX warning (ext4): destination with the same identifier (name{ex.2}) has been already used, duplicate ignored
<to be read again> 
                   \relax 
l.513 	P
        hương trình nào được cho dưới đây là phương trình m...
Overfull \hbox (3.78441pt too wide) in paragraph at lines 519--519
[][] 
 []


Overfull \hbox (3.96068pt too wide) in paragraph at lines 519--519
[][] 
 []


Overfull \hbox (4.19017pt too wide) in paragraph at lines 519--519
[][] 
 []


Overfull \hbox (4.26732pt too wide) in paragraph at lines 519--519
[][] 
 []


pdfTeX warning (ext4): destination with the same identifier (name{ex.3}) has been already used, duplicate ignored
<to be read again> 
                   \relax 
l.525 	C
        ho các điểm $A(0;1;2)$, $B(2;- 2;1)$, $C(- 2;0;1)$. Phương tr�...
Overfull \hbox (3.78441pt too wide) in paragraph at lines 531--531
[][] 
 []


Overfull \hbox (3.96068pt too wide) in paragraph at lines 531--531
[][] 
 []


Overfull \hbox (4.19017pt too wide) in paragraph at lines 531--531
[][] 
 []


Overfull \hbox (4.26732pt too wide) in paragraph at lines 531--531
[][] 
 []


pdfTeX warning (ext4): destination with the same identifier (name{ex.4}) has been already used, duplicate ignored
<to be read again> 
                   \relax 
l.538 	C
        ho hai điểm $A(4;0;1)$ và $B(-2;2;3)$. Phương trình nào dư�...
Overfull \hbox (3.78441pt too wide) in paragraph at lines 544--544
[][] 
 []


Overfull \hbox (3.96068pt too wide) in paragraph at lines 544--544
[][] 
 []


Overfull \hbox (4.19017pt too wide) in paragraph at lines 544--544
[][] 
 []


Overfull \hbox (4.26732pt too wide) in paragraph at lines 544--544
[][] 
 []


pdfTeX warning (ext4): destination with the same identifier (name{ex.5}) has been already used, duplicate ignored
<to be read again> 
                   \relax 
l.551 	T
        rong không gian $Oxyz$, cho hai điểm $A(1;1;1)$ và $B(1;3;5)$. ...
Overfull \hbox (3.78441pt too wide) in paragraph at lines 557--557
[][] 
 []


Overfull \hbox (3.96068pt too wide) in paragraph at lines 557--557
[][] 
 []


Overfull \hbox (4.19017pt too wide) in paragraph at lines 557--557
[][] 
 []


Overfull \hbox (4.26732pt too wide) in paragraph at lines 557--557
[][] 
 []


pdfTeX warning (ext4): destination with the same identifier (name{ex.6}) has been already used, duplicate ignored
<to be read again> 
                   \relax 
l.567 	T
        rông không gian $Oxyz$, phương trình mặt phẳng $(P)$ đi qu...
Overfull \hbox (3.78441pt too wide) in paragraph at lines 573--573
[][] 
 []


Overfull \hbox (3.96068pt too wide) in paragraph at lines 573--573
[][] 
 []


Overfull \hbox (4.19017pt too wide) in paragraph at lines 573--573
[][] 
 []


Overfull \hbox (4.26732pt too wide) in paragraph at lines 573--573
[][] 
 []

[39]
pdfTeX warning (ext4): destination with the same identifier (name{ex.7}) has been already used, duplicate ignored
<to be read again> 
                   \relax 
l.581 	T
        rong không gian $Oxyz$, cho ba điểm $A(3;-2;-2)$, $B(3;2;0)$, $C...
Overfull \hbox (3.78441pt too wide) in paragraph at lines 587--587
[][] 
 []


Overfull \hbox (3.96068pt too wide) in paragraph at lines 587--587
[][] 
 []


Overfull \hbox (4.19017pt too wide) in paragraph at lines 587--587
[][] 
 []


Overfull \hbox (4.26732pt too wide) in paragraph at lines 587--587
[][] 
 []


pdfTeX warning (ext4): destination with the same identifier (name{ex.8}) has been already used, duplicate ignored
<to be read again> 
                   \relax 
l.599 	T
        rong không gian với hệ trục toạ độ $Oxyz$, cho ba điể...
Overfull \hbox (27.61665pt too wide) in paragraph at lines 599--605
[][]\T5/cmr/m/n/10 Trong kh�ng gian v�i h� tr�c to� ^^_� $\OML/cmm/m/it/10 Oxyz$\T5/cmr/m/n/10 , cho ba ^^_i�m $\OML/cmm/m/it/10 A\OT1/cmr/m/n/10 (1; 0; 0)\OML/cmm/m/it/10 ; B\OT1/cmr/m/n/10 (0; \OMS/cmsy/m/n/10 ^^@\OT1/cmr/m/n/10 1; \OMS/cmsy/m/n/10 ^^@\OT1/cmr/m/n/10 1)\OML/cmm/m/it/10 ; C\OT1/cmr/m/n/10 (5; \OMS/cmsy/m/n/10 ^^@\OT1/cmr/m/n/10 1; 1)$\T5/cmr/m/n/10 .
 []


Overfull \hbox (3.78441pt too wide) in paragraph at lines 605--605
[][] 
 []


Overfull \hbox (3.96068pt too wide) in paragraph at lines 605--605
[][] 
 []


Overfull \hbox (4.19017pt too wide) in paragraph at lines 605--605
[][] 
 []


Overfull \hbox (4.26732pt too wide) in paragraph at lines 605--605
[][] 
 []


pdfTeX warning (ext4): destination with the same identifier (name{ex.9}) has been already used, duplicate ignored
<to be read again> 
                   \relax 
l.610 	M
        ặt phẳng $(\alpha)$ đi qua $A(-1; 4; -6)$ và chứa trục $Oy...
Overfull \hbox (3.78441pt too wide) in paragraph at lines 616--616
[][] 
 []


Overfull \hbox (3.96068pt too wide) in paragraph at lines 616--616
[][] 
 []


Overfull \hbox (4.19017pt too wide) in paragraph at lines 616--616
[][] 
 []


Overfull \hbox (4.26732pt too wide) in paragraph at lines 616--616
[][] 
 []


pdfTeX warning (ext4): destination with the same identifier (name{ex.10}) has been already used, duplicate ignored
<to be read again> 
                   \relax 
l.624 	T
        rong không gian ${Oxyz}$, mặt phẳng chứa trục ${Ox}$ và đ...
Overfull \hbox (3.78441pt too wide) in paragraph at lines 630--630
[][] 
 []


Overfull \hbox (3.96068pt too wide) in paragraph at lines 630--630
[][] 
 []


Overfull \hbox (4.19017pt too wide) in paragraph at lines 630--630
[][] 
 []


Overfull \hbox (4.26732pt too wide) in paragraph at lines 630--630
[][] 
 []


pdfTeX warning (ext4): destination with the same identifier (name{ex.11}) has been already used, duplicate ignored
<to be read again> 
                   \relax 
l.638 	T
        rong không gian $Oxyz,$ cho ba điểm $A(2;1;1),\ B(3;0;-1),\ C(2;...
Overfull \hbox (3.78441pt too wide) in paragraph at lines 644--644
[][] 
 []


Overfull \hbox (3.96068pt too wide) in paragraph at lines 644--644
[][] 
 []


Overfull \hbox (4.19017pt too wide) in paragraph at lines 644--644
[][] 
 []


Overfull \hbox (4.26732pt too wide) in paragraph at lines 644--644
[][] 
 []


pdfTeX warning (ext4): destination with the same identifier (name{ex.12}) has been already used, duplicate ignored
<to be read again> 
                   \relax 
l.652 	M
        ặt phẳng đi qua hai điểm $A(1;2;-1)$, $B(0;4;3)$ và song so...
Overfull \hbox (3.78441pt too wide) in paragraph at lines 658--658
[][] 
 []


Overfull \hbox (3.96068pt too wide) in paragraph at lines 658--658
[][] 
 []


Overfull \hbox (4.19017pt too wide) in paragraph at lines 658--658
[][] 
 []


Overfull \hbox (4.26732pt too wide) in paragraph at lines 658--658
[][] 
 []


pdfTeX warning (ext4): destination with the same identifier (name{ex.13}) has been already used, duplicate ignored
<to be read again> 
                   \relax 
l.667 	C
        ho điểm $M(1;2;-3)$. Gọi $M_{1}$, $M_{2}$, $M_{3}$ lần lượ...
Overfull \hbox (3.78441pt too wide) in paragraph at lines 673--673
[][] 
 []


Overfull \hbox (3.96068pt too wide) in paragraph at lines 673--673
[][] 
 []


Overfull \hbox (4.19017pt too wide) in paragraph at lines 673--673
[][] 
 []


Overfull \hbox (4.26732pt too wide) in paragraph at lines 673--673
[][] 
 []


pdfTeX warning (ext4): destination with the same identifier (name{ex.14}) has been already used, duplicate ignored
<to be read again> 
                   \relax 
l.680 	M
        ặt phẳng nào sau đây cắt các trục $Ox$, $Oy$, $Oz$ lần...
Overfull \hbox (3.78441pt too wide) in paragraph at lines 685--685
[][] 
 []


Overfull \hbox (3.96068pt too wide) in paragraph at lines 685--685
[][] 
 []


Overfull \hbox (4.19017pt too wide) in paragraph at lines 685--685
[][] 
 []


Overfull \hbox (4.26732pt too wide) in paragraph at lines 685--685
[][] 
 []


pdfTeX warning (ext4): destination with the same identifier (name{ex.15}) has been already used, duplicate ignored
<to be read again> 
                   \relax 
l.687 	C
        ho mặt phẳng  $\left(P\right)$ đi qua điểm $M\left(2; - 4; 1...
Overfull \hbox (3.78441pt too wide) in paragraph at lines 693--693
[][] 
 []


Overfull \hbox (3.96068pt too wide) in paragraph at lines 693--693
[][] 
 []


Overfull \hbox (4.19017pt too wide) in paragraph at lines 693--693
[][] 
 []


Overfull \hbox (4.26732pt too wide) in paragraph at lines 693--693
[][] 
 []


Package hyperref Warning: Token not allowed in a PDF string (Unicode):
(hyperref)                removing `\char' on input line 699.


Package hyperref Warning: Token not allowed in a PDF string (Unicode):
(hyperref)                removing `\leavevmode@ifvmode' on input line 699.


Package hyperref Warning: Token not allowed in a PDF string (Unicode):
(hyperref)                \kern 1.66702pt
(hyperref)                removed on input line 699.


Package hyperref Warning: Token not allowed in a PDF string (Unicode):
(hyperref)                removing `\leavevmode@ifvmode' on input line 699.


Package hyperref Warning: Token not allowed in a PDF string (Unicode):
(hyperref)                \kern 1.66702pt
(hyperref)                removed on input line 699.


pdfTeX warning (ext4): destination with the same identifier (name{subsubsection.0.14.2.1}) has been already used, duplicate ignored
<to be read again> 
                   \relax 
l.710 \viduminhhoa
                  
pdfTeX warning (ext4): destination with the same identifier (name{vd.1}) has been already used, duplicate ignored
<to be read again> 
                   \relax 
l.713 	T
        ìm các cặp mặt phẳng song song hoặc vuông góc trong các... [40]
pdfTeX warning (ext4): destination with the same identifier (name{vd.2}) has been already used, duplicate ignored
<to be read again> 
                   \relax 
l.730 	T
        rong không gian $Oxyz$, cho mặt phẳng $(\alpha)\colon 2x-3y+z+5...
pdfTeX warning (ext4): destination with the same identifier (name{vd.3}) has been already used, duplicate ignored
<to be read again> 
                   \relax 
l.754 	T
        rong không gian $Oxyz$, cho  hai mặt phẳng $(Q) \colon x+y+3z=0...
pdfTeX warning (ext4): destination with the same identifier (name{vd.4}) has been already used, duplicate ignored
<to be read again> 
                   \relax 
l.766 	T
        rong không gian với hệ tọa độ $Oxyz$, cho hai điểm $A(-...
pdfTeX warning (ext4): destination with the same identifier (name{subsubsection.0.14.2.2}) has been already used, duplicate ignored
<to be read again> 
                   \relax 
l.778 \baitaptn
               
pdfTeX warning (ext4): destination with the same identifier (name{ex.1}) has been already used, duplicate ignored
<to be read again> 
                   \relax 
l.781 	C
        ho mặt phẳng $(P)\colon -x+y+3z+1=0$. Mặt phẳng song song v�...
Overfull \hbox (3.78441pt too wide) in paragraph at lines 787--787
[][] 
 []


Overfull \hbox (3.96068pt too wide) in paragraph at lines 787--787
[][] 
 []


Overfull \hbox (4.19017pt too wide) in paragraph at lines 787--787
[][] 
 []


Overfull \hbox (4.26732pt too wide) in paragraph at lines 787--787
[][] 
 []


pdfTeX warning (ext4): destination with the same identifier (name{ex.2}) has been already used, duplicate ignored
<to be read again> 
                   \relax 
l.793 	C
        ho hai mặt phẳng $(P) \colon 2x+4y+3z-5=0$ và $(Q) \colon mx-ny...
Overfull \hbox (3.78441pt too wide) in paragraph at lines 799--799
[][] 
 []


Overfull \hbox (3.96068pt too wide) in paragraph at lines 799--799
[][] 
 []


Overfull \hbox (4.19017pt too wide) in paragraph at lines 799--799
[][] 
 []


Overfull \hbox (4.26732pt too wide) in paragraph at lines 799--799
[][] 
 []


pdfTeX warning (ext4): destination with the same identifier (name{ex.3}) has been already used, duplicate ignored
<to be read again> 
                   \relax 
l.806 	C
        ho hai mặt phẳng $(P)\colon x+my+(m-1)z+1=0$ và $(Q)\colon x+y+...
Overfull \hbox (3.78441pt too wide) in paragraph at lines 812--812
[][] 
 []


Overfull \hbox (3.96068pt too wide) in paragraph at lines 812--812
[][] 
 []


Overfull \hbox (4.19017pt too wide) in paragraph at lines 812--812
[][] 
 []


Overfull \hbox (4.26732pt too wide) in paragraph at lines 812--812
[][] 
 []


pdfTeX warning (ext4): destination with the same identifier (name{ex.4}) has been already used, duplicate ignored
<to be read again> 
                   \relax 
l.819 	C
        ho mặt phẳng $(\alpha)\colon x+y+z-1=0$. Trong các mặt phẳn...
Overfull \hbox (3.78441pt too wide) in paragraph at lines 825--825
[][] 
 []


Overfull \hbox (3.96068pt too wide) in paragraph at lines 825--825
[][] 
 []

[41]
Overfull \hbox (4.19017pt too wide) in paragraph at lines 825--825
[][] 
 []


Overfull \hbox (4.26732pt too wide) in paragraph at lines 825--825
[][] 
 []


pdfTeX warning (ext4): destination with the same identifier (name{ex.5}) has been already used, duplicate ignored
<to be read again> 
                   \relax 
l.832 	C
        ho mặt phẳng $(P)\colon 2x-y+2z-3=0$ và $(Q) \colon x+my+z-1=0$...
Overfull \hbox (3.78441pt too wide) in paragraph at lines 838--838
[][] 
 []


Overfull \hbox (3.96068pt too wide) in paragraph at lines 838--838
[][] 
 []


Overfull \hbox (4.19017pt too wide) in paragraph at lines 838--838
[][] 
 []


Overfull \hbox (4.26732pt too wide) in paragraph at lines 838--838
[][] 
 []


pdfTeX warning (ext4): destination with the same identifier (name{ex.6}) has been already used, duplicate ignored
<to be read again> 
                   \relax 
l.846 	C
        ho hai mặt phẳng $(P)\colon x+2y-z-1=0$, $(Q)\colon 3x-(m+2)y+(2...
Overfull \hbox (3.78441pt too wide) in paragraph at lines 852--852
[][] 
 []


Overfull \hbox (3.96068pt too wide) in paragraph at lines 852--852
[][] 
 []


Overfull \hbox (4.19017pt too wide) in paragraph at lines 852--852
[][] 
 []


Overfull \hbox (4.26732pt too wide) in paragraph at lines 852--852
[][] 
 []


pdfTeX warning (ext4): destination with the same identifier (name{ex.7}) has been already used, duplicate ignored
<to be read again> 
                   \relax 
l.859 	M
        ặt phẳng đi qua $A(1;3;-2)$ và song song với mặt phẳng $...
Overfull \hbox (3.78441pt too wide) in paragraph at lines 865--865
[][] 
 []


Overfull \hbox (3.96068pt too wide) in paragraph at lines 865--865
[][] 
 []


Overfull \hbox (4.19017pt too wide) in paragraph at lines 865--865
[][] 
 []


Overfull \hbox (4.26732pt too wide) in paragraph at lines 865--865
[][] 
 []


pdfTeX warning (ext4): destination with the same identifier (name{ex.8}) has been already used, duplicate ignored
<to be read again> 
                   \relax 
l.873 	C
        ho điểm $A(2;-1;-3)$ và mặt phẳng $(P)\colon 3x-2y+4z-5=0$. ...
Overfull \hbox (3.78441pt too wide) in paragraph at lines 879--879
[][] 
 []


Overfull \hbox (3.96068pt too wide) in paragraph at lines 879--879
[][] 
 []


Overfull \hbox (4.19017pt too wide) in paragraph at lines 879--879
[][] 
 []


Overfull \hbox (4.26732pt too wide) in paragraph at lines 879--879
[][] 
 []


pdfTeX warning (ext4): destination with the same identifier (name{ex.9}) has been already used, duplicate ignored
<to be read again> 
                   \relax 
l.886 	C
        ho mặt phẳng $(P)$ đi qua các điểm $A(-2; 0; 0)$, $B(0; 3; ...
Overfull \hbox (3.78441pt too wide) in paragraph at lines 892--892
[][] 
 []


Overfull \hbox (3.96068pt too wide) in paragraph at lines 892--892
[][] 
 []


Overfull \hbox (4.19017pt too wide) in paragraph at lines 892--892
[][] 
 []


Overfull \hbox (4.26732pt too wide) in paragraph at lines 892--892
[][] 
 []


pdfTeX warning (ext4): destination with the same identifier (name{ex.10}) has been already used, duplicate ignored
<to be read again> 
                   \relax 
l.899 	M
        ặt phẳng qua $A(1;2;-1)$ và vuông góc với các mặt phẳn...
Overfull \hbox (3.78441pt too wide) in paragraph at lines 905--905
[][] 
 []


Overfull \hbox (3.96068pt too wide) in paragraph at lines 905--905
[][] 
 []


Overfull \hbox (4.19017pt too wide) in paragraph at lines 905--905
[][] 
 []


Overfull \hbox (4.26732pt too wide) in paragraph at lines 905--905
[][] 
 []


pdfTeX warning (ext4): destination with the same identifier (name{ex.11}) has been already used, duplicate ignored
<to be read again> 
                   \relax 
l.914 	C
        ho hai mặt phẳng $(P)$, $(Q)$ lần lượt có phương trình ...
Overfull \hbox (3.78441pt too wide) in paragraph at lines 920--920
[][] 
 []


Overfull \hbox (3.96068pt too wide) in paragraph at lines 920--920
[][] 
 []


Overfull \hbox (4.19017pt too wide) in paragraph at lines 920--920
[][] 
 []


Overfull \hbox (4.26732pt too wide) in paragraph at lines 920--920
[][] 
 []


pdfTeX warning (ext4): destination with the same identifier (name{ex.12}) has been already used, duplicate ignored
<to be read again> 
                   \relax 
l.930 	C
        ho điểm $A(-4;1;1)$ và mặt phẳng $(P)\colon x-2y-z+4=0$. M�...
Overfull \hbox (3.78441pt too wide) in paragraph at lines 936--936
[][] 
 []


Overfull \hbox (3.96068pt too wide) in paragraph at lines 936--936
[][] 
 []


Overfull \hbox (4.19017pt too wide) in paragraph at lines 936--936
[][] 
 []


Overfull \hbox (4.26732pt too wide) in paragraph at lines 936--936
[][] 
 []


pdfTeX warning (ext4): destination with the same identifier (name{ex.13}) has been already used, duplicate ignored
<to be read again> 
                   \relax 
l.944 	C
        ho hai mặt phẳng $(P)\colon x-3y+2z-1=0$, $(Q)\colon x-z+2=0$. M...
Overfull \hbox (3.78441pt too wide) in paragraph at lines 950--950
[][] 
 []


Overfull \hbox (3.96068pt too wide) in paragraph at lines 950--950
[][] 
 []


Overfull \hbox (4.19017pt too wide) in paragraph at lines 950--950
[][] 
 []


Overfull \hbox (4.26732pt too wide) in paragraph at lines 950--950
[][] 
 []


pdfTeX warning (ext4): destination with the same identifier (name{ex.14}) has been already used, duplicate ignored
<to be read again> 
                   \relax 
l.959 	C
        ho $A\left( 1;-1;2 \right);\ B\left( 2;1;1 \right)$ và mặt phẳn...
Overfull \hbox (3.78441pt too wide) in paragraph at lines 965--965
[][] 
 []


Overfull \hbox (3.96068pt too wide) in paragraph at lines 965--965
[][] 
 []


Overfull \hbox (4.19017pt too wide) in paragraph at lines 965--965
[][] 
 []


Overfull \hbox (4.26732pt too wide) in paragraph at lines 965--965
[][] 
 []


pdfTeX warning (ext4): destination with the same identifier (name{ex.15}) has been already used, duplicate ignored
<to be read again> 
                   \relax 
l.976 	C
        ho hai điểm $A(2;4;1)$, $B(-1;1;3)$ và mặt phẳng $(P)\colon ...
Overfull \hbox (3.78441pt too wide) in paragraph at lines 982--982
[][] 
 []


Overfull \hbox (3.96068pt too wide) in paragraph at lines 982--982
[][] 
 []


Overfull \hbox (4.19017pt too wide) in paragraph at lines 982--982
[][] 
 []


Overfull \hbox (4.26732pt too wide) in paragraph at lines 982--982
[][] 
 []


Package hyperref Warning: Token not allowed in a PDF string (Unicode):
(hyperref)                removing `\char' on input line 993.


Package hyperref Warning: Token not allowed in a PDF string (Unicode):
(hyperref)                removing `\leavevmode@ifvmode' on input line 993.


Package hyperref Warning: Token not allowed in a PDF string (Unicode):
(hyperref)                \kern 1.66702pt
(hyperref)                removed on input line 993.


Package hyperref Warning: Token not allowed in a PDF string (Unicode):
(hyperref)                removing `\leavevmode@ifvmode' on input line 993.


Package hyperref Warning: Token not allowed in a PDF string (Unicode):
(hyperref)                \kern 1.66702pt
(hyperref)                removed on input line 993.

[42]
pdfTeX warning (ext4): destination with the same identifier (name{subsubsection.0.14.2.1}) has been already used, duplicate ignored
<to be read again> 
                   \relax 
l.1004 \viduminhhoa
                   
pdfTeX warning (ext4): destination with the same identifier (name{vd.1}) has been already used, duplicate ignored
<to be read again> 
                   \relax 
l.1006 	T
         ính khoảng cách từ điểm $A(1;2;3)$ đến các mặt phẳ...
pdfTeX warning (ext4): destination with the same identifier (name{vd.2}) has been already used, duplicate ignored
<to be read again> 
                   \relax 
l.1023 	C
         ho hai mặt phẳng $(P) \colon 2x+y+2z+12=0$, $(Q) \colon 4x+2y+4...
pdfTeX warning (ext4): destination with the same identifier (name{vd.3}) has been already used, duplicate ignored
<to be read again> 
                   \relax 
l.1093 	}
         
pdfTeX warning (ext4): destination with the same identifier (name{vd.4}) has been already used, duplicate ignored
<to be read again> 
                   \relax 
l.1104 	C
         ho hình hộp chữ nhật $ABCD.A'B'C'D'$ có $DA=2$, $DC=3$, $DD... [43]
pdfTeX warning (ext4): destination with the same identifier (name{subsubsection.0.14.2.2}) has been already used, duplicate ignored
<to be read again> 
                   \relax 
l.1146 \baitaptn
                
pdfTeX warning (ext4): destination with the same identifier (name{ex.1}) has been already used, duplicate ignored
<to be read again> 
                   \relax 
l.1149 	K
         hoảng cách từ $ A(-2;1;-6) $ đến mặt phẳng $ (Oxy) $ là
Overfull \hbox (3.78441pt too wide) in paragraph at lines 1155--1155
[][] 
 []


Overfull \hbox (3.96068pt too wide) in paragraph at lines 1155--1155
[][] 
 []


Overfull \hbox (4.19017pt too wide) in paragraph at lines 1155--1155
[][] 
 []


Overfull \hbox (4.26732pt too wide) in paragraph at lines 1155--1155
[][] 
 []


pdfTeX warning (ext4): destination with the same identifier (name{ex.2}) has been already used, duplicate ignored
<to be read again> 
                   \relax 
l.1161 	C
         ho hai điểm $A(-2;1;3)$, $B(4;1;-1)$. Khoảng cách từ trung ...
Overfull \hbox (3.78441pt too wide) in paragraph at lines 1167--1167
[][] 
 []


Overfull \hbox (3.96068pt too wide) in paragraph at lines 1167--1167
[][] 
 []


Overfull \hbox (4.19017pt too wide) in paragraph at lines 1167--1167
[][] 
 []


Overfull \hbox (4.26732pt too wide) in paragraph at lines 1167--1167
[][] 
 []


pdfTeX warning (ext4): destination with the same identifier (name{ex.3}) has been already used, duplicate ignored
<to be read again> 
                   \relax 
l.1173 	C
         ho mặt phẳng $(P)\colon 2x+3y+4z-5=0$ và điểm $A(1;-3;1)$. ...
Overfull \hbox (3.78441pt too wide) in paragraph at lines 1179--1179
[][] 
 []


Overfull \hbox (3.96068pt too wide) in paragraph at lines 1179--1179
[][] 
 []


Overfull \hbox (4.19017pt too wide) in paragraph at lines 1179--1179
[][] 
 []


Overfull \hbox (4.26732pt too wide) in paragraph at lines 1179--1179
[][] 
 []


pdfTeX warning (ext4): destination with the same identifier (name{ex.4}) has been already used, duplicate ignored
<to be read again> 
                   \relax 
l.1186 	G
         ọi $H$ là hình chiếu vuông góc của điểm $A(2;3;-1)$ tr...
Overfull \hbox (3.78441pt too wide) in paragraph at lines 1192--1192
[][] 
 []


Overfull \hbox (3.96068pt too wide) in paragraph at lines 1192--1192
[][] 
 []


Overfull \hbox (4.19017pt too wide) in paragraph at lines 1192--1192
[][] 
 []


Overfull \hbox (4.26732pt too wide) in paragraph at lines 1192--1192
[][] 
 []


pdfTeX warning (ext4): destination with the same identifier (name{ex.5}) has been already used, duplicate ignored
<to be read again> 
                   \relax 
l.1198 	C
         ho hai mặt phẳng $(P)\colon x+2y-2z+3=0$ và $(Q)\colon x+2y-2z...
Overfull \hbox (3.78441pt too wide) in paragraph at lines 1204--1204
[][] 
 []


Overfull \hbox (3.96068pt too wide) in paragraph at lines 1204--1204
[][] 
 []


Overfull \hbox (4.19017pt too wide) in paragraph at lines 1204--1204
[][] 
 []


Overfull \hbox (4.26732pt too wide) in paragraph at lines 1204--1204
[][] 
 []


pdfTeX warning (ext4): destination with the same identifier (name{ex.6}) has been already used, duplicate ignored
<to be read again> 
                   \relax 
l.1212 	B
         iết rằng hai mặt phẳng $4x-4y+2z-7=0$ và $2x-2y+z+4=0$ ch�...
Overfull \hbox (3.78441pt too wide) in paragraph at lines 1218--1218
[][] 
 []


Overfull \hbox (3.96068pt too wide) in paragraph at lines 1218--1218
[][] 
 []


Overfull \hbox (4.19017pt too wide) in paragraph at lines 1218--1218
[][] 
 []


Overfull \hbox (4.26732pt too wide) in paragraph at lines 1218--1218
[][] 
 []


pdfTeX warning (ext4): destination with the same identifier (name{ex.7}) has been already used, duplicate ignored
<to be read again> 
                   \relax 
l.1227 	C
         ho hai điểm $A(2;2;-2)$ và $B(3;-1;0)$. Đường thẳng $AB$ ...
Overfull \hbox (3.78441pt too wide) in paragraph at lines 1233--1233
[][] 
 []


Overfull \hbox (3.96068pt too wide) in paragraph at lines 1233--1233
[][] 
 []


Overfull \hbox (4.19017pt too wide) in paragraph at lines 1233--1233
[][] 
 []


Overfull \hbox (4.26732pt too wide) in paragraph at lines 1233--1233
[][] 
 []


pdfTeX warning (ext4): destination with the same identifier (name{ex.8}) has been already used, duplicate ignored
<to be read again> 
                   \relax 
l.1239 	C
         ho hai mặt phẳng $(P) \colon x+y-z+1=0$ và $(Q) \colon x-y+z-5...
Overfull \hbox (3.78441pt too wide) in paragraph at lines 1245--1245
[][] 
 []


Overfull \hbox (3.96068pt too wide) in paragraph at lines 1245--1245
[][] 
 []


Overfull \hbox (4.19017pt too wide) in paragraph at lines 1245--1245
[][] 
 []


Overfull \hbox (4.26732pt too wide) in paragraph at lines 1245--1245
[][] 
 []


pdfTeX warning (ext4): destination with the same identifier (name{ex.9}) has been already used, duplicate ignored
<to be read again> 
                   \relax 
l.1255 	C
         ho điểm $A(1;2;3)$ và mặt phẳng $(P)\colon x+y+z-2=0$. Mặ...
Overfull \hbox (3.78441pt too wide) in paragraph at lines 1261--1261
[][] 
 []


Overfull \hbox (3.96068pt too wide) in paragraph at lines 1261--1261
[][] 
 []


Overfull \hbox (4.19017pt too wide) in paragraph at lines 1261--1261
[][] 
 []


Overfull \hbox (4.26732pt too wide) in paragraph at lines 1261--1261
[][] 
 []


pdfTeX warning (ext4): destination with the same identifier (name{ex.10}) has been already used, duplicate ignored
<to be read again> 
                   \relax 
l.1270 	C
         ho mặt phẳng $ (P)\colon x+2y+z-4=0 $ và điểm $ D(1;0;3) $....
Overfull \hbox (3.78441pt too wide) in paragraph at lines 1276--1276
[][] 
 []


Overfull \hbox (3.96068pt too wide) in paragraph at lines 1276--1276
[][] 
 []


Overfull \hbox (4.19017pt too wide) in paragraph at lines 1276--1276
[][] 
 []


Overfull \hbox (4.26732pt too wide) in paragraph at lines 1276--1276
[][] 
 []


pdfTeX warning (ext4): destination with the same identifier (name{ex.11}) has been already used, duplicate ignored
<to be read again> 
                   \relax 
l.1284 	C
         ho hình chóp $S.ABCD$ có đáy $ABCD$ là hình chữ nhật. Bi...
Overfull \hbox (84.04199pt too wide) in paragraph at lines 1284--1290
[][]\T5/cmr/m/n/10 Cho h�nh ch�p $\OML/cmm/m/it/10 S:ABCD$ \T5/cmr/m/n/10 c� ^^_�y $\OML/cmm/m/it/10 ABCD$ \T5/cmr/m/n/10 l� h�nh ch� nh�t. Bi�t $\OML/cmm/m/it/10 A\OT1/cmr/m/n/10 (0; 0; 0)\OML/cmm/m/it/10 ; D\OT1/cmr/m/n/10 (2; 0; 0)\OML/cmm/m/it/10 ; B\OT1/cmr/m/n/10 (0; 4; 0)\OML/cmm/m/it/10 ; S\OT1/cmr/m/n/10 (0; 0; 4)$\T5/cmr/m/n/10 .
 []


Overfull \hbox (3.78441pt too wide) in paragraph at lines 1290--1290
[][] 
 []


Overfull \hbox (3.96068pt too wide) in paragraph at lines 1290--1290
[][] 
 []


Overfull \hbox (4.19017pt too wide) in paragraph at lines 1290--1290
[][] 
 []


Overfull \hbox (4.26732pt too wide) in paragraph at lines 1290--1290
[][] 
 []

[44]
pdfTeX warning (ext4): destination with the same identifier (name{ex.12}) has been already used, duplicate ignored
<to be read again> 
                   \relax 
l.1299 	C
         ho hình lập phương $ABCD.A'B'C'D'$ có cạnh bằng $2$. Kho�...
Overfull \hbox (3.78441pt too wide) in paragraph at lines 1305--1305
[][] 
 []


Overfull \hbox (3.96068pt too wide) in paragraph at lines 1305--1305
[][] 
 []


Overfull \hbox (4.19017pt too wide) in paragraph at lines 1305--1305
[][] 
 []


Overfull \hbox (4.26732pt too wide) in paragraph at lines 1305--1305
[][] 
 []


pdfTeX warning (ext4): destination with the same identifier (name{ex.13}) has been already used, duplicate ignored
<to be read again> 
                   \relax 
l.1341 	C
         ho hình hộp chữ nhật $ABCD.A’B’C’D’$ có $AB=a$, $AD...

LaTeX Warning: Command \textquoteright invalid in math mode on input line 1341.


LaTeX Warning: Command \textquoteright invalid in math mode on input line 1341.


LaTeX Warning: Command \textquoteright invalid in math mode on input line 1341.


LaTeX Warning: Command \textquoteright invalid in math mode on input line 1341.


LaTeX Warning: Command \textquoteright invalid in math mode on input line 1341.


LaTeX Warning: Command \textquoteright invalid in math mode on input line 1341.


LaTeX Warning: Command \textquoteright invalid in math mode on input line 1341.


Overfull \hbox (3.78441pt too wide) in paragraph at lines 1347--1347
[][] 
 []


Overfull \hbox (3.96068pt too wide) in paragraph at lines 1347--1347
[][] 
 []


Overfull \hbox (4.19017pt too wide) in paragraph at lines 1347--1347
[][] 
 []


Overfull \hbox (4.26732pt too wide) in paragraph at lines 1347--1347
[][] 
 []


pdfTeX warning (ext4): destination with the same identifier (name{ex.14}) has been already used, duplicate ignored
<to be read again> 
                   \relax 
l.1392 	C
         ho hình chóp $S.ABCD$ có đáy $ABCD$ là hình vuông cạnh $a...
Overfull \hbox (3.78441pt too wide) in paragraph at lines 1398--1398
[][] 
 []


Overfull \hbox (3.96068pt too wide) in paragraph at lines 1398--1398
[][] 
 []


Overfull \hbox (4.19017pt too wide) in paragraph at lines 1398--1398
[][] 
 []


Overfull \hbox (4.26732pt too wide) in paragraph at lines 1398--1398
[][] 
 []


pdfTeX warning (ext4): destination with the same identifier (name{ex.15}) has been already used, duplicate ignored
<to be read again> 
                   \relax 
l.1430 	C
         ho hình chóp $S. ABCD$ có đáy $ABCD$ là hình vuông cạnh $...
Overfull \hbox (3.78441pt too wide) in paragraph at lines 1436--1436
[][] 
 []


Overfull \hbox (3.96068pt too wide) in paragraph at lines 1436--1436
[][] 
 []


Overfull \hbox (4.19017pt too wide) in paragraph at lines 1436--1436
[][] 
 []


Overfull \hbox (4.26732pt too wide) in paragraph at lines 1436--1436
[][] 
 []

) (data/12/2H5/2H5-TNB1.tex
Output from handle ans going to ans/B1-De2-1.tex
\openout9 = `ans/B1-De2-1.tex'.


pdfTeX warning (ext4): destination with the same identifier (name{ex.1}) has been already used, duplicate ignored
<to be read again> 
                   \relax 
l.7 	T
      rong không gian với hệ tọa độ $Oxyz$, cho mặt phẳng $(P)...
Overfull \hbox (3.78441pt too wide) in paragraph at lines 13--13
[][] 
 []


Overfull \hbox (3.96068pt too wide) in paragraph at lines 13--13
[][] 
 []


Overfull \hbox (4.19017pt too wide) in paragraph at lines 13--13
[][] 
 []


Overfull \hbox (4.26732pt too wide) in paragraph at lines 13--13
[][] 
 []


pdfTeX warning (ext4): destination with the same identifier (name{ex.2}) has been already used, duplicate ignored
<to be read again> 
                   \relax 
l.22 	T
       rong không gian với hệ tọa độ $Oxyz$, cho điểm $A(1;3;-2...
Overfull \hbox (3.78441pt too wide) in paragraph at lines 28--28
[][] 
 []


Overfull \hbox (3.96068pt too wide) in paragraph at lines 28--28
[][] 
 []


Overfull \hbox (4.19017pt too wide) in paragraph at lines 28--28
[][] 
 []


Overfull \hbox (4.26732pt too wide) in paragraph at lines 28--28
[][] 
 []


pdfTeX warning (ext4): destination with the same identifier (name{ex.3}) has been already used, duplicate ignored
<to be read again> 
                   \relax 
l.35 	T
       rong không gian với hệ tọa độ $Oxyz$, cho mặt phẳng $(P...
Overfull \hbox (3.78441pt too wide) in paragraph at lines 41--41
[][] 
 []


Overfull \hbox (3.96068pt too wide) in paragraph at lines 41--41
[][] 
 []


Overfull \hbox (4.19017pt too wide) in paragraph at lines 41--41
[][] 
 []


Overfull \hbox (4.26732pt too wide) in paragraph at lines 41--41
[][] 
 []


pdfTeX warning (ext4): destination with the same identifier (name{ex.4}) has been already used, duplicate ignored
<to be read again> 
                   \relax 
l.51 	T
       rong không gian với hệ tọa độ $Oxyz$ với điểm $M(-3;1;...
Overfull \hbox (3.78441pt too wide) in paragraph at lines 57--57
[][] 
 []


Overfull \hbox (3.96068pt too wide) in paragraph at lines 57--57
[][] 
 []


Overfull \hbox (4.19017pt too wide) in paragraph at lines 57--57
[][] 
 []


Overfull \hbox (4.26732pt too wide) in paragraph at lines 57--57
[][] 
 []


pdfTeX warning (ext4): destination with the same identifier (name{ex.5}) has been already used, duplicate ignored
<to be read again> 
                   \relax 
l.66 	T
       rong không gian với hệ tọa độ $Oxyz$, cho ba điểm $A(2;0...
Overfull \hbox (3.78441pt too wide) in paragraph at lines 72--72
[][] 
 []


Overfull \hbox (3.96068pt too wide) in paragraph at lines 72--72
[][] 
 []


Overfull \hbox (4.19017pt too wide) in paragraph at lines 72--72
[][] 
 []


Overfull \hbox (4.26732pt too wide) in paragraph at lines 72--72
[][] 
 []


pdfTeX warning (ext4): destination with the same identifier (name{ex.6}) has been already used, duplicate ignored
<to be read again> 
                   \relax 
l.80 	T
       rong không gian với hệ tọa độ $Oxyz$, cho điểm $M(2024;0...
Overfull \hbox (3.78441pt too wide) in paragraph at lines 86--86
[][] 
 []


Overfull \hbox (3.96068pt too wide) in paragraph at lines 86--86
[][] 
 []


Overfull \hbox (4.19017pt too wide) in paragraph at lines 86--86
[][] 
 []


Overfull \hbox (4.26732pt too wide) in paragraph at lines 86--86
[][] 
 []


pdfTeX warning (ext4): destination with the same identifier (name{ex.7}) has been already used, duplicate ignored
<to be read again> 
                   \relax 
l.93 	T
       rong không gian với hệ tọa độ $Oxyz$, cho ba điểm $A(-2;...
Overfull \hbox (3.78441pt too wide) in paragraph at lines 99--99
[][] 
 []


Overfull \hbox (3.96068pt too wide) in paragraph at lines 99--99
[][] 
 []


Overfull \hbox (4.19017pt too wide) in paragraph at lines 99--99
[][] 
 []


Overfull \hbox (4.26732pt too wide) in paragraph at lines 99--99
[][] 
 []


pdfTeX warning (ext4): destination with the same identifier (name{ex.8}) has been already used, duplicate ignored
<to be read again> 
                   \relax 
l.109 	T
        rong không gian với hệ tọa độ $Oxyz$, cho mặt phẳng $(...
Overfull \hbox (3.78441pt too wide) in paragraph at lines 115--115
[][] 
 []


Overfull \hbox (3.96068pt too wide) in paragraph at lines 115--115
[][] 
 []


Overfull \hbox (4.19017pt too wide) in paragraph at lines 115--115
[][] 
 []


Overfull \hbox (4.26732pt too wide) in paragraph at lines 115--115
[][] 
 []

[45]
pdfTeX warning (ext4): destination with the same identifier (name{ex.9}) has been already used, duplicate ignored
<to be read again> 
                   \relax 
l.123 	T
        rong không gian với hệ tọa độ $Oxyz$, hình chiếu vuông...
Overfull \hbox (3.78441pt too wide) in paragraph at lines 129--129
[][] 
 []


Overfull \hbox (3.96068pt too wide) in paragraph at lines 129--129
[][] 
 []


Overfull \hbox (4.19017pt too wide) in paragraph at lines 129--129
[][] 
 []


Overfull \hbox (4.26732pt too wide) in paragraph at lines 129--129
[][] 
 []


pdfTeX warning (ext4): destination with the same identifier (name{ex.10}) has been already used, duplicate ignored
<to be read again> 
                   \relax 
l.137 	T
        rong không gian với hệ tọa độ $Oxyz$, cho hai điểm $A(1...
Overfull \hbox (3.78441pt too wide) in paragraph at lines 143--143
[][] 
 []


Overfull \hbox (3.96068pt too wide) in paragraph at lines 143--143
[][] 
 []


Overfull \hbox (4.19017pt too wide) in paragraph at lines 143--143
[][] 
 []


Overfull \hbox (4.26732pt too wide) in paragraph at lines 143--143
[][] 
 []


pdfTeX warning (ext4): destination with the same identifier (name{ex.11}) has been already used, duplicate ignored
<to be read again> 
                   \relax 
l.156 	T
        rong không gian với hệ tọa độ $Oxyz$, cho hai vectơ $\ove...
Overfull \hbox (3.78441pt too wide) in paragraph at lines 162--162
[][] 
 []


Overfull \hbox (3.96068pt too wide) in paragraph at lines 162--162
[][] 
 []


Overfull \hbox (4.19017pt too wide) in paragraph at lines 162--162
[][] 
 []


Overfull \hbox (4.26732pt too wide) in paragraph at lines 162--162
[][] 
 []


pdfTeX warning (ext4): destination with the same identifier (name{ex.12}) has been already used, duplicate ignored
<to be read again> 
                   \relax 
l.169 	T
        rong không gian với hệ tọa độ $Oxyz$, cho ba điểm $A(1;...
Overfull \hbox (3.78441pt too wide) in paragraph at lines 175--175
[][] 
 []


Overfull \hbox (3.96068pt too wide) in paragraph at lines 175--175
[][] 
 []


Overfull \hbox (4.19017pt too wide) in paragraph at lines 175--175
[][] 
 []


Overfull \hbox (4.26732pt too wide) in paragraph at lines 175--175
[][] 
 []

Output from handle ans going to ans/B1-De2-2.tex
\openout9 = `ans/B1-De2-2.tex'.


pdfTeX warning (ext4): destination with the same identifier (name{ex.1}) has been already used, duplicate ignored
<to be read again> 
                   \relax 
l.186 	T
        rong không gian với hệ trục tọa độ $Oxyz$, cho hai đi�...
Overfull \hbox (1.18027pt too wide) in paragraph at lines 192--192
 []|\T5/cmr/bx/n/10 ^^^| 
 []


Overfull \hbox (1.27747pt too wide) in paragraph at lines 192--192
[]\T5/cmr/bx/n/10 a) 
 []


Overfull \hbox (2.07588pt too wide) in paragraph at lines 192--192
[]\T5/cmr/bx/n/10 b) 
 []


Overfull \hbox (0.79842pt too wide) in paragraph at lines 192--192
[]\T5/cmr/bx/n/10 c) 
 []


Overfull \hbox (2.07588pt too wide) in paragraph at lines 192--192
[]\T5/cmr/bx/n/10 d) 
 []


pdfTeX warning (ext4): destination with the same identifier (name{ex.2}) has been already used, duplicate ignored
<to be read again> 
                   \relax 
l.220 	T
        rong không gian với hệ tọa độ $Oxyz$, cho $A(1;2;-1)$, $B(...
Overfull \hbox (1.18027pt too wide) in paragraph at lines 226--226
 []|\T5/cmr/bx/n/10 ^^^| 
 []


Overfull \hbox (1.27747pt too wide) in paragraph at lines 226--226
[]\T5/cmr/bx/n/10 a) 
 []


Overfull \hbox (2.07588pt too wide) in paragraph at lines 226--226
[]\T5/cmr/bx/n/10 b) 
 []


Overfull \hbox (0.79842pt too wide) in paragraph at lines 226--226
[]\T5/cmr/bx/n/10 c) 
 []


Overfull \hbox (2.07588pt too wide) in paragraph at lines 226--226
[]\T5/cmr/bx/n/10 d) 
 []


pdfTeX warning (ext4): destination with the same identifier (name{ex.3}) has been already used, duplicate ignored
<to be read again> 
                   \relax 
l.252 	T
        rong không gian với hệ tọa độ $Oxyz$, cho hai điểm $A(1...
Overfull \hbox (1.18027pt too wide) in paragraph at lines 258--258
 []|\T5/cmr/bx/n/10 ^^^| 
 []


Overfull \hbox (1.27747pt too wide) in paragraph at lines 258--258
[]\T5/cmr/bx/n/10 a) 
 []


Overfull \hbox (2.07588pt too wide) in paragraph at lines 258--258
[]\T5/cmr/bx/n/10 b) 
 []


Overfull \hbox (0.79842pt too wide) in paragraph at lines 258--258
[]\T5/cmr/bx/n/10 c) 
 []


Overfull \hbox (2.07588pt too wide) in paragraph at lines 258--258
[]\T5/cmr/bx/n/10 d) 
 []

[46]
pdfTeX warning (ext4): destination with the same identifier (name{ex.4}) has been already used, duplicate ignored
<to be read again> 
                   \relax 
l.282 	T
        rong không gian với hệ tọa độ $Oxyz$, cho hai mặt phẳn...
Overfull \hbox (1.18027pt too wide) in paragraph at lines 288--288
 []|\T5/cmr/bx/n/10 ^^^| 
 []


Overfull \hbox (1.27747pt too wide) in paragraph at lines 288--288
[]\T5/cmr/bx/n/10 a) 
 []


Overfull \hbox (2.07588pt too wide) in paragraph at lines 288--288
[]\T5/cmr/bx/n/10 b) 
 []


Overfull \hbox (0.79842pt too wide) in paragraph at lines 288--288
[]\T5/cmr/bx/n/10 c) 
 []


Overfull \hbox (2.07588pt too wide) in paragraph at lines 288--288
[]\T5/cmr/bx/n/10 d) 
 []

Output from handle ans going to ans/B1-De2-3.tex
\openout9 = `ans/B1-De2-3.tex'.


pdfTeX warning (ext4): destination with the same identifier (name{ex.1}) has been already used, duplicate ignored
<to be read again> 
                   \relax 
l.312 	T
        ừ mặt nước trong một bể nước, tại ba vị trí đôi...
Underfull \hbox (badness 10000) in paragraph at lines 312--313

 []


pdfTeX warning (ext4): destination with the same identifier (name{ex.2}) has been already used, duplicate ignored
<to be read again> 
                   \relax 
l.326 	T
        rong không gian với hệ tọa độ $Oxyz$, cho mặt cầu $(S)...
Underfull \hbox (badness 10000) in paragraph at lines 326--327

 []


pdfTeX warning (ext4): destination with the same identifier (name{ex.3}) has been already used, duplicate ignored
<to be read again> 
                   \relax 
l.342 	T
        rong không gian với hệ tọa độ $Oxyz$, có hai mặt phẳn...
Underfull \hbox (badness 10000) in paragraph at lines 342--343

 []


pdfTeX warning (ext4): destination with the same identifier (name{ex.4}) has been already used, duplicate ignored
<to be read again> 
                   \relax 
l.375 	T
        rong không gian với hệ tọa độ $Oxyz$, cho mặt cầu $(S)...
Underfull \hbox (badness 10000) in paragraph at lines 375--377

 []


pdfTeX warning (ext4): destination with the same identifier (name{ex.5}) has been already used, duplicate ignored
<to be read again> 
                   \relax 
l.389 	T
        rong không gian với hệ tọa độ $Oxyz$, cho hai điểm $A(2...
Underfull \hbox (badness 10000) in paragraph at lines 389--390

 []


pdfTeX warning (ext4): destination with the same identifier (name{ex.6}) has been already used, duplicate ignored
<to be read again> 
                   \relax 
l.403 	T
        rong không gian với hệ trục $Oxyz$, cho ba điểm $A(1;2;1)$...
Underfull \hbox (badness 10000) in paragraph at lines 403--404

 []

) (data/12/2H5/2H5-B2.tex [47]

Package hyperref Warning: Token not allowed in a PDF string (Unicode):
(hyperref)                removing `\char' on input line 52.


Package hyperref Warning: Token not allowed in a PDF string (Unicode):
(hyperref)                removing `\leavevmode@ifvmode' on input line 52.


Package hyperref Warning: Token not allowed in a PDF string (Unicode):
(hyperref)                \kern 1.66702pt
(hyperref)                removed on input line 52.


Package hyperref Warning: Token not allowed in a PDF string (Unicode):
(hyperref)                removing `\leavevmode@ifvmode' on input line 52.


Package hyperref Warning: Token not allowed in a PDF string (Unicode):
(hyperref)                \kern 1.66702pt
(hyperref)                removed on input line 52.


Underfull \hbox (badness 2205) in paragraph at lines 56--57
 []\T5/cmr/m/n/10 N�u $\OML/cmm/m/it/10 d$ \T5/cmr/m/n/10 qua hai ^^_i�m $\OML/cmm/m/it/10 AB$ \T5/cmr/m/n/10 th� $\OML/cmm/m/it/10 d$ \T5/cmr/m/n/10 c� m�t vect� ch� ph��ng l� $[] \OT1/cmr/m/n/10 =
 []

[48]
pdfTeX warning (ext4): destination with the same identifier (name{vd.1}) has been already used, duplicate ignored
<to be read again> 
                   \relax 
l.69 	C
       ho đường thẳng $d:\heva{x=1-t\\y=2+3t\\z=2+t}\quad (t\in\mathbb...
pdfTeX warning (ext4): destination with the same identifier (name{vd.2}) has been already used, duplicate ignored
<to be read again> 
                   \relax 
l.76 	T
       rong không gian $Oxyz$, cho hình chóp $O.ABC$ có $A\left( 2;0;0 \...
pdfTeX warning (ext4): destination with the same identifier (name{vd.3}) has been already used, duplicate ignored
<to be read again> 
                   \relax 
l.108 	T
        rong không gian $Oxyz$, cho hai mặt phẳng $(P)\colon 2x+y-z-1=0...
pdfTeX warning (ext4): destination with the same identifier (name{ex.1}) has been already used, duplicate ignored
<to be read again> 
                   \relax 
l.119 	C
        ho đường thẳng $d\colon \heva{&x = 1 + 2t\\&y = - t\\&z = 4 + ...
Overfull \hbox (3.78441pt too wide) in paragraph at lines 125--125
[][] 
 []


Overfull \hbox (3.96068pt too wide) in paragraph at lines 125--125
[][] 
 []


Overfull \hbox (4.19017pt too wide) in paragraph at lines 125--125
[][] 
 []


Overfull \hbox (4.26732pt too wide) in paragraph at lines 125--125
[][] 
 []


pdfTeX warning (ext4): destination with the same identifier (name{ex.2}) has been already used, duplicate ignored
<to be read again> 
                   \relax 
l.130 	C
        ho đường thẳng $d\colon \dfrac{x-2}{-1}=\dfrac{y-1}{2}=\dfrac{...
Overfull \hbox (3.78441pt too wide) in paragraph at lines 136--136
[][] 
 []


Overfull \hbox (3.96068pt too wide) in paragraph at lines 136--136
[][] 
 []


Overfull \hbox (4.19017pt too wide) in paragraph at lines 136--136
[][] 
 []


Overfull \hbox (4.26732pt too wide) in paragraph at lines 136--136
[][] 
 []


pdfTeX warning (ext4): destination with the same identifier (name{ex.3}) has been already used, duplicate ignored
<to be read again> 
                   \relax 
l.143 	C
        ho đường thẳng $d: \dfrac{x-1}{2}=\dfrac{y+1}{3}=\dfrac{z}{2}$... [49]
Overfull \hbox (3.78441pt too wide) in paragraph at lines 149--149
[][] 
 []


Overfull \hbox (3.96068pt too wide) in paragraph at lines 149--149
[][] 
 []


Overfull \hbox (4.19017pt too wide) in paragraph at lines 149--149
[][] 
 []


Overfull \hbox (4.26732pt too wide) in paragraph at lines 149--149
[][] 
 []


pdfTeX warning (ext4): destination with the same identifier (name{ex.4}) has been already used, duplicate ignored
<to be read again> 
                   \relax 
l.154 	C
        ho đường thẳng $d: \begin{cases}
Overfull \hbox (3.78441pt too wide) in paragraph at lines 163--163
[][] 
 []


Overfull \hbox (3.96068pt too wide) in paragraph at lines 163--163
[][] 
 []


Overfull \hbox (4.19017pt too wide) in paragraph at lines 163--163
[][] 
 []


Overfull \hbox (4.26732pt too wide) in paragraph at lines 163--163
[][] 
 []


pdfTeX warning (ext4): destination with the same identifier (name{ex.5}) has been already used, duplicate ignored
<to be read again> 
                   \relax 
l.168 	C
        ho hai điểm $A(2;-1;4)$ và $B(-1;3;2)$. Đường thẳng $AB$ c...
Overfull \hbox (3.78441pt too wide) in paragraph at lines 174--174
[][] 
 []


Overfull \hbox (3.96068pt too wide) in paragraph at lines 174--174
[][] 
 []


Overfull \hbox (4.19017pt too wide) in paragraph at lines 174--174
[][] 
 []


Overfull \hbox (4.26732pt too wide) in paragraph at lines 174--174
[][] 
 []


pdfTeX warning (ext4): destination with the same identifier (name{ex.6}) has been already used, duplicate ignored
<to be read again> 
                   \relax 
l.181 	C
        ho tam giác $ABC$ với $A(1;0;-2)$, $B(2;-3;-4)$, $C(3;0;-3)$. G�...
Overfull \hbox (3.78441pt too wide) in paragraph at lines 187--187
[][] 
 []


Overfull \hbox (3.96068pt too wide) in paragraph at lines 187--187
[][] 
 []


Overfull \hbox (4.19017pt too wide) in paragraph at lines 187--187
[][] 
 []


Overfull \hbox (4.26732pt too wide) in paragraph at lines 187--187
[][] 
 []


pdfTeX warning (ext4): destination with the same identifier (name{ex.7}) has been already used, duplicate ignored
<to be read again> 
                   \relax 
l.194 	C
        ho đường thẳng $d$ song song với trục $Oy$. Đường th�...
Overfull \hbox (3.78441pt too wide) in paragraph at lines 200--200
[][] 
 []


Overfull \hbox (3.96068pt too wide) in paragraph at lines 200--200
[][] 
 []


Overfull \hbox (4.19017pt too wide) in paragraph at lines 200--200
[][] 
 []


Overfull \hbox (4.26732pt too wide) in paragraph at lines 200--200
[][] 
 []


pdfTeX warning (ext4): destination with the same identifier (name{ex.8}) has been already used, duplicate ignored
<to be read again> 
                   \relax 
l.206 	C
        ho đường thẳng $\Delta$ vuông góc với mặt phẳng $(\alp...
Overfull \hbox (3.78441pt too wide) in paragraph at lines 212--212
[][] 
 []


Overfull \hbox (3.96068pt too wide) in paragraph at lines 212--212
[][] 
 []


Overfull \hbox (4.19017pt too wide) in paragraph at lines 212--212
[][] 
 []


Overfull \hbox (4.26732pt too wide) in paragraph at lines 212--212
[][] 
 []


pdfTeX warning (ext4): destination with the same identifier (name{ex.9}) has been already used, duplicate ignored
<to be read again> 
                   \relax 
l.217 	v
        ectơ chỉ phương của đường thẳng vuông góc với mặt...
Overfull \hbox (3.78441pt too wide) in paragraph at lines 223--223
[][] 
 []


Overfull \hbox (3.96068pt too wide) in paragraph at lines 223--223
[][] 
 []


Overfull \hbox (4.19017pt too wide) in paragraph at lines 223--223
[][] 
 []


Overfull \hbox (4.26732pt too wide) in paragraph at lines 223--223
[][] 
 []


pdfTeX warning (ext4): destination with the same identifier (name{ex.10}) has been already used, duplicate ignored
<to be read again> 
                   \relax 
l.232 	C
        ho hai mặt phẳng $(P): 3x-2y+2z-5=0$, $(Q): 4x+5y-z+1=0$. Các �...
Overfull \hbox (3.78441pt too wide) in paragraph at lines 238--238
[][] 
 []


Overfull \hbox (3.96068pt too wide) in paragraph at lines 238--238
[][] 
 []


Overfull \hbox (4.19017pt too wide) in paragraph at lines 238--238
[][] 
 []


Overfull \hbox (4.26732pt too wide) in paragraph at lines 238--238
[][] 
 []


Package hyperref Warning: Token not allowed in a PDF string (Unicode):
(hyperref)                removing `\char' on input line 244.


Package hyperref Warning: Token not allowed in a PDF string (Unicode):
(hyperref)                removing `\leavevmode@ifvmode' on input line 244.


Package hyperref Warning: Token not allowed in a PDF string (Unicode):
(hyperref)                \kern 1.66702pt
(hyperref)                removed on input line 244.


Package hyperref Warning: Token not allowed in a PDF string (Unicode):
(hyperref)                removing `\leavevmode@ifvmode' on input line 244.


Package hyperref Warning: Token not allowed in a PDF string (Unicode):
(hyperref)                \kern 1.66702pt
(hyperref)                removed on input line 244.


Package hyperref Warning: Token not allowed in a PDF string (Unicode):
(hyperref)                removing `math shift' on input line 244.


Package hyperref Warning: Token not allowed in a PDF string (Unicode):
(hyperref)                removing `math shift' on input line 244.

LaTeX Font Info:    Calculating math sizes for size <11> on input line 247.

LaTeX Font Warning: Font shape `OT1/cmr/m/n' in size <5.5> not available
(Font)              size <5> substituted on input line 247.


LaTeX Font Warning: Font shape `OML/cmm/m/it' in size <5.5> not available
(Font)              size <5> substituted on input line 247.


LaTeX Font Warning: Font shape `OMS/cmsy/m/n' in size <5.5> not available
(Font)              size <5> substituted on input line 247.


LaTeX Font Warning: Font shape `U/rsfs/m/n' in size <5.5> not available
(Font)              size <5> substituted on input line 247.


LaTeX Font Warning: Font shape `OT1/cmr/bx/n' in size <5.5> not available
(Font)              size <5> substituted on input line 247.


LaTeX Font Warning: Font shape `OML/cmm/b/it' in size <5.5> not available
(Font)              size <5> substituted on input line 247.


LaTeX Font Warning: Font shape `OMS/cmsy/b/n' in size <5.5> not available
(Font)              size <5> substituted on input line 247.


LaTeX Font Warning: Font shape `U/esvect/m/n' in size <5.5> not available
(Font)              size <5> substituted on input line 247.


pdfTeX warning (ext4): destination with the same identifier (name{subsubsection.0.15.2.1}) has been already used, duplicate ignored
<to be read again> 
                   \relax 
l.256 \viduminhhoa
                  
pdfTeX warning (ext4): destination with the same identifier (name{vd.1}) has been already used, duplicate ignored
<to be read again> 
                   \relax 
l.260 	L
        ập phương trình chính tắc của đường thẳng $d$ trong ... [50]
<images/2P5-B2-NguyenHuuTinh-H5-23.png, id=855, 275.22826pt x 193.9245pt>
File: images/2P5-B2-NguyenHuuTinh-H5-23.png Graphic file (type png)
<use images/2P5-B2-NguyenHuuTinh-H5-23.png>
Package pdftex.def Info: images/2P5-B2-NguyenHuuTinh-H5-23.png  used on input line 284.
(pdftex.def)             Requested size: 165.13823pt x 116.35558pt.

pdfTeX warning (ext4): destination with the same identifier (name{vd.2}) has been already used, duplicate ignored
<to be read again> 
                   \relax 
l.284 }
       
pdfTeX warning (ext4): destination with the same identifier (name{vd.3}) has been already used, duplicate ignored
<to be read again> 
                   \relax 
l.288 	T
        rong không gian $Oxyz$, Lập phương trình tham số và phươn...
pdfTeX warning (ext4): destination with the same identifier (name{vd.4}) has been already used, duplicate ignored
<to be read again> 
                   \relax 
l.314 	T
        rong không gian $Oxyz$, cho điểm $A(1;-2;0)$, mặt phẳng $(P)... [51 <./images/2P5-B2-NguyenHuuTinh-H5-23.png>]
pdfTeX warning (ext4): destination with the same identifier (name{vd.5}) has been already used, duplicate ignored
<to be read again> 
                   \relax 
l.329 	T
        rong Không gian với hệ tọa độ $Oxyz$, cho hai đường th...
pdfTeX warning (ext4): destination with the same identifier (name{subsubsection.0.15.2.2}) has been already used, duplicate ignored
<to be read again> 
                   \relax 
l.345 \baitaptn
               
pdfTeX warning (ext4): destination with the same identifier (name{ex.1}) has been already used, duplicate ignored
<to be read again> 
                   \relax 
l.349 	C
        ho đường thẳng $\Delta$ đi qua điểm $M\left(2;0;-1\right)$...
Overfull \hbox (3.78441pt too wide) in paragraph at lines 355--355
[][] 
 []


Overfull \hbox (3.96068pt too wide) in paragraph at lines 355--355
[][] 
 []


Overfull \hbox (4.19017pt too wide) in paragraph at lines 355--355
[][] 
 []


Overfull \hbox (4.26732pt too wide) in paragraph at lines 355--355
[][] 
 []


pdfTeX warning (ext4): destination with the same identifier (name{ex.2}) has been already used, duplicate ignored
<to be read again> 
                   \relax 
l.361 	C
        ho hai điểm $A(2;-1;3), B(3;2;-1)$. Phương trình nào sau đâ...
Overfull \hbox (3.78441pt too wide) in paragraph at lines 367--367
[][] 
 []


Overfull \hbox (3.96068pt too wide) in paragraph at lines 367--367
[][] 
 []


Overfull \hbox (4.19017pt too wide) in paragraph at lines 367--367
[][] 
 []


Overfull \hbox (4.26732pt too wide) in paragraph at lines 367--367
[][] 
 []


pdfTeX warning (ext4): destination with the same identifier (name{ex.3}) has been already used, duplicate ignored
<to be read again> 
                   \relax 
l.373 	C
        ho đường thẳng $\Delta: \dfrac{2x-1}{2}=\dfrac{y}{1}=\dfrac{z+...
Overfull \hbox (3.78441pt too wide) in paragraph at lines 379--379
[][] 
 []


Overfull \hbox (3.96068pt too wide) in paragraph at lines 379--379
[][] 
 []


Overfull \hbox (4.19017pt too wide) in paragraph at lines 379--379
[][] 
 []


Overfull \hbox (4.26732pt too wide) in paragraph at lines 379--379
[][] 
 []


pdfTeX warning (ext4): destination with the same identifier (name{ex.4}) has been already used, duplicate ignored
<to be read again> 
                   \relax 
l.385 	V
        iết phương trình đường thẳng đi qua điểm $N(2;-3;-5)$...
Overfull \hbox (3.78441pt too wide) in paragraph at lines 391--391
[][] 
 []


Overfull \hbox (3.96068pt too wide) in paragraph at lines 391--391
[][] 
 []

[52]
Overfull \hbox (4.19017pt too wide) in paragraph at lines 391--391
[][] 
 []


Overfull \hbox (4.26732pt too wide) in paragraph at lines 391--391
[][] 
 []


pdfTeX warning (ext4): destination with the same identifier (name{ex.5}) has been already used, duplicate ignored
<to be read again> 
                   \relax 
l.397 	C
        ho tam giác $ABC$ có $A(3;2;-4), B(4;1;1)$ và $C(2;6;-3).$ Viết...
Overfull \hbox (3.78441pt too wide) in paragraph at lines 403--403
[][] 
 []


Overfull \hbox (3.96068pt too wide) in paragraph at lines 403--403
[][] 
 []


Overfull \hbox (4.19017pt too wide) in paragraph at lines 403--403
[][] 
 []


Overfull \hbox (4.26732pt too wide) in paragraph at lines 403--403
[][] 
 []


pdfTeX warning (ext4): destination with the same identifier (name{ex.6}) has been already used, duplicate ignored
<to be read again> 
                   \relax 
l.409 	C
        ho hai điểm $A(1;-1;1)$ và $B(-1;2;3)$ và đường thẳng $\D...
Overfull \hbox (3.78441pt too wide) in paragraph at lines 415--415
[][] 
 []


Overfull \hbox (3.96068pt too wide) in paragraph at lines 415--415
[][] 
 []


Overfull \hbox (4.19017pt too wide) in paragraph at lines 415--415
[][] 
 []


Overfull \hbox (4.26732pt too wide) in paragraph at lines 415--415
[][] 
 []


pdfTeX warning (ext4): destination with the same identifier (name{ex.7}) has been already used, duplicate ignored
<to be read again> 
                   \relax 
l.423 	C
        ho điểm $A(1;2;3)$ và đường thẳng $d: \dfrac{x+1}{2}=\dfra...
Overfull \hbox (3.78441pt too wide) in paragraph at lines 429--429
[][] 
 []


Overfull \hbox (3.96068pt too wide) in paragraph at lines 429--429
[][] 
 []


Overfull \hbox (4.19017pt too wide) in paragraph at lines 429--429
[][] 
 []


Overfull \hbox (4.26732pt too wide) in paragraph at lines 429--429
[][] 
 []


pdfTeX warning (ext4): destination with the same identifier (name{ex.8}) has been already used, duplicate ignored
<to be read again> 
                   \relax 
l.435 	C
        ho hai đường thẳng $d_1: \dfrac{x-1}{1}=\dfrac{y+1}{2}=\dfrac{...
Overfull \hbox (3.78441pt too wide) in paragraph at lines 441--441
[][] 
 []


Overfull \hbox (3.96068pt too wide) in paragraph at lines 441--441
[][] 
 []


Overfull \hbox (4.19017pt too wide) in paragraph at lines 441--441
[][] 
 []


Overfull \hbox (4.26732pt too wide) in paragraph at lines 441--441
[][] 
 []


pdfTeX warning (ext4): destination with the same identifier (name{ex.9}) has been already used, duplicate ignored
<to be read again> 
                   \relax 
l.452 	C
        ho đường thẳng $\Delta$ đi qua $M(1;2;2)$, song song với m�...
Overfull \hbox (3.78441pt too wide) in paragraph at lines 460--460
[][] 
 []


Overfull \hbox (3.96068pt too wide) in paragraph at lines 460--460
[][] 
 []


Overfull \hbox (4.19017pt too wide) in paragraph at lines 460--460
[][] 
 []


Overfull \hbox (4.26732pt too wide) in paragraph at lines 460--460
[][] 
 []


pdfTeX warning (ext4): destination with the same identifier (name{ex.10}) has been already used, duplicate ignored
<to be read again> 
                   \relax 
l.471 	C
        ho đường thẳng $d: x=y=z$. Viết phương trình đường th...
Overfull \hbox (3.78441pt too wide) in paragraph at lines 477--477
[][] 
 []


Overfull \hbox (3.96068pt too wide) in paragraph at lines 477--477
[][] 
 []


Overfull \hbox (4.19017pt too wide) in paragraph at lines 477--477
[][] 
 []


Overfull \hbox (4.26732pt too wide) in paragraph at lines 477--477
[][] 
 []

[53]
pdfTeX warning (ext4): destination with the same identifier (name{ex.11}) has been already used, duplicate ignored
<to be read again> 
                   \relax 
l.483 	C
        ho đường thẳng $d:\dfrac{x+1}{2}=\dfrac{y}{1}=\dfrac{z-2}{1},$...
Overfull \hbox (3.78441pt too wide) in paragraph at lines 489--489
[][] 
 []


Overfull \hbox (3.96068pt too wide) in paragraph at lines 489--489
[][] 
 []


Overfull \hbox (4.19017pt too wide) in paragraph at lines 489--489
[][] 
 []


Overfull \hbox (4.26732pt too wide) in paragraph at lines 489--489
[][] 
 []


pdfTeX warning (ext4): destination with the same identifier (name{ex.12}) has been already used, duplicate ignored
<to be read again> 
                   \relax 
l.499 	T
        rong không gian $Oxyz$, đường vuông góc chung của hai đư�...
Overfull \hbox (3.78441pt too wide) in paragraph at lines 505--505
[][] 
 []


Overfull \hbox (3.96068pt too wide) in paragraph at lines 505--505
[][] 
 []


Overfull \hbox (4.19017pt too wide) in paragraph at lines 505--505
[][] 
 []


Overfull \hbox (4.26732pt too wide) in paragraph at lines 505--505
[][] 
 []


Package hyperref Warning: Token not allowed in a PDF string (Unicode):
(hyperref)                removing `\char' on input line 515.


Package hyperref Warning: Token not allowed in a PDF string (Unicode):
(hyperref)                removing `\leavevmode@ifvmode' on input line 515.


Package hyperref Warning: Token not allowed in a PDF string (Unicode):
(hyperref)                \kern 1.66702pt
(hyperref)                removed on input line 515.


Package hyperref Warning: Token not allowed in a PDF string (Unicode):
(hyperref)                removing `\leavevmode@ifvmode' on input line 515.


Package hyperref Warning: Token not allowed in a PDF string (Unicode):
(hyperref)                \kern 1.66702pt
(hyperref)                removed on input line 515.


pdfTeX warning (ext4): destination with the same identifier (name{subsubsection.0.15.2.1}) has been already used, duplicate ignored
<to be read again> 
                   \relax 
l.525 \viduminhhoa
                  
<images/12-SGK-CTST-5-2-13.png, id=872, 335.2525pt x 534.99875pt>
File: images/12-SGK-CTST-5-2-13.png Graphic file (type png)
<use images/12-SGK-CTST-5-2-13.png>
Package pdftex.def Info: images/12-SGK-CTST-5-2-13.png  used on input line 535.
(pdftex.def)             Requested size: 100.57652pt x 160.50085pt.

pdfTeX warning (ext4): destination with the same identifier (name{vd.1}) has been already used, duplicate ignored
<to be read again> 
                   \relax 
l.535 	}
         [54 <./images/12-SGK-CTST-5-2-13.png>]
pdfTeX warning (ext4): destination with the same identifier (name{vd.1}) has been already used, duplicate ignored
<to be read again> 
                   \relax 
l.551 	T
        rong khôn gian $Oxyz$, xét vị trí tương đối giữa hai đ�...
pdfTeX warning (ext4): destination with the same identifier (name{subsubsection.0.15.2.2}) has been already used, duplicate ignored
<to be read again> 
                   \relax 
l.576 \baitaptn
               
pdfTeX warning (ext4): destination with the same identifier (name{ex.1}) has been already used, duplicate ignored
<to be read again> 
                   \relax 
l.580 	C
        ho hai đường thẳng $d\colon \heva{&x=1+t \\& y=2 t \\& z=2-t} ...
Overfull \hbox (3.78441pt too wide) in paragraph at lines 586--586
[][] 
 []


Overfull \hbox (3.96068pt too wide) in paragraph at lines 586--586
[][] 
 []


Overfull \hbox (4.19017pt too wide) in paragraph at lines 586--586
[][] 
 []


Overfull \hbox (4.26732pt too wide) in paragraph at lines 586--586
[][] 
 []

[55]
pdfTeX warning (ext4): destination with the same identifier (name{ex.2}) has been already used, duplicate ignored
<to be read again> 
                   \relax 
l.596 	C
        ho hai đường thẳng $d_1 \colon \dfrac{x-1}{1}=\dfrac{y+3}{-2}=...
Overfull \hbox (3.78441pt too wide) in paragraph at lines 602--602
[][] 
 []


Overfull \hbox (3.96068pt too wide) in paragraph at lines 602--602
[][] 
 []


Overfull \hbox (4.19017pt too wide) in paragraph at lines 602--602
[][] 
 []


Overfull \hbox (4.26732pt too wide) in paragraph at lines 602--602
[][] 
 []


pdfTeX warning (ext4): destination with the same identifier (name{ex.3}) has been already used, duplicate ignored
<to be read again> 
                   \relax 
l.612 	C
        ho hai đường thẳng $d_1\colon\heva{&x=1-2t\\&y=1+t\\&z=1-t}$ v...
Overfull \hbox (3.78441pt too wide) in paragraph at lines 618--618
[][] 
 []


Overfull \hbox (3.96068pt too wide) in paragraph at lines 618--618
[][] 
 []


Overfull \hbox (4.19017pt too wide) in paragraph at lines 618--618
[][] 
 []


Overfull \hbox (4.26732pt too wide) in paragraph at lines 618--618
[][] 
 []


pdfTeX warning (ext4): destination with the same identifier (name{ex.4}) has been already used, duplicate ignored
<to be read again> 
                   \relax 
l.626 	V
        ị trí tương đối của hai đường thẳng $\Delta _1 \colo...
Overfull \hbox (3.78441pt too wide) in paragraph at lines 632--632
[][] 
 []


Overfull \hbox (3.96068pt too wide) in paragraph at lines 632--632
[][] 
 []


Overfull \hbox (4.19017pt too wide) in paragraph at lines 632--632
[][] 
 []


Overfull \hbox (4.26732pt too wide) in paragraph at lines 632--632
[][] 
 []


pdfTeX warning (ext4): destination with the same identifier (name{ex.5}) has been already used, duplicate ignored
<to be read again> 
                   \relax 
l.640 	C
        ho hai đường thẳng $d_1:\dfrac{x+1}{2}=\dfrac{y-1}{-m}=\dfrac{...
Overfull \hbox (3.78441pt too wide) in paragraph at lines 646--646
[][] 
 []


Overfull \hbox (3.96068pt too wide) in paragraph at lines 646--646
[][] 
 []


Overfull \hbox (4.19017pt too wide) in paragraph at lines 646--646
[][] 
 []


Overfull \hbox (4.26732pt too wide) in paragraph at lines 646--646
[][] 
 []


pdfTeX warning (ext4): destination with the same identifier (name{ex.6}) has been already used, duplicate ignored
<to be read again> 
                   \relax 
l.652 	C
        ho hai đường thẳng $\Delta_1\colon \dfrac{x-1}{2}=\dfrac{y-2}{...
Overfull \hbox (3.78441pt too wide) in paragraph at lines 658--658
[][] 
 []


Overfull \hbox (3.96068pt too wide) in paragraph at lines 658--658
[][] 
 []


Overfull \hbox (4.19017pt too wide) in paragraph at lines 658--658
[][] 
 []


Overfull \hbox (4.26732pt too wide) in paragraph at lines 658--658
[][] 
 []


pdfTeX warning (ext4): destination with the same identifier (name{ex.7}) has been already used, duplicate ignored
<to be read again> 
                   \relax 
l.665 	C
        ho hai đường thẳng $d_1\colon\heva{
Overfull \hbox (3.78441pt too wide) in paragraph at lines 673--673
[][] 
 []


Overfull \hbox (3.96068pt too wide) in paragraph at lines 673--673
[][] 
 []


Overfull \hbox (4.19017pt too wide) in paragraph at lines 673--673
[][] 
 []


Overfull \hbox (4.26732pt too wide) in paragraph at lines 673--673
[][] 
 []


pdfTeX warning (ext4): destination with the same identifier (name{ex.8}) has been already used, duplicate ignored
<to be read again> 
                   \relax 
l.680 	C
        ho hai đường thẳng $d: \left \lbrace \begin{aligned} &x=1+mt\\... [56]
Overfull \hbox (3.78441pt too wide) in paragraph at lines 686--686
[][] 
 []


Overfull \hbox (3.96068pt too wide) in paragraph at lines 686--686
[][] 
 []


Overfull \hbox (4.19017pt too wide) in paragraph at lines 686--686
[][] 
 []


Overfull \hbox (4.26732pt too wide) in paragraph at lines 686--686
[][] 
 []


Package hyperref Warning: Token not allowed in a PDF string (Unicode):
(hyperref)                removing `\char' on input line 693.


Package hyperref Warning: Token not allowed in a PDF string (Unicode):
(hyperref)                removing `\leavevmode@ifvmode' on input line 693.


Package hyperref Warning: Token not allowed in a PDF string (Unicode):
(hyperref)                \kern 1.66702pt
(hyperref)                removed on input line 693.


Package hyperref Warning: Token not allowed in a PDF string (Unicode):
(hyperref)                removing `\leavevmode@ifvmode' on input line 693.


Package hyperref Warning: Token not allowed in a PDF string (Unicode):
(hyperref)                \kern 1.66702pt
(hyperref)                removed on input line 693.


pdfTeX warning (ext4): destination with the same identifier (name{subsubsection.0.15.2.1}) has been already used, duplicate ignored
<to be read again> 
                   \relax 
l.708 \viduminhhoa
                  
pdfTeX warning (ext4): destination with the same identifier (name{vd.1}) has been already used, duplicate ignored
<to be read again> 
                   \relax 
l.712 	X
        ét vị trí tương đối giữa đường thẳng và mặt ph�...
pdfTeX warning (ext4): destination with the same identifier (name{vd.2}) has been already used, duplicate ignored
<to be read again> 
                   \relax 
l.731 	T
        ìm điều kiện của tham số $m$ để [57]
pdfTeX warning (ext4): destination with the same identifier (name{subsubsection.0.15.2.2}) has been already used, duplicate ignored
<to be read again> 
                   \relax 
l.747 \baitaptn
               
pdfTeX warning (ext4): destination with the same identifier (name{ex.1}) has been already used, duplicate ignored
<to be read again> 
                   \relax 
l.750 	C
        ho đường thẳng $d:\,\displaystyle\frac{x-1}{2}=\frac{y}{-2}=\d...
Overfull \hbox (3.78441pt too wide) in paragraph at lines 756--756
[][] 
 []


Overfull \hbox (3.96068pt too wide) in paragraph at lines 756--756
[][] 
 []


Overfull \hbox (4.19017pt too wide) in paragraph at lines 756--756
[][] 
 []


Overfull \hbox (4.26732pt too wide) in paragraph at lines 756--756
[][] 
 []


pdfTeX warning (ext4): destination with the same identifier (name{ex.2}) has been already used, duplicate ignored
<to be read again> 
                   \relax 
l.762 	C
        ho đường thẳng $d: \dfrac{x-1}{-1}=\dfrac{y+3}{2}=\dfrac{z-3}{...
Overfull \hbox (3.78441pt too wide) in paragraph at lines 768--768
[][] 
 []


Overfull \hbox (3.96068pt too wide) in paragraph at lines 768--768
[][] 
 []


Overfull \hbox (4.19017pt too wide) in paragraph at lines 768--768
[][] 
 []


Overfull \hbox (4.26732pt too wide) in paragraph at lines 768--768
[][] 
 []


pdfTeX warning (ext4): destination with the same identifier (name{ex.3}) has been already used, duplicate ignored
<to be read again> 
                   \relax 
l.773 	C
        ho mặt phẳng $(\alpha)\colon x+2y+3z-6=0$ và đường thẳng ...
Overfull \hbox (3.78441pt too wide) in paragraph at lines 779--779
[][] 
 []


Overfull \hbox (3.96068pt too wide) in paragraph at lines 779--779
[][] 
 []


Overfull \hbox (4.19017pt too wide) in paragraph at lines 779--779
[][] 
 []


Overfull \hbox (4.26732pt too wide) in paragraph at lines 779--779
[][] 
 []


pdfTeX warning (ext4): destination with the same identifier (name{ex.4}) has been already used, duplicate ignored
<to be read again> 
                   \relax 
l.788 	C
        ho đường thẳng $d:\dfrac{x-1}{1}=\dfrac{y-1}{4}=\dfrac{z-m}{-1...
Overfull \hbox (3.78441pt too wide) in paragraph at lines 790--790
[][] 
 []


Overfull \hbox (3.96068pt too wide) in paragraph at lines 790--790
[][] 
 []


Overfull \hbox (4.19017pt too wide) in paragraph at lines 790--790
[][] 
 []


Overfull \hbox (4.26732pt too wide) in paragraph at lines 790--790
[][] 
 []


pdfTeX warning (ext4): destination with the same identifier (name{ex.5}) has been already used, duplicate ignored
<to be read again> 
                   \relax 
l.796 	C
        ho mặt phẳng $(\alpha): x+y+z-6=0$ và đường thẳng $\Delta...
Overfull \hbox (3.78441pt too wide) in paragraph at lines 801--801
[][] 
 []


Overfull \hbox (3.96068pt too wide) in paragraph at lines 801--801
[][] 
 []


Overfull \hbox (4.19017pt too wide) in paragraph at lines 801--801
[][] 
 []


Overfull \hbox (4.26732pt too wide) in paragraph at lines 801--801
[][] 
 []

[58]
pdfTeX warning (ext4): destination with the same identifier (name{ex.6}) has been already used, duplicate ignored
<to be read again> 
                   \relax 
l.806 	C
        ho đường thẳng $d\colon \dfrac{x-1}{2}=\dfrac{y+2}{-1}=\dfrac{...
Overfull \hbox (3.78441pt too wide) in paragraph at lines 812--812
[][] 
 []


Overfull \hbox (3.96068pt too wide) in paragraph at lines 812--812
[][] 
 []


Overfull \hbox (4.19017pt too wide) in paragraph at lines 812--812
[][] 
 []


Overfull \hbox (4.26732pt too wide) in paragraph at lines 812--812
[][] 
 []


pdfTeX warning (ext4): destination with the same identifier (name{ex.7}) has been already used, duplicate ignored
<to be read again> 
                   \relax 
l.820 	C
        ho đường thẳng $d\colon\heva{&x=3+2t\\&y=5-3mt\\&z=-1+t.}$ và...
Overfull \hbox (3.78441pt too wide) in paragraph at lines 826--826
[][] 
 []


Overfull \hbox (3.96068pt too wide) in paragraph at lines 826--826
[][] 
 []


Overfull \hbox (4.19017pt too wide) in paragraph at lines 826--826
[][] 
 []


Overfull \hbox (4.26732pt too wide) in paragraph at lines 826--826
[][] 
 []


pdfTeX warning (ext4): destination with the same identifier (name{ex.8}) has been already used, duplicate ignored
<to be read again> 
                   \relax 
l.836 	C
        ho điểm $A(1;2;3)$ và đường thẳng $d\colon\dfrac{x-2}{2}=\...
Overfull \hbox (3.78441pt too wide) in paragraph at lines 842--842
[][] 
 []


Overfull \hbox (3.96068pt too wide) in paragraph at lines 842--842
[][] 
 []


Overfull \hbox (4.19017pt too wide) in paragraph at lines 842--842
[][] 
 []


Overfull \hbox (4.26732pt too wide) in paragraph at lines 842--842
[][] 
 []


pdfTeX warning (ext4): destination with the same identifier (name{ex.9}) has been already used, duplicate ignored
<to be read again> 
                   \relax 
l.851 	C
        ho hai đường thẳng chéo nhau  $d_1:\dfrac{x-2}{2}=\dfrac{y+2}...
Overfull \hbox (3.78441pt too wide) in paragraph at lines 857--857
[][] 
 []


Overfull \hbox (3.96068pt too wide) in paragraph at lines 857--857
[][] 
 []


Overfull \hbox (4.19017pt too wide) in paragraph at lines 857--857
[][] 
 []


Overfull \hbox (4.26732pt too wide) in paragraph at lines 857--857
[][] 
 []


pdfTeX warning (ext4): destination with the same identifier (name{ex.10}) has been already used, duplicate ignored
<to be read again> 
                   \relax 
l.867 	C
        ho hai đường thẳng $ d_1 \colon \dfrac{x-1}{2}=\dfrac{y+1}{3}=...
Overfull \hbox (3.78441pt too wide) in paragraph at lines 873--873
[][] 
 []


Overfull \hbox (3.96068pt too wide) in paragraph at lines 873--873
[][] 
 []


Overfull \hbox (4.19017pt too wide) in paragraph at lines 873--873
[][] 
 []


Overfull \hbox (4.26732pt too wide) in paragraph at lines 873--873
[][] 
 []


Package hyperref Warning: Token not allowed in a PDF string (Unicode):
(hyperref)                removing `\char' on input line 881.


Package hyperref Warning: Token not allowed in a PDF string (Unicode):
(hyperref)                removing `\leavevmode@ifvmode' on input line 881.


Package hyperref Warning: Token not allowed in a PDF string (Unicode):
(hyperref)                \kern 1.66702pt
(hyperref)                removed on input line 881.


Package hyperref Warning: Token not allowed in a PDF string (Unicode):
(hyperref)                removing `\leavevmode@ifvmode' on input line 881.


Package hyperref Warning: Token not allowed in a PDF string (Unicode):
(hyperref)                \kern 1.66702pt
(hyperref)                removed on input line 881.


LaTeX Warning: The counter will not be printed.
             The label is: \iconCH  on input line 882.

[59]
pdfTeX warning (ext4): destination with the same identifier (name{subsubsection.0.15.2.1}) has been already used, duplicate ignored
<to be read again> 
                   \relax 
l.928 \viduminhhoa
                  
pdfTeX warning (ext4): destination with the same identifier (name{vd.1}) has been already used, duplicate ignored
<to be read again> 
                   \relax 
l.932 	T
        rong hệ tọa độ $Oxyz$, cho điểm $M(2;-3;1)$ và đường ...
pdfTeX warning (ext4): destination with the same identifier (name{vd.2}) has been already used, duplicate ignored
<to be read again> 
                   \relax 
l.946 	T
        rong không gian với hệ tọa độ $Oxyz$, cho điểm $M(2;7;-...
pdfTeX warning (ext4): destination with the same identifier (name{subsubsection.0.15.2.2}) has been already used, duplicate ignored
<to be read again> 
                   \relax 
l.960 \baitaptn
               
pdfTeX warning (ext4): destination with the same identifier (name{ex.1}) has been already used, duplicate ignored
<to be read again> 
                   \relax 
l.964 	H
        ình chiếu vuông góc của điểm $A(3;-4;5)$ trên mặt phẳ... [60]
Overfull \hbox (3.78441pt too wide) in paragraph at lines 970--970
[][] 
 []


Overfull \hbox (3.96068pt too wide) in paragraph at lines 970--970
[][] 
 []


Overfull \hbox (4.19017pt too wide) in paragraph at lines 970--970
[][] 
 []


Overfull \hbox (4.26732pt too wide) in paragraph at lines 970--970
[][] 
 []


pdfTeX warning (ext4): destination with the same identifier (name{ex.2}) has been already used, duplicate ignored
<to be read again> 
                   \relax 
l.975 	H
        ình chiếu vuông góc của điểm $A(1;2;3)$ trên mặt phẳn...
Overfull \hbox (3.78441pt too wide) in paragraph at lines 981--981
[][] 
 []


Overfull \hbox (3.96068pt too wide) in paragraph at lines 981--981
[][] 
 []


Overfull \hbox (4.19017pt too wide) in paragraph at lines 981--981
[][] 
 []


Overfull \hbox (4.26732pt too wide) in paragraph at lines 981--981
[][] 
 []


pdfTeX warning (ext4): destination with the same identifier (name{ex.3}) has been already used, duplicate ignored
<to be read again> 
                   \relax 
l.988 	H
        ình chiếu vuông góc của điểm $M(2;1;-3)$ lên mặt phẳn...
Overfull \hbox (3.78441pt too wide) in paragraph at lines 994--994
[][] 
 []


Overfull \hbox (3.96068pt too wide) in paragraph at lines 994--994
[][] 
 []


Overfull \hbox (4.19017pt too wide) in paragraph at lines 994--994
[][] 
 []


Overfull \hbox (4.26732pt too wide) in paragraph at lines 994--994
[][] 
 []


pdfTeX warning (ext4): destination with the same identifier (name{ex.4}) has been already used, duplicate ignored
<to be read again> 
                   \relax 
l.1000 	H
         ình chiếu vuông góc của điểm $A(3;2;1)$ trên trục $Ox$...
Overfull \hbox (3.78441pt too wide) in paragraph at lines 1006--1006
[][] 
 []


Overfull \hbox (3.96068pt too wide) in paragraph at lines 1006--1006
[][] 
 []


Overfull \hbox (4.19017pt too wide) in paragraph at lines 1006--1006
[][] 
 []


Overfull \hbox (4.26732pt too wide) in paragraph at lines 1006--1006
[][] 
 []


pdfTeX warning (ext4): destination with the same identifier (name{ex.5}) has been already used, duplicate ignored
<to be read again> 
                   \relax 
l.1012 	H
         ình chiếu của điểm $M(2;3;-2)$ trên trục $Oy$ có tọa ...
Overfull \hbox (3.78441pt too wide) in paragraph at lines 1018--1018
[][] 
 []


Overfull \hbox (3.96068pt too wide) in paragraph at lines 1018--1018
[][] 
 []


Overfull \hbox (4.19017pt too wide) in paragraph at lines 1018--1018
[][] 
 []


Overfull \hbox (4.26732pt too wide) in paragraph at lines 1018--1018
[][] 
 []


pdfTeX warning (ext4): destination with the same identifier (name{ex.6}) has been already used, duplicate ignored
<to be read again> 
                   \relax 
l.1024 	C
         ho điểm $M(3;2;-1)$, điểm $M'(a;b;c)$ đối xứng của M q...
Overfull \hbox (3.78441pt too wide) in paragraph at lines 1030--1030
[][] 
 []


Overfull \hbox (3.96068pt too wide) in paragraph at lines 1030--1030
[][] 
 []


Overfull \hbox (4.19017pt too wide) in paragraph at lines 1030--1030
[][] 
 []


Overfull \hbox (4.26732pt too wide) in paragraph at lines 1030--1030
[][] 
 []


pdfTeX warning (ext4): destination with the same identifier (name{ex.7}) has been already used, duplicate ignored
<to be read again> 
                   \relax 
l.1036 	Đ
          iểm đối xứng với điểm $A(-2;7;5)$ qua mặt phẳng $(...
Overfull \hbox (3.78441pt too wide) in paragraph at lines 1042--1042
[][] 
 []


Overfull \hbox (3.96068pt too wide) in paragraph at lines 1042--1042
[][] 
 []


Overfull \hbox (4.19017pt too wide) in paragraph at lines 1042--1042
[][] 
 []


Overfull \hbox (4.26732pt too wide) in paragraph at lines 1042--1042
[][] 
 []


pdfTeX warning (ext4): destination with the same identifier (name{ex.8}) has been already used, duplicate ignored
<to be read again> 
                   \relax 
l.1049 	T
         ọa độ hình chiếu vuông góc của điểm $A(2; -1; 0)$ l�...
Overfull \hbox (3.78441pt too wide) in paragraph at lines 1055--1055
[][] 
 []


Overfull \hbox (3.96068pt too wide) in paragraph at lines 1055--1055
[][] 
 []


Overfull \hbox (4.19017pt too wide) in paragraph at lines 1055--1055
[][] 
 []


Overfull \hbox (4.26732pt too wide) in paragraph at lines 1055--1055
[][] 
 []


pdfTeX warning (ext4): destination with the same identifier (name{ex.9}) has been already used, duplicate ignored
<to be read again> 
                   \relax 
l.1062 	G
         ọi hình chiếu vuông góc của điểm $A(3; -1; -4)$ lên m�...
Overfull \hbox (3.78441pt too wide) in paragraph at lines 1069--1069
[][] 
 []


Overfull \hbox (3.96068pt too wide) in paragraph at lines 1069--1069
[][] 
 []


Overfull \hbox (4.19017pt too wide) in paragraph at lines 1069--1069
[][] 
 []


Overfull \hbox (4.26732pt too wide) in paragraph at lines 1069--1069
[][] 
 []


pdfTeX warning (ext4): destination with the same identifier (name{ex.10}) has been already used, duplicate ignored
<to be read again> 
                   \relax 
l.1081 	C
         ho mặt phẳng $(P): 2x+2y-z+9=0$ và điểm $A(-7; -6; 1)$. Tì...
Overfull \hbox (3.78441pt too wide) in paragraph at lines 1087--1087
[][] 
 []


Overfull \hbox (3.96068pt too wide) in paragraph at lines 1087--1087
[][] 
 []


Overfull \hbox (4.19017pt too wide) in paragraph at lines 1087--1087
[][] 
 []


Overfull \hbox (4.26732pt too wide) in paragraph at lines 1087--1087
[][] 
 []

[61]
pdfTeX warning (ext4): destination with the same identifier (name{ex.11}) has been already used, duplicate ignored
<to be read again> 
                   \relax 
l.1103 	C
         ho điểm $A\left(4; - 3; 2\right)$ và đường thẳng $d: \dfr...
Overfull \hbox (3.78441pt too wide) in paragraph at lines 1109--1109
[][] 
 []


Overfull \hbox (3.96068pt too wide) in paragraph at lines 1109--1109
[][] 
 []


Overfull \hbox (4.19017pt too wide) in paragraph at lines 1109--1109
[][] 
 []


Overfull \hbox (4.26732pt too wide) in paragraph at lines 1109--1109
[][] 
 []


pdfTeX warning (ext4): destination with the same identifier (name{ex.12}) has been already used, duplicate ignored
<to be read again> 
                   \relax 
l.1121 	C
         ho đường thẳng $d \colon \dfrac{x-1}{2}=\dfrac{y+1}{1}=\dfrac...
Overfull \hbox (3.78441pt too wide) in paragraph at lines 1127--1127
[][] 
 []


Overfull \hbox (3.96068pt too wide) in paragraph at lines 1127--1127
[][] 
 []


Overfull \hbox (4.19017pt too wide) in paragraph at lines 1127--1127
[][] 
 []


Overfull \hbox (4.26732pt too wide) in paragraph at lines 1127--1127
[][] 
 []


pdfTeX warning (ext4): destination with the same identifier (name{ex.13}) has been already used, duplicate ignored
<to be read again> 
                   \relax 
l.1143 	C
         ho điểm $M\left(1; 2; - 6\right)$ và đường thẳng $d: \hev...
Overfull \hbox (3.78441pt too wide) in paragraph at lines 1149--1149
[][] 
 []


Overfull \hbox (3.96068pt too wide) in paragraph at lines 1149--1149
[][] 
 []


Overfull \hbox (4.19017pt too wide) in paragraph at lines 1149--1149
[][] 
 []


Overfull \hbox (4.26732pt too wide) in paragraph at lines 1149--1149
[][] 
 []


pdfTeX warning (ext4): destination with the same identifier (name{ex.14}) has been already used, duplicate ignored
<to be read again> 
                   \relax 
l.1163 	C
         ho đường thẳng $\Delta: \dfrac{x}{2}=\dfrac{y+1}{1}=\dfrac{z-...
Overfull \hbox (3.78441pt too wide) in paragraph at lines 1169--1169
[][] 
 []


Overfull \hbox (3.96068pt too wide) in paragraph at lines 1169--1169
[][] 
 []


Overfull \hbox (4.19017pt too wide) in paragraph at lines 1169--1169
[][] 
 []


Overfull \hbox (4.26732pt too wide) in paragraph at lines 1169--1169
[][] 
 []


pdfTeX warning (ext4): destination with the same identifier (name{ex.15}) has been already used, duplicate ignored
<to be read again> 
                   \relax 
l.1188 	C
         ho ba điểm $A(0;-2;-1)$, $B(-2;-4;3)$, $C(1;3;-1)$ và mặt ph�...
Overfull \hbox (3.78441pt too wide) in paragraph at lines 1194--1194
[][] 
 []


Overfull \hbox (3.96068pt too wide) in paragraph at lines 1194--1194
[][] 
 []


Overfull \hbox (4.19017pt too wide) in paragraph at lines 1194--1194
[][] 
 []


Overfull \hbox (4.26732pt too wide) in paragraph at lines 1194--1194
[][] 
 []

) (data/12/2H5/2H5-TNB2.tex
Output from handle ans going to ans/B2-De2-1.tex
\openout9 = `ans/B2-De2-1.tex'.


pdfTeX warning (ext4): destination with the same identifier (name{ex.1}) has been already used, duplicate ignored
<to be read again> 
                   \relax 
l.6 	T
      rong không gian với hệ trục tọa độ $O x y z$, cho hai đi�...
Overfull \hbox (3.78441pt too wide) in paragraph at lines 12--12
[][] 
 []


Overfull \hbox (3.96068pt too wide) in paragraph at lines 12--12
[][] 
 []


Overfull \hbox (4.19017pt too wide) in paragraph at lines 12--12
[][] 
 []


Overfull \hbox (4.26732pt too wide) in paragraph at lines 12--12
[][] 
 []


pdfTeX warning (ext4): destination with the same identifier (name{ex.2}) has been already used, duplicate ignored
<to be read again> 
                   \relax 
l.18 	Đ
        ường thẳng $(\Delta)\colon \dfrac{x-1}{2}=\dfrac{y+2}{1}=\dfrac...
Overfull \hbox (3.78441pt too wide) in paragraph at lines 24--24
[][] 
 []


Overfull \hbox (3.96068pt too wide) in paragraph at lines 24--24
[][] 
 []


Overfull \hbox (4.19017pt too wide) in paragraph at lines 24--24
[][] 
 []


Overfull \hbox (4.26732pt too wide) in paragraph at lines 24--24
[][] 
 []


pdfTeX warning (ext4): destination with the same identifier (name{ex.3}) has been already used, duplicate ignored
<to be read again> 
                   \relax 
l.31 	C
       ho đường thẳng $\Delta$ đi qua điểm $M(2 ; 0 ;-1)$ và có ... [62]
Overfull \hbox (3.78441pt too wide) in paragraph at lines 37--37
[][] 
 []


Overfull \hbox (3.96068pt too wide) in paragraph at lines 37--37
[][] 
 []


Overfull \hbox (4.19017pt too wide) in paragraph at lines 37--37
[][] 
 []


Overfull \hbox (4.26732pt too wide) in paragraph at lines 37--37
[][] 
 []


pdfTeX warning (ext4): destination with the same identifier (name{ex.4}) has been already used, duplicate ignored
<to be read again> 
                   \relax 
l.44 	T
       rong không gian $Oxyz$, cho đường thẳng $d\colon \dfrac{x-1}{2...
Overfull \hbox (3.78441pt too wide) in paragraph at lines 50--50
[][] 
 []


Overfull \hbox (3.96068pt too wide) in paragraph at lines 50--50
[][] 
 []


Overfull \hbox (4.19017pt too wide) in paragraph at lines 50--50
[][] 
 []


Overfull \hbox (4.26732pt too wide) in paragraph at lines 50--50
[][] 
 []


pdfTeX warning (ext4): destination with the same identifier (name{ex.5}) has been already used, duplicate ignored
<to be read again> 
                   \relax 
l.57 	T
       rong không gian với hệ trục tọa độ $O x y z$, cho mặt p...
Overfull \hbox (3.78441pt too wide) in paragraph at lines 63--63
[][] 
 []


Overfull \hbox (3.96068pt too wide) in paragraph at lines 63--63
[][] 
 []


Overfull \hbox (4.19017pt too wide) in paragraph at lines 63--63
[][] 
 []


Overfull \hbox (4.26732pt too wide) in paragraph at lines 63--63
[][] 
 []


pdfTeX warning (ext4): destination with the same identifier (name{ex.6}) has been already used, duplicate ignored
<to be read again> 
                   \relax 
l.71 	T
       rong không gian với hệ trục tọa độ $O x y z$, cho hai đ�...
Overfull \hbox (3.78441pt too wide) in paragraph at lines 77--77
[][] 
 []


Overfull \hbox (3.96068pt too wide) in paragraph at lines 77--77
[][] 
 []


Overfull \hbox (4.19017pt too wide) in paragraph at lines 77--77
[][] 
 []


Overfull \hbox (4.26732pt too wide) in paragraph at lines 77--77
[][] 
 []


pdfTeX warning (ext4): destination with the same identifier (name{ex.7}) has been already used, duplicate ignored
<to be read again> 
                   \relax 
l.87 	T
       rong không gian với hệ trục tọa độ $Oxyz$, vectơ nào d�...
Overfull \hbox (3.78441pt too wide) in paragraph at lines 93--93
[][] 
 []


Overfull \hbox (3.96068pt too wide) in paragraph at lines 93--93
[][] 
 []


Overfull \hbox (4.19017pt too wide) in paragraph at lines 93--93
[][] 
 []


Overfull \hbox (4.26732pt too wide) in paragraph at lines 93--93
[][] 
 []


pdfTeX warning (ext4): destination with the same identifier (name{ex.8}) has been already used, duplicate ignored
<to be read again> 
                   \relax 
l.99 	Đ
        ường thẳng $(\Delta)\colon \dfrac{x-1}{2}=\dfrac{y+2}{1}=\dfrac...
Overfull \hbox (3.78441pt too wide) in paragraph at lines 105--105
[][] 
 []


Overfull \hbox (3.96068pt too wide) in paragraph at lines 105--105
[][] 
 []


Overfull \hbox (4.19017pt too wide) in paragraph at lines 105--105
[][] 
 []


Overfull \hbox (4.26732pt too wide) in paragraph at lines 105--105
[][] 
 []


pdfTeX warning (ext4): destination with the same identifier (name{ex.9}) has been already used, duplicate ignored
<to be read again> 
                   \relax 
l.112 	Đ
         ường thẳng $d\colon \dfrac{x-1}{2}=\dfrac{y+1}{-1}=\dfrac{z+3}...
Overfull \hbox (3.78441pt too wide) in paragraph at lines 118--118
[][] 
 []


Overfull \hbox (3.96068pt too wide) in paragraph at lines 118--118
[][] 
 []


Overfull \hbox (4.19017pt too wide) in paragraph at lines 118--118
[][] 
 []


Overfull \hbox (4.26732pt too wide) in paragraph at lines 118--118
[][] 
 []


pdfTeX warning (ext4): destination with the same identifier (name{ex.10}) has been already used, duplicate ignored
<to be read again> 
                   \relax 
l.128 	T
        rong không gian với hệ trục tọa độ $Oxyz$, cho đường...
Overfull \hbox (3.78441pt too wide) in paragraph at lines 134--134
[][] 
 []


Overfull \hbox (3.96068pt too wide) in paragraph at lines 134--134
[][] 
 []


Overfull \hbox (4.19017pt too wide) in paragraph at lines 134--134
[][] 
 []


Overfull \hbox (4.26732pt too wide) in paragraph at lines 134--134
[][] 
 []


pdfTeX warning (ext4): destination with the same identifier (name{ex.11}) has been already used, duplicate ignored
<to be read again> 
                   \relax 
l.140 	C
        ho đường thẳng $d$ có phương trình tham số $\heva{&x=1+2...
Overfull \hbox (3.78441pt too wide) in paragraph at lines 146--146
[][] 
 []


Overfull \hbox (3.96068pt too wide) in paragraph at lines 146--146
[][] 
 []


Overfull \hbox (4.19017pt too wide) in paragraph at lines 146--146
[][] 
 []


Overfull \hbox (4.26732pt too wide) in paragraph at lines 146--146
[][] 
 []


pdfTeX warning (ext4): destination with the same identifier (name{ex.12}) has been already used, duplicate ignored
<to be read again> 
                   \relax 
l.154 	T
        rong không gian $O x y z$, cho đường thẳng $d\colon \dfrac{x+... [63]
Overfull \hbox (3.78441pt too wide) in paragraph at lines 160--160
[][] 
 []


Overfull \hbox (3.96068pt too wide) in paragraph at lines 160--160
[][] 
 []


Overfull \hbox (4.19017pt too wide) in paragraph at lines 160--160
[][] 
 []


Overfull \hbox (4.26732pt too wide) in paragraph at lines 160--160
[][] 
 []

Output from handle ans going to ans/B2-De2-2.tex
\openout9 = `ans/B2-De2-2.tex'.


pdfTeX warning (ext4): destination with the same identifier (name{ex.1}) has been already used, duplicate ignored
<to be read again> 
                   \relax 
l.180 	T
        rong không gian $O x y z$ cho đường thẳng $d$ có phương tr...
Overfull \hbox (1.18027pt too wide) in paragraph at lines 186--186
 []|\T5/cmr/bx/n/10 ^^^| 
 []


Overfull \hbox (1.27747pt too wide) in paragraph at lines 186--186
[]\T5/cmr/bx/n/10 a) 
 []


Overfull \hbox (2.07588pt too wide) in paragraph at lines 186--186
[]\T5/cmr/bx/n/10 b) 
 []


Overfull \hbox (0.79842pt too wide) in paragraph at lines 186--186
[]\T5/cmr/bx/n/10 c) 
 []


Overfull \hbox (2.07588pt too wide) in paragraph at lines 186--186
[]\T5/cmr/bx/n/10 d) 
 []


pdfTeX warning (ext4): destination with the same identifier (name{ex.2}) has been already used, duplicate ignored
<to be read again> 
                   \relax 
l.199 	T
        rong không gian $O x y z$ cho đường thẳng $d\colon \dfrac{x-1...
Overfull \hbox (1.18027pt too wide) in paragraph at lines 205--205
 []|\T5/cmr/bx/n/10 ^^^| 
 []


Overfull \hbox (1.27747pt too wide) in paragraph at lines 205--205
[]\T5/cmr/bx/n/10 a) 
 []


Overfull \hbox (2.07588pt too wide) in paragraph at lines 205--205
[]\T5/cmr/bx/n/10 b) 
 []


Overfull \hbox (0.79842pt too wide) in paragraph at lines 205--205
[]\T5/cmr/bx/n/10 c) 
 []


Overfull \hbox (2.07588pt too wide) in paragraph at lines 205--205
[]\T5/cmr/bx/n/10 d) 
 []


pdfTeX warning (ext4): destination with the same identifier (name{ex.3}) has been already used, duplicate ignored
<to be read again> 
                   \relax 
l.223 	T
        rong không gian $Oxyz$ cho đường thẳng $d$ có phương trìn...
Overfull \hbox (1.18027pt too wide) in paragraph at lines 229--229
 []|\T5/cmr/bx/n/10 ^^^| 
 []


Overfull \hbox (1.27747pt too wide) in paragraph at lines 229--229
[]\T5/cmr/bx/n/10 a) 
 []


Overfull \hbox (2.07588pt too wide) in paragraph at lines 229--229
[]\T5/cmr/bx/n/10 b) 
 []


Overfull \hbox (0.79842pt too wide) in paragraph at lines 229--229
[]\T5/cmr/bx/n/10 c) 
 []


Overfull \hbox (2.07588pt too wide) in paragraph at lines 229--229
[]\T5/cmr/bx/n/10 d) 
 []


pdfTeX warning (ext4): destination with the same identifier (name{ex.4}) has been already used, duplicate ignored
<to be read again> 
                   \relax 
l.241 	T
        rong không gian $O x y z$ cho đường thẳng $d$ có phương tr...
Overfull \hbox (1.18027pt too wide) in paragraph at lines 247--247
 []|\T5/cmr/bx/n/10 ^^^| 
 []


Overfull \hbox (1.27747pt too wide) in paragraph at lines 247--247
[]\T5/cmr/bx/n/10 a) 
 []


Overfull \hbox (2.07588pt too wide) in paragraph at lines 247--247
[]\T5/cmr/bx/n/10 b) 
 []


Overfull \hbox (0.79842pt too wide) in paragraph at lines 247--247
[]\T5/cmr/bx/n/10 c) 
 []


Overfull \hbox (2.07588pt too wide) in paragraph at lines 247--247
[]\T5/cmr/bx/n/10 d) 
 []

[64]
Output from handle ans going to ans/B2-De2-3.tex
\openout9 = `ans/B2-De2-3.tex'.


pdfTeX warning (ext4): destination with the same identifier (name{ex.1}) has been already used, duplicate ignored
<to be read again> 
                   \relax 
l.265 	T
        rong không gian $O x y z$, cho ba điểm $A(1 ;-2 ; 1),$ $ B(5 ; 0...
Underfull \hbox (badness 10000) in paragraph at lines 265--266

 []


pdfTeX warning (ext4): destination with the same identifier (name{ex.2}) has been already used, duplicate ignored
<to be read again> 
                   \relax 
l.283 	T
        rong không gian $O x y z$, một viên đạn được bắn ra t�...
Underfull \hbox (badness 10000) in paragraph at lines 283--284

 []


pdfTeX warning (ext4): destination with the same identifier (name{ex.3}) has been already used, duplicate ignored
<to be read again> 
                   \relax 
l.299 	T
        rong không gian với hệ trục tọa độ $O x y z$, cho điể...
Underfull \hbox (badness 10000) in paragraph at lines 299--300

 []


pdfTeX warning (ext4): destination with the same identifier (name{ex.4}) has been already used, duplicate ignored
<to be read again> 
                   \relax 
l.319 	H
        ình vẽ dưới đây là hình ảnh Cầu Cổng Vàng (The Gold...
<images/Cau-cong-vang.png, id=943, 519.44063pt x 433.62pt>
File: images/Cau-cong-vang.png Graphic file (type png)
<use images/Cau-cong-vang.png>
Package pdftex.def Info: images/Cau-cong-vang.png  used on input line 323.
(pdftex.def)             Requested size: 259.71968pt x 216.80946pt.

Underfull \hbox (badness 10000) in paragraph at lines 325--326

 []


pdfTeX warning (ext4): destination with the same identifier (name{ex.5}) has been already used, duplicate ignored
<to be read again> 
                   \relax 
l.335 	T
        rong không gian với hệ trục tọa độ $O x y z$, cho hai đ...
Underfull \hbox (badness 10000) in paragraph at lines 335--336

 []


pdfTeX warning (ext4): destination with the same identifier (name{ex.6}) has been already used, duplicate ignored
<to be read again> 
                   \relax 
l.347 	T
        rong không gian $O x y z$, cho điểm $A(1 ; 0 ; 2)$ và đường...
Underfull \hbox (badness 10000) in paragraph at lines 347--348

 []

[65 <./images/Cau-cong-vang.png>]) (data/12/2H5/2H5-B3.tex [66]

Package hyperref Warning: Token not allowed in a PDF string (Unicode):
(hyperref)                removing `\char' on input line 40.


Package hyperref Warning: Token not allowed in a PDF string (Unicode):
(hyperref)                removing `\leavevmode@ifvmode' on input line 40.


Package hyperref Warning: Token not allowed in a PDF string (Unicode):
(hyperref)                \kern 1.66702pt
(hyperref)                removed on input line 40.


Package hyperref Warning: Token not allowed in a PDF string (Unicode):
(hyperref)                removing `\leavevmode@ifvmode' on input line 40.


Package hyperref Warning: Token not allowed in a PDF string (Unicode):
(hyperref)                \kern 1.66702pt
(hyperref)                removed on input line 40.


pdfTeX warning (ext4): destination with the same identifier (name{vd.1}) has been already used, duplicate ignored
<to be read again> 
                   \relax 
l.49 	T
       rong không gian $Oxyz$, tính góc giữa hai mặt phẳng sau: [67]
pdfTeX warning (ext4): destination with the same identifier (name{vd.2}) has been already used, duplicate ignored
<to be read again> 
                   \relax 
l.69 	T
       rong không gian $Oxyz$, tính góc giữa hai đường thẳng sau:
pdfTeX warning (ext4): destination with the same identifier (name{vd.3}) has been already used, duplicate ignored
<to be read again> 
                   \relax 
l.87 	T
       rong không gian $Oxyz$, tính góc giữa đường thẳng và mặ... [68]
Output from handle ans going to ans/2H5-B3-d1.tex
\openout9 = `ans/2H5-B3-d1.tex'.


pdfTeX warning (ext4): destination with the same identifier (name{ex.1}) has been already used, duplicate ignored
<to be read again> 
                   \relax 
l.107 	C
        ho mặt phẳng $(P):x+2y-2z+3=0$, mặt phẳng $(Q):x-3y+5z-2=0$....
Overfull \hbox (3.78441pt too wide) in paragraph at lines 113--113
[][] 
 []


Overfull \hbox (3.96068pt too wide) in paragraph at lines 113--113
[][] 
 []


Overfull \hbox (4.19017pt too wide) in paragraph at lines 113--113
[][] 
 []


Overfull \hbox (4.26732pt too wide) in paragraph at lines 113--113
[][] 
 []


pdfTeX warning (ext4): destination with the same identifier (name{ex.2}) has been already used, duplicate ignored
<to be read again> 
                   \relax 
l.120 	G
        óc giữa hai mặt phẳng $(P):x+2y+z+4=0$ và $(Q):-x+y+2z+3=0$ ...
Overfull \hbox (3.78441pt too wide) in paragraph at lines 126--126
[][] 
 []


Overfull \hbox (3.96068pt too wide) in paragraph at lines 126--126
[][] 
 []


Overfull \hbox (4.19017pt too wide) in paragraph at lines 126--126
[][] 
 []


Overfull \hbox (4.26732pt too wide) in paragraph at lines 126--126
[][] 
 []


pdfTeX warning (ext4): destination with the same identifier (name{ex.3}) has been already used, duplicate ignored
<to be read again> 
                   \relax 
l.133 	T
        ính góc $\alpha$ giữa mặt $(P)\colon x+z-4=0$ và mặt phẳn...
Overfull \hbox (3.78441pt too wide) in paragraph at lines 139--139
[][] 
 []


Overfull \hbox (3.96068pt too wide) in paragraph at lines 139--139
[][] 
 []


Overfull \hbox (4.19017pt too wide) in paragraph at lines 139--139
[][] 
 []


Overfull \hbox (4.26732pt too wide) in paragraph at lines 139--139
[][] 
 []


pdfTeX warning (ext4): destination with the same identifier (name{ex.4}) has been already used, duplicate ignored
<to be read again> 
                   \relax 
l.147 	C
        ho điểm $H\left(2;1;2 \right)$, điểm $H$ là hình chiếu vu�...
Overfull \hbox (3.78441pt too wide) in paragraph at lines 153--153
[][] 
 []


Overfull \hbox (3.96068pt too wide) in paragraph at lines 153--153
[][] 
 []


Overfull \hbox (4.19017pt too wide) in paragraph at lines 153--153
[][] 
 []


Overfull \hbox (4.26732pt too wide) in paragraph at lines 153--153
[][] 
 []


pdfTeX warning (ext4): destination with the same identifier (name{ex.5}) has been already used, duplicate ignored
<to be read again> 
                   \relax 
l.167 	C
        ho hai đường thẳng $d_1\colon \dfrac{x}{-1}=\dfrac{y+1}{2}=\df...
Overfull \hbox (3.78441pt too wide) in paragraph at lines 174--174
[][] 
 []


Overfull \hbox (3.96068pt too wide) in paragraph at lines 174--174
[][] 
 []


Overfull \hbox (4.19017pt too wide) in paragraph at lines 174--174
[][] 
 []


Overfull \hbox (4.26732pt too wide) in paragraph at lines 174--174
[][] 
 []


pdfTeX warning (ext4): destination with the same identifier (name{ex.6}) has been already used, duplicate ignored
<to be read again> 
                   \relax 
l.181 	C
        ho đường thẳng $d_1\colon \dfrac{x}{-1}=\dfrac{y+1}{1}=\dfrac{...
Overfull \hbox (3.78441pt too wide) in paragraph at lines 187--187
[][] 
 []


Overfull \hbox (3.96068pt too wide) in paragraph at lines 187--187
[][] 
 []


Overfull \hbox (4.19017pt too wide) in paragraph at lines 187--187
[][] 
 []


Overfull \hbox (4.26732pt too wide) in paragraph at lines 187--187
[][] 
 []


pdfTeX warning (ext4): destination with the same identifier (name{ex.7}) has been already used, duplicate ignored
<to be read again> 
                   \relax 
l.194 	C
        ho đường thẳng $d$ là giao tuyến của hai mặt phẳng\\ ...
Overfull \hbox (3.78441pt too wide) in paragraph at lines 200--200
[][] 
 []


Overfull \hbox (3.96068pt too wide) in paragraph at lines 200--200
[][] 
 []


Overfull \hbox (4.19017pt too wide) in paragraph at lines 200--200
[][] 
 []


Overfull \hbox (4.26732pt too wide) in paragraph at lines 200--200
[][] 
 []


pdfTeX warning (ext4): destination with the same identifier (name{ex.8}) has been already used, duplicate ignored
<to be read again> 
                   \relax 
l.213 	C
        ho đường thẳng $d\colon \heva{& x=1-t \\ & y=2+2t \\ & z=3+t}$...
Overfull \hbox (3.78441pt too wide) in paragraph at lines 219--219
[][] 
 []


Overfull \hbox (3.96068pt too wide) in paragraph at lines 219--219
[][] 
 []


Overfull \hbox (4.19017pt too wide) in paragraph at lines 219--219
[][] 
 []


Overfull \hbox (4.26732pt too wide) in paragraph at lines 219--219
[][] 
 []


pdfTeX warning (ext4): destination with the same identifier (name{ex.9}) has been already used, duplicate ignored
<to be read again> 
                   \relax 
l.227 	C
        ho mặt phẳng $(P)\colon 3x+4y+5z-8=0$ và đường thẳng $d\c...
Overfull \hbox (3.78441pt too wide) in paragraph at lines 233--233
[][] 
 []


Overfull \hbox (3.96068pt too wide) in paragraph at lines 233--233
[][] 
 []


Overfull \hbox (4.19017pt too wide) in paragraph at lines 233--233
[][] 
 []


Overfull \hbox (4.26732pt too wide) in paragraph at lines 233--233
[][] 
 []


pdfTeX warning (ext4): destination with the same identifier (name{ex.10}) has been already used, duplicate ignored
<to be read again> 
                   \relax 
l.241 	C
        ho mặt phẳng $(P)\colon x+y-\sqrt{2}z+5=0$. Tính góc $\varphi$...
Overfull \hbox (3.78441pt too wide) in paragraph at lines 247--247
[][] 
 []


Overfull \hbox (3.96068pt too wide) in paragraph at lines 247--247
[][] 
 []


Overfull \hbox (4.19017pt too wide) in paragraph at lines 247--247
[][] 
 []


Overfull \hbox (4.26732pt too wide) in paragraph at lines 247--247
[][] 
 []


pdfTeX warning (ext4): destination with the same identifier (name{ex.11}) has been already used, duplicate ignored
<to be read again> 
                   \relax 
l.254 	C
        ho hai mặt phẳng $(P)\colon (m-1)x+y-2z+m=0$ và $(Q)\colon 2x-z...
Overfull \hbox (3.78441pt too wide) in paragraph at lines 260--260
[][] 
 []


Overfull \hbox (3.96068pt too wide) in paragraph at lines 260--260
[][] 
 []


Overfull \hbox (4.19017pt too wide) in paragraph at lines 260--260
[][] 
 []


Overfull \hbox (4.26732pt too wide) in paragraph at lines 260--260
[][] 
 []


pdfTeX warning (ext4): destination with the same identifier (name{ex.12}) has been already used, duplicate ignored
<to be read again> 
                   \relax 
l.266 	C
        ho mặt phẳng $(P) \colon x-3y+2z+1=0$ và $(Q) \colon (2m-1)x+m(...
Overfull \hbox (3.78441pt too wide) in paragraph at lines 272--272
[][] 
 []


Overfull \hbox (3.96068pt too wide) in paragraph at lines 272--272
[][] 
 []


Overfull \hbox (4.19017pt too wide) in paragraph at lines 272--272
[][] 
 []


Overfull \hbox (4.26732pt too wide) in paragraph at lines 272--272
[][] 
 []


pdfTeX warning (ext4): destination with the same identifier (name{ex.13}) has been already used, duplicate ignored
<to be read again> 
                   \relax 
l.282 	C
        ho hai mặt phẳng $ (P)\colon x+2y-z+2=0 $ và $ (Q) \colon x-my+... [69]
Overfull \hbox (3.78441pt too wide) in paragraph at lines 288--288
[][] 
 []


Overfull \hbox (3.96068pt too wide) in paragraph at lines 288--288
[][] 
 []


Overfull \hbox (4.19017pt too wide) in paragraph at lines 288--288
[][] 
 []


Overfull \hbox (4.26732pt too wide) in paragraph at lines 288--288
[][] 
 []


pdfTeX warning (ext4): destination with the same identifier (name{ex.14}) has been already used, duplicate ignored
<to be read again> 
                   \relax 
l.304 	H
        ãy tìm tham số thực $m$ để góc giữa hai đường thẳn...
Overfull \hbox (3.78441pt too wide) in paragraph at lines 311--311
[][] 
 []


Overfull \hbox (3.96068pt too wide) in paragraph at lines 311--311
[][] 
 []


Overfull \hbox (4.19017pt too wide) in paragraph at lines 311--311
[][] 
 []


Overfull \hbox (4.26732pt too wide) in paragraph at lines 311--311
[][] 
 []


pdfTeX warning (ext4): destination with the same identifier (name{ex.15}) has been already used, duplicate ignored
<to be read again> 
                   \relax 
l.323 	C
        ho các điểm $A(-1;\sqrt{3};0)$, $B(1;\sqrt{3};0)$, $C(0;0;\sqrt{...
Overfull \hbox (3.78441pt too wide) in paragraph at lines 329--329
[][] 
 []


Overfull \hbox (3.96068pt too wide) in paragraph at lines 329--329
[][] 
 []


Overfull \hbox (4.19017pt too wide) in paragraph at lines 329--329
[][] 
 []


Overfull \hbox (4.26732pt too wide) in paragraph at lines 329--329
[][] 
 []


Package hyperref Warning: Token not allowed in a PDF string (Unicode):
(hyperref)                removing `\char' on input line 351.


Package hyperref Warning: Token not allowed in a PDF string (Unicode):
(hyperref)                removing `\leavevmode@ifvmode' on input line 351.


Package hyperref Warning: Token not allowed in a PDF string (Unicode):
(hyperref)                \kern 1.66702pt
(hyperref)                removed on input line 351.


Package hyperref Warning: Token not allowed in a PDF string (Unicode):
(hyperref)                removing `\leavevmode@ifvmode' on input line 351.


Package hyperref Warning: Token not allowed in a PDF string (Unicode):
(hyperref)                \kern 1.66702pt
(hyperref)                removed on input line 351.


pdfTeX warning (ext4): destination with the same identifier (name{subsubsection.0.16.2.1}) has been already used, duplicate ignored
<to be read again> 
                   \relax 
l.354 \viduminhhoa
                  
pdfTeX warning (ext4): destination with the same identifier (name{vd.1}) has been already used, duplicate ignored
<to be read again> 
                   \relax 
l.358 	C
        ho hình lăng trụ đứng $OBC.O'B'C'$ có đáy là tam giác $O... [70]
pdfTeX warning (ext4): destination with the same identifier (name{vd.2}) has been already used, duplicate ignored
<to be read again> 
                   \relax 
l.412 	C
        ho hình chóp $S.ABCD$ có đáy $ABCD$ là hình vuông cạnh b�...
pdfTeX warning (ext4): destination with the same identifier (name{vd.3}) has been already used, duplicate ignored
<to be read again> 
                   \relax 
l.466 	\end{tikzpicture}}
                         
pdfTeX warning (ext4): destination with the same identifier (name{subsubsection.0.16.2.2}) has been already used, duplicate ignored
<to be read again> 
                   \relax 
l.566 \baitaptn
               
Output from handle ans going to ans/2H5-B3-d2.tex
\openout9 = `ans/2H5-B3-d2.tex'.


pdfTeX warning (ext4): destination with the same identifier (name{ex.1}) has been already used, duplicate ignored
<to be read again> 
                   \relax 
l.571 		T
         rong hệ trục toạ độ $Oxyz$, với mặt phẳng $(Ox y)$ l... [71]
Overfull \hbox (3.78441pt too wide) in paragraph at lines 577--577
[][] 
 []


Overfull \hbox (3.96068pt too wide) in paragraph at lines 577--577
[][] 
 []


Overfull \hbox (4.19017pt too wide) in paragraph at lines 577--577
[][] 
 []


Overfull \hbox (4.26732pt too wide) in paragraph at lines 577--577
[][] 
 []


pdfTeX warning (ext4): destination with the same identifier (name{ex.2}) has been already used, duplicate ignored
<to be read again> 
                   \relax 
l.584 	C
        ho hình lập phương $ABCD.A'B'C'D'$có cạnh bằng $a$. Tính ...
Overfull \hbox (3.78441pt too wide) in paragraph at lines 590--590
[][] 
 []


Overfull \hbox (3.96068pt too wide) in paragraph at lines 590--590
[][] 
 []


Overfull \hbox (4.19017pt too wide) in paragraph at lines 590--590
[][] 
 []


Overfull \hbox (4.26732pt too wide) in paragraph at lines 590--590
[][] 
 []


pdfTeX warning (ext4): destination with the same identifier (name{ex.3}) has been already used, duplicate ignored
<to be read again> 
                   \relax 
l.622 	C
        ho hình lập phương $MNPQ.M'N'P'Q'$ có $E$, $F$, $G$ lần lư�...
Overfull \hbox (3.78441pt too wide) in paragraph at lines 628--628
[][] 
 []


Overfull \hbox (3.96068pt too wide) in paragraph at lines 628--628
[][] 
 []


Overfull \hbox (4.19017pt too wide) in paragraph at lines 628--628
[][] 
 []


Overfull \hbox (4.26732pt too wide) in paragraph at lines 628--628
[][] 
 []


pdfTeX warning (ext4): destination with the same identifier (name{ex.4}) has been already used, duplicate ignored
<to be read again> 
                   \relax 
l.668 	C
        ho hình hộp chữ nhật $ABCD.A'B'C'D'$ có các cạnh $AB=2,AD...
Overfull \hbox (3.78441pt too wide) in paragraph at lines 674--674
[][] 
 []


Overfull \hbox (3.96068pt too wide) in paragraph at lines 674--674
[][] 
 []


Overfull \hbox (4.19017pt too wide) in paragraph at lines 674--674
[][] 
 []


Overfull \hbox (4.26732pt too wide) in paragraph at lines 674--674
[][] 
 []


pdfTeX warning (ext4): destination with the same identifier (name{ex.5}) has been already used, duplicate ignored
<to be read again> 
                   \relax 
l.704 		C
         ho hình chóp $SABCD$ có $ABCD$ là hình vuông cạnh $a$, $SA$...
Overfull \hbox (3.78441pt too wide) in paragraph at lines 710--710
[][] 
 []


Overfull \hbox (3.96068pt too wide) in paragraph at lines 710--710
[][] 
 []


Overfull \hbox (4.19017pt too wide) in paragraph at lines 710--710
[][] 
 []


Overfull \hbox (4.26732pt too wide) in paragraph at lines 710--710
[][] 
 []


pdfTeX warning (ext4): destination with the same identifier (name{ex.6}) has been already used, duplicate ignored
<to be read again> 
                   \relax 
l.753 	C
        ho hình chóp tam giác $O.ABC$ có $OA$, $OB$, $OC$ đôi một vu...
Overfull \hbox (3.78441pt too wide) in paragraph at lines 759--759
[][] 
 []


Overfull \hbox (3.96068pt too wide) in paragraph at lines 759--759
[][] 
 []


Overfull \hbox (4.19017pt too wide) in paragraph at lines 759--759
[][] 
 []


Overfull \hbox (4.26732pt too wide) in paragraph at lines 759--759
[][] 
 []


pdfTeX warning (ext4): destination with the same identifier (name{ex.7}) has been already used, duplicate ignored
<to be read again> 
                   \relax 
l.793 	H
        ình chóp $S.ABC$ có đáy là tam giác vuông tại $B$ có $AB=...
Overfull \hbox (3.78441pt too wide) in paragraph at lines 799--799
[][] 
 []


Overfull \hbox (3.96068pt too wide) in paragraph at lines 799--799
[][] 
 []


Overfull \hbox (4.19017pt too wide) in paragraph at lines 799--799
[][] 
 []


Overfull \hbox (4.26732pt too wide) in paragraph at lines 799--799
[][] 
 []


pdfTeX warning (ext4): destination with the same identifier (name{ex.8}) has been already used, duplicate ignored
<to be read again> 
                   \relax 
l.832 	C
        ho hình chóp $S.ABCD$ có đáy $ ABCD $ là hình chữ nhật, $...
Overfull \hbox (3.78441pt too wide) in paragraph at lines 838--838
[][] 
 []


Overfull \hbox (3.96068pt too wide) in paragraph at lines 838--838
[][] 
 []


Overfull \hbox (4.19017pt too wide) in paragraph at lines 838--838
[][] 
 []


Overfull \hbox (4.26732pt too wide) in paragraph at lines 838--838
[][] 
 []


pdfTeX warning (ext4): destination with the same identifier (name{ex.9}) has been already used, duplicate ignored
<to be read again> 
                   \relax 
l.877 	C
        ho hình chóp tứ giác đều $S.ABCD$ có cạnh đáy bằng $a...
Overfull \hbox (3.78441pt too wide) in paragraph at lines 883--883
[][] 
 []


Overfull \hbox (3.96068pt too wide) in paragraph at lines 883--883
[][] 
 []


Overfull \hbox (4.19017pt too wide) in paragraph at lines 883--883
[][] 
 []


Overfull \hbox (4.26732pt too wide) in paragraph at lines 883--883
[][] 
 []


pdfTeX warning (ext4): destination with the same identifier (name{ex.10}) has been already used, duplicate ignored
<to be read again> 
                   \relax 
l.933 	C
        ho hình chóp $S.ABCD$ có đáy là hình thang vuông tại $A$ v...
Overfull \hbox (3.78441pt too wide) in paragraph at lines 939--939
[][] 
 []


Overfull \hbox (3.96068pt too wide) in paragraph at lines 939--939
[][] 
 []


Overfull \hbox (4.19017pt too wide) in paragraph at lines 939--939
[][] 
 []


Overfull \hbox (4.26732pt too wide) in paragraph at lines 939--939
[][] 
 []

) (data/12/2H5/2H5-TNB3.tex
Output from handle ans going to ans/B3-De2-1.tex
\openout9 = `ans/B3-De2-1.tex'.


pdfTeX warning (ext4): destination with the same identifier (name{ex.1}) has been already used, duplicate ignored
<to be read again> 
                   \relax 
l.7 	T
      rong không gian $Oxyz$, cho đường thẳng $d\colon\heva{
Overfull \hbox (3.78441pt too wide) in paragraph at lines 17--17
[][] 
 []


Overfull \hbox (3.96068pt too wide) in paragraph at lines 17--17
[][] 
 []


Overfull \hbox (4.19017pt too wide) in paragraph at lines 17--17
[][] 
 []


Overfull \hbox (4.26732pt too wide) in paragraph at lines 17--17
[][] 
 []


pdfTeX warning (ext4): destination with the same identifier (name{ex.2}) has been already used, duplicate ignored
<to be read again> 
                   \relax 
l.30 	T
       rong không gian $Oxyz$, cho ba điểm $M\left( 2; 3; -1 \right)$, $...
Overfull \hbox (3.78441pt too wide) in paragraph at lines 36--36
[][] 
 []


Overfull \hbox (3.96068pt too wide) in paragraph at lines 36--36
[][] 
 []


Overfull \hbox (4.19017pt too wide) in paragraph at lines 36--36
[][] 
 []


Overfull \hbox (4.26732pt too wide) in paragraph at lines 36--36
[][] 
 []


pdfTeX warning (ext4): destination with the same identifier (name{ex.3}) has been already used, duplicate ignored
<to be read again> 
                   \relax 
l.50 	T
       rong không gian $Oxyz$, tính góc giữa hai đường thẳng $d_1... [72]
Overfull \hbox (3.78441pt too wide) in paragraph at lines 56--56
[][] 
 []


Overfull \hbox (3.96068pt too wide) in paragraph at lines 56--56
[][] 
 []


Overfull \hbox (4.19017pt too wide) in paragraph at lines 56--56
[][] 
 []


Overfull \hbox (4.26732pt too wide) in paragraph at lines 56--56
[][] 
 []


pdfTeX warning (ext4): destination with the same identifier (name{ex.4}) has been already used, duplicate ignored
<to be read again> 
                   \relax 
l.64 	T
       rong không gian $Oxyz$, cho đường thẳng $d\colon\dfrac{x-4}{1}...
Overfull \hbox (3.78441pt too wide) in paragraph at lines 70--70
[][] 
 []


Overfull \hbox (3.96068pt too wide) in paragraph at lines 70--70
[][] 
 []


Overfull \hbox (4.19017pt too wide) in paragraph at lines 70--70
[][] 
 []


Overfull \hbox (4.26732pt too wide) in paragraph at lines 70--70
[][] 
 []


pdfTeX warning (ext4): destination with the same identifier (name{ex.5}) has been already used, duplicate ignored
<to be read again> 
                   \relax 
l.85 	T
       rong không gian $Oxyz$, gọi $\left( P \right)$ là mặt phẳng c...
Overfull \hbox (3.78441pt too wide) in paragraph at lines 103--103
[][] 
 []


Overfull \hbox (3.96068pt too wide) in paragraph at lines 103--103
[][] 
 []


Overfull \hbox (4.19017pt too wide) in paragraph at lines 103--103
[][] 
 []


Overfull \hbox (4.26732pt too wide) in paragraph at lines 103--103
[][] 
 []


pdfTeX warning (ext4): destination with the same identifier (name{ex.6}) has been already used, duplicate ignored
<to be read again> 
                   \relax 
l.117 	V
        ới giá trị nào của $m$ thì đường thẳng $\left( D \rig...
Overfull \hbox (3.78441pt too wide) in paragraph at lines 123--123
[][] 
 []


Overfull \hbox (3.96068pt too wide) in paragraph at lines 123--123
[][] 
 []


Overfull \hbox (4.19017pt too wide) in paragraph at lines 123--123
[][] 
 []


Overfull \hbox (4.26732pt too wide) in paragraph at lines 123--123
[][] 
 []


pdfTeX warning (ext4): destination with the same identifier (name{ex.7}) has been already used, duplicate ignored
<to be read again> 
                   \relax 
l.131 	T
        rong không gian $Oxyz$, cho mặt phẳng $\left( P \right)\colon m...
Overfull \hbox (3.78441pt too wide) in paragraph at lines 137--137
[][] 
 []


Overfull \hbox (3.96068pt too wide) in paragraph at lines 137--137
[][] 
 []


Overfull \hbox (4.19017pt too wide) in paragraph at lines 137--137
[][] 
 []


Overfull \hbox (4.26732pt too wide) in paragraph at lines 137--137
[][] 
 []


pdfTeX warning (ext4): destination with the same identifier (name{ex.8}) has been already used, duplicate ignored
<to be read again> 
                   \relax 
l.143 	T
        rong không gian $Oxyz$, cho hai đường thẳng $d_1:\dfrac{x}{1}...
Overfull \hbox (3.78441pt too wide) in paragraph at lines 149--149
[][] 
 []


Overfull \hbox (3.96068pt too wide) in paragraph at lines 149--149
[][] 
 []


Overfull \hbox (4.19017pt too wide) in paragraph at lines 149--149
[][] 
 []


Overfull \hbox (4.26732pt too wide) in paragraph at lines 149--149
[][] 
 []


pdfTeX warning (ext4): destination with the same identifier (name{ex.9}) has been already used, duplicate ignored
<to be read again> 
                   \relax 
l.158 	T
        rong không gian $Oxyz$, cho đường thẳng $\Delta \colon x=\dfr...
Overfull \hbox (3.78441pt too wide) in paragraph at lines 164--164
[][] 
 []


Overfull \hbox (3.96068pt too wide) in paragraph at lines 164--164
[][] 
 []


Overfull \hbox (4.19017pt too wide) in paragraph at lines 164--164
[][] 
 []


Overfull \hbox (4.26732pt too wide) in paragraph at lines 164--164
[][] 
 []


pdfTeX warning (ext4): destination with the same identifier (name{ex.10}) has been already used, duplicate ignored
<to be read again> 
                   \relax 
l.170 	T
        rong không gian $Oxyz$, cho mặt phẳng $\left( P \right)\colon3x...
Overfull \hbox (3.78441pt too wide) in paragraph at lines 180--180
[][] 
 []


Overfull \hbox (3.96068pt too wide) in paragraph at lines 180--180
[][] 
 []


Overfull \hbox (4.19017pt too wide) in paragraph at lines 180--180
[][] 
 []


Overfull \hbox (4.26732pt too wide) in paragraph at lines 180--180
[][] 
 []


pdfTeX warning (ext4): destination with the same identifier (name{ex.11}) has been already used, duplicate ignored
<to be read again> 
                   \relax 
l.188 	T
        rong không gian $Oxyz$, cho hai đường thẳng $d_1\colon\heva{
Underfull \hbox (badness 10000) in paragraph at lines 188--198

 []


Overfull \hbox (3.78441pt too wide) in paragraph at lines 198--198
[][] 
 []


Overfull \hbox (3.96068pt too wide) in paragraph at lines 198--198
[][] 
 []


Overfull \hbox (4.19017pt too wide) in paragraph at lines 198--198
[][] 
 []


Overfull \hbox (4.26732pt too wide) in paragraph at lines 198--198
[][] 
 []


pdfTeX warning (ext4): destination with the same identifier (name{ex.12}) has been already used, duplicate ignored
<to be read again> 
                   \relax 
l.210 	T
        rong không gian $Oxyz$, cho mặt phẳng $(P)\colon -\sqrt{3}x+y+1...
Overfull \hbox (3.78441pt too wide) in paragraph at lines 216--216
[][] 
 []


Overfull \hbox (3.96068pt too wide) in paragraph at lines 216--216
[][] 
 []


Overfull \hbox (4.19017pt too wide) in paragraph at lines 216--216
[][] 
 []


Overfull \hbox (4.26732pt too wide) in paragraph at lines 216--216
[][] 
 []

Output from handle ans going to ans/B3-De2-2.tex
\openout9 = `ans/B3-De2-2.tex'.


pdfTeX warning (ext4): destination with the same identifier (name{ex.1}) has been already used, duplicate ignored
<to be read again> 
                   \relax 
l.230 	T
        rong không gian $Oxyz$, cho hai đường thẳng $d_1\colon\heva{
Overfull \hbox (2.11264pt too wide) in paragraph at lines 230--244
[][]\T5/cmr/m/n/10 Trong kh�ng gian $\OML/cmm/m/it/10 Oxyz$\T5/cmr/m/n/10 , cho hai ^^_��ng th�ng $\OML/cmm/m/it/10 d[] [] []  []$ \T5/cmr/m/n/10 v� $\OML/cmm/m/it/10 d[] [] []  []$\T5/cmr/m/n/10 .
 []

[73]
Overfull \hbox (1.18027pt too wide) in paragraph at lines 244--244
 []|\T5/cmr/bx/n/10 ^^^| 
 []


Overfull \hbox (1.27747pt too wide) in paragraph at lines 244--244
[]\T5/cmr/bx/n/10 a) 
 []


Overfull \hbox (2.07588pt too wide) in paragraph at lines 244--244
[]\T5/cmr/bx/n/10 b) 
 []


Overfull \hbox (0.79842pt too wide) in paragraph at lines 244--244
[]\T5/cmr/bx/n/10 c) 
 []


Overfull \hbox (2.07588pt too wide) in paragraph at lines 244--244
[]\T5/cmr/bx/n/10 d) 
 []


pdfTeX warning (ext4): destination with the same identifier (name{ex.2}) has been already used, duplicate ignored
<to be read again> 
                   \relax 
l.257 	T
        rong không gian $Oxyz$, cho mặt phẳng $\left( P \right)\colon2x...
Overfull \hbox (1.18027pt too wide) in paragraph at lines 263--263
 []|\T5/cmr/bx/n/10 ^^^| 
 []


Overfull \hbox (1.27747pt too wide) in paragraph at lines 263--263
[]\T5/cmr/bx/n/10 a) 
 []


Overfull \hbox (2.07588pt too wide) in paragraph at lines 263--263
[]\T5/cmr/bx/n/10 b) 
 []


Overfull \hbox (0.79842pt too wide) in paragraph at lines 263--263
[]\T5/cmr/bx/n/10 c) 
 []


Overfull \hbox (2.07588pt too wide) in paragraph at lines 263--263
[]\T5/cmr/bx/n/10 d) 
 []


pdfTeX warning (ext4): destination with the same identifier (name{ex.3}) has been already used, duplicate ignored
<to be read again> 
                   \relax 
l.276 	T
        rong không gian $Oxyz$, cho đường thẳng $d\colon\dfrac{x}{1}=...
Overfull \hbox (1.18027pt too wide) in paragraph at lines 282--282
 []|\T5/cmr/bx/n/10 ^^^| 
 []


Overfull \hbox (1.27747pt too wide) in paragraph at lines 282--282
[]\T5/cmr/bx/n/10 a) 
 []


Overfull \hbox (2.07588pt too wide) in paragraph at lines 282--282
[]\T5/cmr/bx/n/10 b) 
 []


Overfull \hbox (0.79842pt too wide) in paragraph at lines 282--282
[]\T5/cmr/bx/n/10 c) 
 []


Overfull \hbox (2.07588pt too wide) in paragraph at lines 282--282
[]\T5/cmr/bx/n/10 d) 
 []


pdfTeX warning (ext4): destination with the same identifier (name{ex.4}) has been already used, duplicate ignored
<to be read again> 
                   \relax 
l.294 	T
        rong không gian $Oxyz$, cho mặt phẳng $\left( P \right)\colon3x...
Overfull \hbox (1.18027pt too wide) in paragraph at lines 300--300
 []|\T5/cmr/bx/n/10 ^^^| 
 []


Overfull \hbox (1.27747pt too wide) in paragraph at lines 300--300
[]\T5/cmr/bx/n/10 a) 
 []


Overfull \hbox (2.07588pt too wide) in paragraph at lines 300--300
[]\T5/cmr/bx/n/10 b) 
 []


Overfull \hbox (0.79842pt too wide) in paragraph at lines 300--300
[]\T5/cmr/bx/n/10 c) 
 []


Overfull \hbox (2.07588pt too wide) in paragraph at lines 300--300
[]\T5/cmr/bx/n/10 d) 
 []

Output from handle ans going to ans/B3-De2-3.tex
\openout9 = `ans/B3-De2-3.tex'.


pdfTeX warning (ext4): destination with the same identifier (name{ex.1}) has been already used, duplicate ignored
<to be read again> 
                   \relax 
l.328 	T
        rong hệ tọa độ $Oxyz$, một vật chuyển động theo quĩ...
Underfull \hbox (badness 10000) in paragraph at lines 328--329

 []


pdfTeX warning (ext4): destination with the same identifier (name{ex.2}) has been already used, duplicate ignored
<to be read again> 
                   \relax 
l.336 	C
        ho hình lăng trụ tam giác đều $ABC.A^\prime B^\prime C^\prim...
Underfull \hbox (badness 10000) in paragraph at lines 336--337

 []

[74]
pdfTeX warning (ext4): destination with the same identifier (name{ex.3}) has been already used, duplicate ignored
<to be read again> 
                   \relax 
l.371 	T
        rong không gian $Oxyz$, cho đường thẳng $d\colon\dfrac{x+1}{2...
Underfull \hbox (badness 10000) in paragraph at lines 371--372

 []


pdfTeX warning (ext4): destination with the same identifier (name{ex.4}) has been already used, duplicate ignored
<to be read again> 
                   \relax 
l.386 	T
        rong không gian, cho mặt phẳng $(P)$ có phương trình $ax+by...
Underfull \hbox (badness 10000) in paragraph at lines 386--387

 []


pdfTeX warning (ext4): destination with the same identifier (name{ex.5}) has been already used, duplicate ignored
<to be read again> 
                   \relax 
l.403 	C
        ó hai bức tường hình vuông cạnh $5m$, vuông góc với nh...
Underfull \hbox (badness 10000) in paragraph at lines 403--404

 []


pdfTeX warning (ext4): destination with the same identifier (name{ex.6}) has been already used, duplicate ignored
<to be read again> 
                   \relax 
l.440 	T
        rong không gian, tìm $m$ để số đo góc giữa hai đường ...
Underfull \hbox (badness 10000) in paragraph at lines 440--449

 []

) (data/12/2H5/2H5-B4.tex [75]

Package hyperref Warning: Token not allowed in a PDF string (Unicode):
(hyperref)                removing `\char' on input line 31.


Package hyperref Warning: Token not allowed in a PDF string (Unicode):
(hyperref)                removing `\leavevmode@ifvmode' on input line 31.


Package hyperref Warning: Token not allowed in a PDF string (Unicode):
(hyperref)                \kern 1.66702pt
(hyperref)                removed on input line 31.


Package hyperref Warning: Token not allowed in a PDF string (Unicode):
(hyperref)                removing `\leavevmode@ifvmode' on input line 31.


Package hyperref Warning: Token not allowed in a PDF string (Unicode):
(hyperref)                \kern 1.66702pt
(hyperref)                removed on input line 31.


Package hyperref Warning: Token not allowed in a PDF string (Unicode):
(hyperref)                removing `math shift' on input line 31.


Package hyperref Warning: Token not allowed in a PDF string (Unicode):
(hyperref)                removing `math shift' on input line 31.


Package hyperref Warning: Token not allowed in a PDF string (Unicode):
(hyperref)                removing `math shift' on input line 31.


Package hyperref Warning: Token not allowed in a PDF string (Unicode):
(hyperref)                removing `math shift' on input line 31.


pdfTeX warning (ext4): destination with the same identifier (name{vd.1}) has been already used, duplicate ignored
<to be read again> 
                   \relax 
l.50 	T
       rong các phương trình sau, phương trình nào là phương trì...
pdfTeX warning (ext4): destination with the same identifier (name{vd.2}) has been already used, duplicate ignored
<to be read again> 
                   \relax 
l.76 	T
       rong không gian $Oxyz$, tìm tất cả giá trị của tham số $... [76]
Output from handle ans going to ans/2H5-B4-d1.tex
\openout9 = `ans/2H5-B4-d1.tex'.


pdfTeX warning (ext4): destination with the same identifier (name{ex.1}) has been already used, duplicate ignored
<to be read again> 
                   \relax 
l.99 	C
       ho mặt cầu $(S)\colon (x+1)^2+(y-2)^2+(z-1)^2=9$. Tìm tọa đ�...
Overfull \hbox (3.78441pt too wide) in paragraph at lines 105--105
[][] 
 []


Overfull \hbox (3.96068pt too wide) in paragraph at lines 105--105
[][] 
 []


Overfull \hbox (4.19017pt too wide) in paragraph at lines 105--105
[][] 
 []


Overfull \hbox (4.26732pt too wide) in paragraph at lines 105--105
[][] 
 []


pdfTeX warning (ext4): destination with the same identifier (name{ex.2}) has been already used, duplicate ignored
<to be read again> 
                   \relax 
l.111 	C
        ho mặt cầu $(S)\colon (x-1)^2+(y+2)^2+z^2=9$. Mặt cầu $(S)$ ...
Overfull \hbox (3.78441pt too wide) in paragraph at lines 117--117
[][] 
 []


Overfull \hbox (3.96068pt too wide) in paragraph at lines 117--117
[][] 
 []


Overfull \hbox (4.19017pt too wide) in paragraph at lines 117--117
[][] 
 []


Overfull \hbox (4.26732pt too wide) in paragraph at lines 117--117
[][] 
 []


pdfTeX warning (ext4): destination with the same identifier (name{ex.3}) has been already used, duplicate ignored
<to be read again> 
                   \relax 
l.123 	C
        ho mặt cầu $(S)\colon x^2+y^2+z^2-4x-6y+8z-7=0$. Tọa độ tâ...
Overfull \hbox (3.78441pt too wide) in paragraph at lines 129--129
[][] 
 []


Overfull \hbox (3.96068pt too wide) in paragraph at lines 129--129
[][] 
 []


Overfull \hbox (4.19017pt too wide) in paragraph at lines 129--129
[][] 
 []


Overfull \hbox (4.26732pt too wide) in paragraph at lines 129--129
[][] 
 []


pdfTeX warning (ext4): destination with the same identifier (name{ex.4}) has been already used, duplicate ignored
<to be read again> 
                   \relax 
l.136 	C
        ho mặt cầu $(S)\colon x^2+y^2+z^2-8x+2y+1=0$. Tìm tọa độ t...
Overfull \hbox (3.78441pt too wide) in paragraph at lines 142--142
[][] 
 []


Overfull \hbox (3.96068pt too wide) in paragraph at lines 142--142
[][] 
 []


Overfull \hbox (4.19017pt too wide) in paragraph at lines 142--142
[][] 
 []


Overfull \hbox (4.26732pt too wide) in paragraph at lines 142--142
[][] 
 []


pdfTeX warning (ext4): destination with the same identifier (name{ex.5}) has been already used, duplicate ignored
<to be read again> 
                   \relax 
l.148 	C
        ho mặt cầu $(S)\colon 2x^2+2y^2+2z^2+12x-4y+4=0$. Mặt cầu $(...
Overfull \hbox (3.78441pt too wide) in paragraph at lines 154--154
[][] 
 []


Overfull \hbox (3.96068pt too wide) in paragraph at lines 154--154
[][] 
 []


Overfull \hbox (4.19017pt too wide) in paragraph at lines 154--154
[][] 
 []


Overfull \hbox (4.26732pt too wide) in paragraph at lines 154--154
[][] 
 []


pdfTeX warning (ext4): destination with the same identifier (name{ex.6}) has been already used, duplicate ignored
<to be read again> 
                   \relax 
l.162 	P
        hương trình nào dưới đây là phương trình mặt cầu?
Overfull \hbox (3.78441pt too wide) in paragraph at lines 168--168
[][] 
 []


Overfull \hbox (3.96068pt too wide) in paragraph at lines 168--168
[][] 
 []


Overfull \hbox (4.19017pt too wide) in paragraph at lines 168--168
[][] 
 []


Overfull \hbox (4.26732pt too wide) in paragraph at lines 168--168
[][] 
 []


pdfTeX warning (ext4): destination with the same identifier (name{ex.7}) has been already used, duplicate ignored
<to be read again> 
                   \relax 
l.174 	C
        ho phương trình $x^2+y^2+z^2-2mx-2(m+2)y-2(m+3)z+16m+13=0$. Tìm ...
Overfull \hbox (3.78441pt too wide) in paragraph at lines 180--180
[][] 
 []


Overfull \hbox (3.96068pt too wide) in paragraph at lines 180--180
[][] 
 []


Overfull \hbox (4.19017pt too wide) in paragraph at lines 180--180
[][] 
 []


Overfull \hbox (4.26732pt too wide) in paragraph at lines 180--180
[][] 
 []


pdfTeX warning (ext4): destination with the same identifier (name{ex.8}) has been already used, duplicate ignored
<to be read again> 
                   \relax 
l.190 	C
        ó tất cả bao nhiêu giá trị của tham số $m$ (biết $m \...
Overfull \hbox (3.78441pt too wide) in paragraph at lines 196--196
[][] 
 []


Overfull \hbox (3.96068pt too wide) in paragraph at lines 196--196
[][] 
 []


Overfull \hbox (4.19017pt too wide) in paragraph at lines 196--196
[][] 
 []


Overfull \hbox (4.26732pt too wide) in paragraph at lines 196--196
[][] 
 []


pdfTeX warning (ext4): destination with the same identifier (name{ex.9}) has been already used, duplicate ignored
<to be read again> 
                   \relax 
l.210 	C
        ho mặt cầu $(S)\colon x^2 + y^2+ z^2 -2x - 4y + 4z - m = 0$ ($m$...
Overfull \hbox (3.78441pt too wide) in paragraph at lines 216--216
[][] 
 []


Overfull \hbox (3.96068pt too wide) in paragraph at lines 216--216
[][] 
 []


Overfull \hbox (4.19017pt too wide) in paragraph at lines 216--216
[][] 
 []


Overfull \hbox (4.26732pt too wide) in paragraph at lines 216--216
[][] 
 []


pdfTeX warning (ext4): destination with the same identifier (name{ex.10}) has been already used, duplicate ignored
<to be read again> 
                   \relax 
l.226 	M
        ặt cầu $(S):x^2+y^2+z^2-4mx+4y+2mz+m^2+4m=0$ có bán kính nh�...
Overfull \hbox (3.78441pt too wide) in paragraph at lines 232--232
[][] 
 []


Overfull \hbox (3.96068pt too wide) in paragraph at lines 232--232
[][] 
 []


Overfull \hbox (4.19017pt too wide) in paragraph at lines 232--232
[][] 
 []


Overfull \hbox (4.26732pt too wide) in paragraph at lines 232--232
[][] 
 []


Package hyperref Warning: Token not allowed in a PDF string (Unicode):
(hyperref)                removing `\char' on input line 246.


Package hyperref Warning: Token not allowed in a PDF string (Unicode):
(hyperref)                removing `\leavevmode@ifvmode' on input line 246.


Package hyperref Warning: Token not allowed in a PDF string (Unicode):
(hyperref)                \kern 1.66702pt
(hyperref)                removed on input line 246.


Package hyperref Warning: Token not allowed in a PDF string (Unicode):
(hyperref)                removing `\leavevmode@ifvmode' on input line 246.


Package hyperref Warning: Token not allowed in a PDF string (Unicode):
(hyperref)                \kern 1.66702pt
(hyperref)                removed on input line 246.


Underfull \hbox (badness 10000) in paragraph at lines 254--255
[]\T5/cmr/m/n/10 T�m $\OML/cmm/m/it/10 I []$ \T5/cmr/m/n/10 l� trung ^^_i�m c�a $\OML/cmm/m/it/10 AB$ \T5/cmr/m/n/10 hay
 []

[77]
pdfTeX warning (ext4): destination with the same identifier (name{subsubsection.0.17.2.1}) has been already used, duplicate ignored
<to be read again> 
                   \relax 
l.265 \viduminhhoa
                  
pdfTeX warning (ext4): destination with the same identifier (name{vd.1}) has been already used, duplicate ignored
<to be read again> 
                   \relax 
l.269 	T
        rong không gian $Oxyz$, viết phương trình mặt cầu $(S)$
pdfTeX warning (ext4): destination with the same identifier (name{vd.2}) has been already used, duplicate ignored
<to be read again> 
                   \relax 
l.297 V
       iết phương trình mặt cầu ngoại tiếp tứ diện $ABCD$, ... [78]
pdfTeX warning (ext4): destination with the same identifier (name{vd.3}) has been already used, duplicate ignored
<to be read again> 
                   \relax 
l.353 	G
        iả sử người ta biểu diễn mô phỏng của tòa nhà Eric...
<images/2P5-B4-PhuQuy-H2.jpg, id=1032, 810.02625pt x 587.19376pt>
File: images/2P5-B4-PhuQuy-H2.jpg Graphic file (type jpg)
<use images/2P5-B4-PhuQuy-H2.jpg>
Package pdftex.def Info: images/2P5-B4-PhuQuy-H2.jpg  used on input line 354.
(pdftex.def)             Requested size: 199.16928pt x 144.37892pt.

Overfull \hbox (26.3573pt too wide) in paragraph at lines 353--395
[] [] 
 []


pdfTeX warning (ext4): destination with the same identifier (name{vd.4}) has been already used, duplicate ignored
<to be read again> 
                   \relax 
l.399 	B
        ạn Bình đố bạn Nam tìm được đường kính của quả...
<images/2P5-B4-TheUt-H3.jpg, id=1033, 392.96812pt x 148.30406pt>
File: images/2P5-B4-TheUt-H3.jpg Graphic file (type jpg)
<use images/2P5-B4-TheUt-H3.jpg>
Package pdftex.def Info: images/2P5-B4-TheUt-H3.jpg  used on input line 401.
(pdftex.def)             Requested size: 226.18275pt x 85.35826pt.
 [79 <./images/2P5-B4-PhuQuy-H2.jpg> <./images/2P5-B4-TheUt-H3.jpg>]
pdfTeX warning (ext4): destination with the same identifier (name{subsubsection.0.17.2.2}) has been already used, duplicate ignored
<to be read again> 
                   \relax 
l.446 \baitaptn
               
Output from handle ans going to ans/2H5-B4-d2.tex
\openout9 = `ans/2H5-B4-d2.tex'.


pdfTeX warning (ext4): destination with the same identifier (name{ex.1}) has been already used, duplicate ignored
<to be read again> 
                   \relax 
l.451 	M
        ặt cầu tâm $I(3;-1;0)$, bán kính $R=5$ có phương trình là
Overfull \hbox (3.78441pt too wide) in paragraph at lines 457--457
[][] 
 []


Overfull \hbox (3.96068pt too wide) in paragraph at lines 457--457
[][] 
 []


Overfull \hbox (4.19017pt too wide) in paragraph at lines 457--457
[][] 
 []


Overfull \hbox (4.26732pt too wide) in paragraph at lines 457--457
[][] 
 []


pdfTeX warning (ext4): destination with the same identifier (name{ex.2}) has been already used, duplicate ignored
<to be read again> 
                   \relax 
l.463 	P
        hương trình mặt cầu tâm $I(2; -3; -4)$, bán kính bằng $4...
Overfull \hbox (3.78441pt too wide) in paragraph at lines 469--469
[][] 
 []


Overfull \hbox (3.96068pt too wide) in paragraph at lines 469--469
[][] 
 []


Overfull \hbox (4.19017pt too wide) in paragraph at lines 469--469
[][] 
 []


Overfull \hbox (4.26732pt too wide) in paragraph at lines 469--469
[][] 
 []


pdfTeX warning (ext4): destination with the same identifier (name{ex.3}) has been already used, duplicate ignored
<to be read again> 
                   \relax 
l.475 	V
        iết phương trình mặt cầu $(S)$ có tâm $I(-1;1;-2)$ và đ...
Overfull \hbox (3.78441pt too wide) in paragraph at lines 481--481
[][] 
 []


Overfull \hbox (3.96068pt too wide) in paragraph at lines 481--481
[][] 
 []


Overfull \hbox (4.19017pt too wide) in paragraph at lines 481--481
[][] 
 []


Overfull \hbox (4.26732pt too wide) in paragraph at lines 481--481
[][] 
 []


pdfTeX warning (ext4): destination with the same identifier (name{ex.4}) has been already used, duplicate ignored
<to be read again> 
                   \relax 
l.487 	M
        ặt cầu tâm $I(-3; 0; 4)$ và đi qua điểm $A(-3; 0; 0)$ có ...
Overfull \hbox (3.78441pt too wide) in paragraph at lines 493--493
[][] 
 []


Overfull \hbox (3.96068pt too wide) in paragraph at lines 493--493
[][] 
 []


Overfull \hbox (4.19017pt too wide) in paragraph at lines 493--493
[][] 
 []


Overfull \hbox (4.26732pt too wide) in paragraph at lines 493--493
[][] 
 []


pdfTeX warning (ext4): destination with the same identifier (name{ex.5}) has been already used, duplicate ignored
<to be read again> 
                   \relax 
l.498 	P
        hương trình mặt cầu $\left(S\right)$ đường kính $AB$ v�...
Overfull \hbox (3.78441pt too wide) in paragraph at lines 504--504
[][] 
 []


Overfull \hbox (3.96068pt too wide) in paragraph at lines 504--504
[][] 
 []


Overfull \hbox (4.19017pt too wide) in paragraph at lines 504--504
[][] 
 []


Overfull \hbox (4.26732pt too wide) in paragraph at lines 504--504
[][] 
 []


pdfTeX warning (ext4): destination with the same identifier (name{ex.6}) has been already used, duplicate ignored
<to be read again> 
                   \relax 
l.512 	C
        ho hai điểm $A(2; 4; 1)$ và $B(-2; 2; -3)$. Phương trình mặ...
Overfull \hbox (3.78441pt too wide) in paragraph at lines 518--518
[][] 
 []


Overfull \hbox (3.96068pt too wide) in paragraph at lines 518--518
[][] 
 []


Overfull \hbox (4.19017pt too wide) in paragraph at lines 518--518
[][] 
 []


Overfull \hbox (4.26732pt too wide) in paragraph at lines 518--518
[][] 
 []


pdfTeX warning (ext4): destination with the same identifier (name{ex.7}) has been already used, duplicate ignored
<to be read again> 
                   \relax 
l.526 	V
        iết phương trình mặt cầu $(S)$ có tâm $I(-1;4;2)$, biết...
Overfull \hbox (3.78441pt too wide) in paragraph at lines 532--532
[][] 
 []


Overfull \hbox (3.96068pt too wide) in paragraph at lines 532--532
[][] 
 []


Overfull \hbox (4.19017pt too wide) in paragraph at lines 532--532
[][] 
 []


Overfull \hbox (4.26732pt too wide) in paragraph at lines 532--532
[][] 
 []


pdfTeX warning (ext4): destination with the same identifier (name{ex.8}) has been already used, duplicate ignored
<to be read again> 
                   \relax 
l.539 	M
        ặt cầu $(S)$ có tâm $I(2; 1; -1)$, tiếp xúc với mặt ph�...
Overfull \hbox (3.78441pt too wide) in paragraph at lines 545--545
[][] 
 []


Overfull \hbox (3.96068pt too wide) in paragraph at lines 545--545
[][] 
 []


Overfull \hbox (4.19017pt too wide) in paragraph at lines 545--545
[][] 
 []


Overfull \hbox (4.26732pt too wide) in paragraph at lines 545--545
[][] 
 []


pdfTeX warning (ext4): destination with the same identifier (name{ex.9}) has been already used, duplicate ignored
<to be read again> 
                   \relax 
l.550 	M
        ặt cầu có tâm $I(1; 2; -3)$ và tiếp xúc với trục $Oy$ ...
Overfull \hbox (3.78441pt too wide) in paragraph at lines 556--556
[][] 
 []


Overfull \hbox (3.96068pt too wide) in paragraph at lines 556--556
[][] 
 []


Overfull \hbox (4.19017pt too wide) in paragraph at lines 556--556
[][] 
 []


Overfull \hbox (4.26732pt too wide) in paragraph at lines 556--556
[][] 
 []


pdfTeX warning (ext4): destination with the same identifier (name{ex.10}) has been already used, duplicate ignored
<to be read again> 
                   \relax 
l.561 	T
        rong không gian $Oxyz$, mặt cầu tâm $I(-1;0;3)$ tiếp xúc v�...
Overfull \hbox (3.78441pt too wide) in paragraph at lines 567--567
[][] 
 []


Overfull \hbox (3.96068pt too wide) in paragraph at lines 567--567
[][] 
 []


Overfull \hbox (4.19017pt too wide) in paragraph at lines 567--567
[][] 
 []


Overfull \hbox (4.26732pt too wide) in paragraph at lines 567--567
[][] 
 []


pdfTeX warning (ext4): destination with the same identifier (name{ex.11}) has been already used, duplicate ignored
<to be read again> 
                   \relax 
l.574 	V
        iết phương trình mặt cầu $(S)$ đi qua $A(-1;2;0)$, $B(-2;1...
Overfull \hbox (3.78441pt too wide) in paragraph at lines 580--580
[][] 
 []


Overfull \hbox (3.96068pt too wide) in paragraph at lines 580--580
[][] 
 []


Overfull \hbox (4.19017pt too wide) in paragraph at lines 580--580
[][] 
 []


Overfull \hbox (4.26732pt too wide) in paragraph at lines 580--580
[][] 
 []


pdfTeX warning (ext4): destination with the same identifier (name{ex.12}) has been already used, duplicate ignored
<to be read again> 
                   \relax 
l.594 	C
        ho mặt cầu $(S)$ tâm $I$ nằm trên mặt phẳng $(Oxy)$ đi ...
Overfull \hbox (3.78441pt too wide) in paragraph at lines 600--600
[][] 
 []


Overfull \hbox (3.96068pt too wide) in paragraph at lines 600--600
[][] 
 []


Overfull \hbox (4.19017pt too wide) in paragraph at lines 600--600
[][] 
 []


Overfull \hbox (4.26732pt too wide) in paragraph at lines 600--600
[][] 
 []

[80]
pdfTeX warning (ext4): destination with the same identifier (name{ex.13}) has been already used, duplicate ignored
<to be read again> 
                   \relax 
l.616 	C
        ho $3$ điểm $A(2;3;0)$, $B(0;-4;1)$, $C(3;1;1)$. Mặt cầu đi ...
Overfull \hbox (3.78441pt too wide) in paragraph at lines 622--622
[][] 
 []


Overfull \hbox (3.96068pt too wide) in paragraph at lines 622--622
[][] 
 []


Overfull \hbox (4.19017pt too wide) in paragraph at lines 622--622
[][] 
 []


Overfull \hbox (4.26732pt too wide) in paragraph at lines 622--622
[][] 
 []


pdfTeX warning (ext4): destination with the same identifier (name{ex.14}) has been already used, duplicate ignored
<to be read again> 
                   \relax 
l.633 	C
        ho các điểm $A(1; 0; 0)$, $B(0; 2; 0)$, $C(0; 0; -2)$. Bán kín...
Overfull \hbox (3.78441pt too wide) in paragraph at lines 639--639
[][] 
 []


Overfull \hbox (3.96068pt too wide) in paragraph at lines 639--639
[][] 
 []


Overfull \hbox (4.19017pt too wide) in paragraph at lines 639--639
[][] 
 []


Overfull \hbox (4.26732pt too wide) in paragraph at lines 639--639
[][] 
 []


pdfTeX warning (ext4): destination with the same identifier (name{ex.15}) has been already used, duplicate ignored
<to be read again> 
                   \relax 
l.658 	C
        ho điểm $D(3; 4; -2).$ Gọi $A, B, C$ lần lượt là hình ch...
Overfull \hbox (3.78441pt too wide) in paragraph at lines 664--664
[][] 
 []


Overfull \hbox (3.96068pt too wide) in paragraph at lines 664--664
[][] 
 []


Overfull \hbox (4.19017pt too wide) in paragraph at lines 664--664
[][] 
 []


Overfull \hbox (4.26732pt too wide) in paragraph at lines 664--664
[][] 
 []


Package hyperref Warning: Token not allowed in a PDF string (Unicode):
(hyperref)                removing `\char' on input line 671.


Package hyperref Warning: Token not allowed in a PDF string (Unicode):
(hyperref)                removing `\leavevmode@ifvmode' on input line 671.


Package hyperref Warning: Token not allowed in a PDF string (Unicode):
(hyperref)                \kern 1.66702pt
(hyperref)                removed on input line 671.


Package hyperref Warning: Token not allowed in a PDF string (Unicode):
(hyperref)                removing `\leavevmode@ifvmode' on input line 671.


Package hyperref Warning: Token not allowed in a PDF string (Unicode):
(hyperref)                \kern 1.66702pt
(hyperref)                removed on input line 671.


LaTeX Warning: The counter will not be printed.
             The label is: \iconCH  on input line 672.


pdfTeX warning (ext4): destination with the same identifier (name{subsubsection.0.17.2.1}) has been already used, duplicate ignored
<to be read again> 
                   \relax 
l.689 \viduminhhoa
                  
pdfTeX warning (ext4): destination with the same identifier (name{vd.1}) has been already used, duplicate ignored
<to be read again> 
                   \relax 
l.693 	C
        ho mặt cầu $(S)$ có tâm $I(2;-1;4)$ và bán kính $R=5$. Các...
pdfTeX warning (ext4): destination with the same identifier (name{vd.2}) has been already used, duplicate ignored
<to be read again> 
                   \relax 
l.772 	\end{tikzpicture}}
                          [81]
pdfTeX warning (ext4): destination with the same identifier (name{vd.3}) has been already used, duplicate ignored
<to be read again> 
                   \relax 
l.786 	C
        ho mặt cầu $(S)\colon (x - 2)^2 + y^2 + (z + 1)^2=9$ và mặt p...
pdfTeX warning (ext4): destination with the same identifier (name{subsubsection.0.17.2.2}) has been already used, duplicate ignored
<to be read again> 
                   \relax 
l.822 \baitaptn
               
Output from handle ans going to ans/2H5-B4-d3.tex
File ans already open

pdfTeX warning (ext4): destination with the same identifier (name{ex.1}) has been already used, duplicate ignored
<to be read again> 
                   \relax 
l.826 	C
        ho điểm $M\left(1;-1;3\right)$ và mặt cầu $(S)$ có phương...
Overfull \hbox (3.78441pt too wide) in paragraph at lines 832--832
[][] 
 []


Overfull \hbox (3.96068pt too wide) in paragraph at lines 832--832
[][] 
 []


Overfull \hbox (4.19017pt too wide) in paragraph at lines 832--832
[][] 
 []


Overfull \hbox (4.26732pt too wide) in paragraph at lines 832--832
[][] 
 []


pdfTeX warning (ext4): destination with the same identifier (name{ex.2}) has been already used, duplicate ignored
<to be read again> 
                   \relax 
l.837 	C
        ho mặt cầu $(S)\colon x^2+y^2+z^2-2x-4y-6z = 0$ và ba điểm $...
Overfull \hbox (3.78441pt too wide) in paragraph at lines 843--843
[][] 
 []


Overfull \hbox (3.96068pt too wide) in paragraph at lines 843--843
[][] 
 []


Overfull \hbox (4.19017pt too wide) in paragraph at lines 843--843
[][] 
 []


Overfull \hbox (4.26732pt too wide) in paragraph at lines 843--843
[][] 
 []


pdfTeX warning (ext4): destination with the same identifier (name{ex.3}) has been already used, duplicate ignored
<to be read again> 
                   \relax 
l.848 	C
        ho mặt cầu $(S): x^2+y^2+z^2-4y+6z-2=0$ và mặt phẳng $(P)\c... [82]
Overfull \hbox (3.78441pt too wide) in paragraph at lines 854--854
[][] 
 []


Overfull \hbox (3.96068pt too wide) in paragraph at lines 854--854
[][] 
 []


Overfull \hbox (4.19017pt too wide) in paragraph at lines 854--854
[][] 
 []


Overfull \hbox (4.26732pt too wide) in paragraph at lines 854--854
[][] 
 []


pdfTeX warning (ext4): destination with the same identifier (name{ex.4}) has been already used, duplicate ignored
<to be read again> 
                   \relax 
l.861 	C
        ho mặt phẳng $(P)$ và mặt cầu $(S)$ có phương trình l�...
Overfull \hbox (3.78441pt too wide) in paragraph at lines 867--867
[][] 
 []


Overfull \hbox (3.96068pt too wide) in paragraph at lines 867--867
[][] 
 []


Overfull \hbox (4.19017pt too wide) in paragraph at lines 867--867
[][] 
 []


Overfull \hbox (4.26732pt too wide) in paragraph at lines 867--867
[][] 
 []


pdfTeX warning (ext4): destination with the same identifier (name{ex.5}) has been already used, duplicate ignored
<to be read again> 
                   \relax 
l.880 	T
        rong không gian với hệ tọa độ $Oxyz$, cho mặt phẳng $(...
Overfull \hbox (3.78441pt too wide) in paragraph at lines 886--886
[][] 
 []


Overfull \hbox (3.96068pt too wide) in paragraph at lines 886--886
[][] 
 []


Overfull \hbox (4.19017pt too wide) in paragraph at lines 886--886
[][] 
 []


Overfull \hbox (4.26732pt too wide) in paragraph at lines 886--886
[][] 
 []


pdfTeX warning (ext4): destination with the same identifier (name{ex.6}) has been already used, duplicate ignored
<to be read again> 
                   \relax 
l.923 	T
        rong không gian $Oxyz $, mặt cầu có phương trình $x^2+y^2+z...
Overfull \hbox (3.78441pt too wide) in paragraph at lines 930--930
[][] 
 []


Overfull \hbox (3.96068pt too wide) in paragraph at lines 930--930
[][] 
 []


Overfull \hbox (4.19017pt too wide) in paragraph at lines 930--930
[][] 
 []


Overfull \hbox (4.26732pt too wide) in paragraph at lines 930--930
[][] 
 []


pdfTeX warning (ext4): destination with the same identifier (name{ex.7}) has been already used, duplicate ignored
<to be read again> 
                   \relax 
l.937 	T
        rong không gian với hệ trục tọa độ $Oxyz$, cho mặt c�...
Overfull \hbox (3.78441pt too wide) in paragraph at lines 943--943
[][] 
 []


Overfull \hbox (3.96068pt too wide) in paragraph at lines 943--943
[][] 
 []


Overfull \hbox (4.19017pt too wide) in paragraph at lines 943--943
[][] 
 []


Overfull \hbox (4.26732pt too wide) in paragraph at lines 943--943
[][] 
 []


pdfTeX warning (ext4): destination with the same identifier (name{ex.8}) has been already used, duplicate ignored
<to be read again> 
                   \relax 
l.949 	T
        rong không gian $Oxyz$ cho mặt cầu $(S)\colon x^2+y^2+z^2-6x-4y...
Overfull \hbox (3.78441pt too wide) in paragraph at lines 955--955
[][] 
 []


Overfull \hbox (3.96068pt too wide) in paragraph at lines 955--955
[][] 
 []


Overfull \hbox (4.19017pt too wide) in paragraph at lines 955--955
[][] 
 []


Overfull \hbox (4.26732pt too wide) in paragraph at lines 955--955
[][] 
 []


pdfTeX warning (ext4): destination with the same identifier (name{ex.9}) has been already used, duplicate ignored
<to be read again> 
                   \relax 
l.961 	T
        rong không gian với hệ tọa độ $Oxyz$, cho điểm $I(2;1;1...
Overfull \hbox (3.78441pt too wide) in paragraph at lines 967--967
[][] 
 []


Overfull \hbox (3.96068pt too wide) in paragraph at lines 967--967
[][] 
 []


Overfull \hbox (4.19017pt too wide) in paragraph at lines 967--967
[][] 
 []


Overfull \hbox (4.26732pt too wide) in paragraph at lines 967--967
[][] 
 []


pdfTeX warning (ext4): destination with the same identifier (name{ex.10}) has been already used, duplicate ignored
<to be read again> 
                   \relax 
l.976 	T
        rong không gian $Oxyz$, cho mặt cầu $(S)$ có tâm $I(1;2;1)$ v...
Overfull \hbox (3.78441pt too wide) in paragraph at lines 982--982
[][] 
 []


Overfull \hbox (3.96068pt too wide) in paragraph at lines 982--982
[][] 
 []


Overfull \hbox (4.19017pt too wide) in paragraph at lines 982--982
[][] 
 []


Overfull \hbox (4.26732pt too wide) in paragraph at lines 982--982
[][] 
 []

) (data/12/2H5/2H5-TNB4.tex
Output from handle ans going to ans/B4-De2-1.tex
\openout9 = `ans/B4-De2-1.tex'.


pdfTeX warning (ext4): destination with the same identifier (name{ex.1}) has been already used, duplicate ignored
<to be read again> 
                   \relax 
l.7 	T
      rong không gian $Oxyz$, điểm nào sau đây nằm trong mặt cầ...
Overfull \hbox (3.78441pt too wide) in paragraph at lines 13--13
[][] 
 []


Overfull \hbox (3.96068pt too wide) in paragraph at lines 13--13
[][] 
 []


Overfull \hbox (4.19017pt too wide) in paragraph at lines 13--13
[][] 
 []


Overfull \hbox (4.26732pt too wide) in paragraph at lines 13--13
[][] 
 []


pdfTeX warning (ext4): destination with the same identifier (name{ex.2}) has been already used, duplicate ignored
<to be read again> 
                   \relax 
l.24 	T
       rong không gian $Oxyz$, cho mặt cầu $(S)$ có tâm $A\left(3;-1;...
Overfull \hbox (3.78441pt too wide) in paragraph at lines 30--30
[][] 
 []


Overfull \hbox (3.96068pt too wide) in paragraph at lines 30--30
[][] 
 []


Overfull \hbox (4.19017pt too wide) in paragraph at lines 30--30
[][] 
 []


Overfull \hbox (4.26732pt too wide) in paragraph at lines 30--30
[][] 
 []


pdfTeX warning (ext4): destination with the same identifier (name{ex.3}) has been already used, duplicate ignored
<to be read again> 
                   \relax 
l.38 	T
       rong không gian $Oxyz$, cho mặt cầu $(S):\left(x-2\right)^2+\lef...
Overfull \hbox (3.78441pt too wide) in paragraph at lines 44--44
[][] 
 []


Overfull \hbox (3.96068pt too wide) in paragraph at lines 44--44
[][] 
 []


Overfull \hbox (4.19017pt too wide) in paragraph at lines 44--44
[][] 
 []


Overfull \hbox (4.26732pt too wide) in paragraph at lines 44--44
[][] 
 []


pdfTeX warning (ext4): destination with the same identifier (name{ex.4}) has been already used, duplicate ignored
<to be read again> 
                   \relax 
l.51 	T
       rong không gian $Oxyz$, cho hai điểm $M\left(3;-2;5\right)$, $N\l...
Overfull \hbox (3.78441pt too wide) in paragraph at lines 57--57
[][] 
 []


Overfull \hbox (3.96068pt too wide) in paragraph at lines 57--57
[][] 
 []


Overfull \hbox (4.19017pt too wide) in paragraph at lines 57--57
[][] 
 []


Overfull \hbox (4.26732pt too wide) in paragraph at lines 57--57
[][] 
 []

[83]
pdfTeX warning (ext4): destination with the same identifier (name{ex.5}) has been already used, duplicate ignored
<to be read again> 
                   \relax 
l.66 	T
       rong không gian $Oxyz$, cho mặt cầu $(S)\colon \left(x-5\right)^...
Overfull \hbox (3.78441pt too wide) in paragraph at lines 72--72
[][] 
 []


Overfull \hbox (3.96068pt too wide) in paragraph at lines 72--72
[][] 
 []


Overfull \hbox (4.19017pt too wide) in paragraph at lines 72--72
[][] 
 []


Overfull \hbox (4.26732pt too wide) in paragraph at lines 72--72
[][] 
 []


pdfTeX warning (ext4): destination with the same identifier (name{ex.6}) has been already used, duplicate ignored
<to be read again> 
                   \relax 
l.79 	T
       rong không gian $Oxyz$, phương trình nào sau đây là phương ...
Overfull \hbox (3.78441pt too wide) in paragraph at lines 85--85
[][] 
 []


Overfull \hbox (3.96068pt too wide) in paragraph at lines 85--85
[][] 
 []


Overfull \hbox (4.19017pt too wide) in paragraph at lines 85--85
[][] 
 []


Overfull \hbox (4.26732pt too wide) in paragraph at lines 85--85
[][] 
 []


pdfTeX warning (ext4): destination with the same identifier (name{ex.7}) has been already used, duplicate ignored
<to be read again> 
                   \relax 
l.97 	T
       rong không gian với hệ toạ độ $Oxyz$,  cho mặt cầu $(S)...
Overfull \hbox (3.78441pt too wide) in paragraph at lines 103--103
[][] 
 []


Overfull \hbox (3.96068pt too wide) in paragraph at lines 103--103
[][] 
 []


Overfull \hbox (4.19017pt too wide) in paragraph at lines 103--103
[][] 
 []


Overfull \hbox (4.26732pt too wide) in paragraph at lines 103--103
[][] 
 []


pdfTeX warning (ext4): destination with the same identifier (name{ex.8}) has been already used, duplicate ignored
<to be read again> 
                   \relax 
l.111 	T
        rong không gian $Oxyz$, một thiết bị phát sóng đặt tại...
Overfull \hbox (3.78441pt too wide) in paragraph at lines 117--117
[][] 
 []


Overfull \hbox (3.96068pt too wide) in paragraph at lines 117--117
[][] 
 []


Overfull \hbox (4.19017pt too wide) in paragraph at lines 117--117
[][] 
 []


Overfull \hbox (4.26732pt too wide) in paragraph at lines 117--117
[][] 
 []


pdfTeX warning (ext4): destination with the same identifier (name{ex.9}) has been already used, duplicate ignored
<to be read again> 
                   \relax 
l.127 	T
        rong không gian $Oxyz$, cho mặt cầu $(S)\colon x^2+y^2+z^2-2x+4...
Overfull \hbox (3.78441pt too wide) in paragraph at lines 133--133
[][] 
 []


Overfull \hbox (3.96068pt too wide) in paragraph at lines 133--133
[][] 
 []


Overfull \hbox (4.19017pt too wide) in paragraph at lines 133--133
[][] 
 []


Overfull \hbox (4.26732pt too wide) in paragraph at lines 133--133
[][] 
 []


pdfTeX warning (ext4): destination with the same identifier (name{ex.10}) has been already used, duplicate ignored
<to be read again> 
                   \relax 
l.141 	T
        rong không gian $Oxyz$, phương trình mặt cầu tâm $I\left(1;...
Overfull \hbox (3.78441pt too wide) in paragraph at lines 147--147
[][] 
 []


Overfull \hbox (3.96068pt too wide) in paragraph at lines 147--147
[][] 
 []


Overfull \hbox (4.19017pt too wide) in paragraph at lines 147--147
[][] 
 []


Overfull \hbox (4.26732pt too wide) in paragraph at lines 147--147
[][] 
 []


pdfTeX warning (ext4): destination with the same identifier (name{ex.11}) has been already used, duplicate ignored
<to be read again> 
                   \relax 
l.157 	T
        rong không gian $Oxyz$, tìm $m$ để phương trình $x^2+y^2+z^2...
Overfull \hbox (3.78441pt too wide) in paragraph at lines 163--163
[][] 
 []


Overfull \hbox (3.96068pt too wide) in paragraph at lines 163--163
[][] 
 []


Overfull \hbox (4.19017pt too wide) in paragraph at lines 163--163
[][] 
 []


Overfull \hbox (4.26732pt too wide) in paragraph at lines 163--163
[][] 
 []


pdfTeX warning (ext4): destination with the same identifier (name{ex.12}) has been already used, duplicate ignored
<to be read again> 
                   \relax 
l.173 	T
        rong không gian với hệ toạ độ $Oxyz$, mặt cầu  $(S)\co...
Overfull \hbox (3.78441pt too wide) in paragraph at lines 179--179
[][] 
 []


Overfull \hbox (3.96068pt too wide) in paragraph at lines 179--179
[][] 
 []


Overfull \hbox (4.19017pt too wide) in paragraph at lines 179--179
[][] 
 []


Overfull \hbox (4.26732pt too wide) in paragraph at lines 179--179
[][] 
 []

Output from handle ans going to ans/B4-De2-2.tex
\openout9 = `ans/B4-De2-2.tex'.


pdfTeX warning (ext4): destination with the same identifier (name{ex.1}) has been already used, duplicate ignored
<to be read again> 
                   \relax 
l.189 	T
        rong không gian $Oxyz$, cho mặt cầu $(S): \left(x-2\right)^2+y^...
Overfull \hbox (1.18027pt too wide) in paragraph at lines 195--195
 []|\T5/cmr/bx/n/10 ^^^| 
 []


Overfull \hbox (1.27747pt too wide) in paragraph at lines 195--195
[]\T5/cmr/bx/n/10 a) 
 []


Overfull \hbox (2.07588pt too wide) in paragraph at lines 195--195
[]\T5/cmr/bx/n/10 b) 
 []


Overfull \hbox (0.79842pt too wide) in paragraph at lines 195--195
[]\T5/cmr/bx/n/10 c) 
 []


Overfull \hbox (2.07588pt too wide) in paragraph at lines 195--195
[]\T5/cmr/bx/n/10 d) 
 []


pdfTeX warning (ext4): destination with the same identifier (name{ex.2}) has been already used, duplicate ignored
<to be read again> 
                   \relax 
l.214 	T
        rong không gian $Oxyz$, cho mặt cầu $(S)\colon \left(x-1\right)...
Overfull \hbox (1.18027pt too wide) in paragraph at lines 220--220
 []|\T5/cmr/bx/n/10 ^^^| 
 []


Overfull \hbox (1.27747pt too wide) in paragraph at lines 220--220
[]\T5/cmr/bx/n/10 a) 
 []


Overfull \hbox (2.07588pt too wide) in paragraph at lines 220--220
[]\T5/cmr/bx/n/10 b) 
 []


Overfull \hbox (0.79842pt too wide) in paragraph at lines 220--220
[]\T5/cmr/bx/n/10 c) 
 []


Overfull \hbox (2.07588pt too wide) in paragraph at lines 220--220
[]\T5/cmr/bx/n/10 d) 
 []


pdfTeX warning (ext4): destination with the same identifier (name{ex.3}) has been already used, duplicate ignored
<to be read again> 
                   \relax 
l.241 	T
        rong không gian $Oxyz$, cho mặt cầu $(S): x^2+y^2+z^2+2x+8y+1=0... [84]
Overfull \hbox (1.18027pt too wide) in paragraph at lines 247--247
 []|\T5/cmr/bx/n/10 ^^^| 
 []


Overfull \hbox (1.27747pt too wide) in paragraph at lines 247--247
[]\T5/cmr/bx/n/10 a) 
 []


Overfull \hbox (2.07588pt too wide) in paragraph at lines 247--247
[]\T5/cmr/bx/n/10 b) 
 []


Overfull \hbox (0.79842pt too wide) in paragraph at lines 247--247
[]\T5/cmr/bx/n/10 c) 
 []


Overfull \hbox (2.07588pt too wide) in paragraph at lines 247--247
[]\T5/cmr/bx/n/10 d) 
 []


pdfTeX warning (ext4): destination with the same identifier (name{ex.4}) has been already used, duplicate ignored
<to be read again> 
                   \relax 
l.266 	T
        rong không gian $Oxyz$, cho ba điểm $A(1; 2; -4)$, $B(1; -3; 1)$...
Overfull \hbox (1.18027pt too wide) in paragraph at lines 272--272
 []|\T5/cmr/bx/n/10 ^^^| 
 []


Overfull \hbox (1.27747pt too wide) in paragraph at lines 272--272
[]\T5/cmr/bx/n/10 a) 
 []


Overfull \hbox (2.07588pt too wide) in paragraph at lines 272--272
[]\T5/cmr/bx/n/10 b) 
 []


Overfull \hbox (0.79842pt too wide) in paragraph at lines 272--272
[]\T5/cmr/bx/n/10 c) 
 []


Overfull \hbox (2.07588pt too wide) in paragraph at lines 272--272
[]\T5/cmr/bx/n/10 d) 
 []

Output from handle ans going to ans/B4-De2-3.tex
\openout9 = `ans/B4-De2-3.tex'.


pdfTeX warning (ext4): destination with the same identifier (name{ex.1}) has been already used, duplicate ignored
<to be read again> 
                   \relax 
l.302 	T
        rong không gian $Oxyz$, cho phương trình $x^2+y^2+z^2-4x+2my+3m^...
Underfull \hbox (badness 10000) in paragraph at lines 302--303

 []


pdfTeX warning (ext4): destination with the same identifier (name{ex.2}) has been already used, duplicate ignored
<to be read again> 
                   \relax 
l.315 	T
        rong không gian $Oxyz$ (đơn vị của các trục tọa độ l�...
Underfull \hbox (badness 10000) in paragraph at lines 315--316

 []


pdfTeX warning (ext4): destination with the same identifier (name{ex.3}) has been already used, duplicate ignored
<to be read again> 
                   \relax 
l.352 	M
        ột vỏ kem ốc quế là một loại bánh khô, hình nón $(N...
Underfull \hbox (badness 10000) in paragraph at lines 352--353

 []


pdfTeX warning (ext4): destination with the same identifier (name{ex.4}) has been already used, duplicate ignored
<to be read again> 
                   \relax 
l.410 	T
        rong không gian $Oxyz$, cho mặt cầu $(S)\colon x^2+y^2+z^2-2x-4...
Underfull \hbox (badness 10000) in paragraph at lines 410--411

 []


pdfTeX warning (ext4): destination with the same identifier (name{ex.5}) has been already used, duplicate ignored
<to be read again> 
                   \relax 
l.452 	T
        rong không gian $Oxyz$ (đơn vị của các trục tọa độ l�...
Underfull \hbox (badness 10000) in paragraph at lines 452--453

 []

[85]
<images/bonkhi.png, id=1077, 344.78813pt x 143.03438pt>
File: images/bonkhi.png Graphic file (type png)
<use images/bonkhi.png>
Package pdftex.def Info: images/bonkhi.png  used on input line 504.
(pdftex.def)             Requested size: 241.35004pt x 100.12337pt.

pdfTeX warning (ext4): destination with the same identifier (name{ex.6}) has been already used, duplicate ignored
<to be read again> 
                   \relax 
l.504 \includegraphics[scale=0.7]{images/bonkhi}}
                                                 
Underfull \hbox (badness 10000) in paragraph at lines 504--504

 []


Underfull \hbox (badness 1215) in paragraph at lines 504--504
\T5/cmr/m/n/10 Ph��ng tr�nh m�t ph�ng ch�a
 []


Underfull \hbox (badness 10000) in paragraph at lines 504--504

 []

))
\tf@thm=\write10
\openout10 = `12.thm'.

 [86 <./images/bonkhi.png>] 
enddocument/afterlastpage (AED): lastpage setting LastPage.
(12.aux)
 ***********
LaTeX2e <2026-06-01>
L3 programming layer <2020/03/25>
 ***********


LaTeX Font Warning: Size substitutions with differences
(Font)              up to 0.5pt have occurred.


LaTeX Font Warning: Some font shapes were not available, defaults substituted.

Package rerunfilecheck Info: File `12.out' has not changed.
(rerunfilecheck)             Checksum: 8E2C79425A10CD866EFAA7C9A042453A;14709.
 ) 
Here is how much of TeX's memory you used:
 82794 strings out of 467509
 2024856 string characters out of 5408773
 3166970 words of memory out of 5000000
 110309 multiletter control sequences out of 15000+600000
 720219 words of font info for 182 fonts, out of 8000000 for 9000
 1141 hyphenation exceptions out of 8191
 122i,26n,145p,1256b,2301s stack positions out of 10000i,1000n,20000p,200000b,200000s
<C:/Users/cocha/AppData/Local/Programs/MiKTeX/fonts/type1/public/fontawesome/FontAwesome.pfb><C:/Users/cocha/AppData/Local/Programs/MiKTeX/fonts/type1/public/amsfonts/cm/cmex10.pfb><C:/Users/cocha/AppData/Local/Programs/MiKTeX/fonts/type1/public/amsfonts/cm/cmmi10.pfb><C:/Users/cocha/AppData/Local/Programs/MiKTeX/fonts/type1/public/amsfonts/cm/cmmi7.pfb><C:/Users/cocha/AppData/Local/Programs/MiKTeX/fonts/type1/public/amsfonts/cm/cmmi8.pfb><C:/Users/cocha/AppData/Local/Programs/MiKTeX/fonts/type1/public/amsfonts/cm/cmmi9.pfb><C:/Users/cocha/AppData/Local/Programs/MiKTeX/fonts/type1/public/amsfonts/cm/cmr10.pfb><C:/Users/cocha/AppData/Local/Programs/MiKTeX/fonts/type1/public/amsfonts/cm/cmr6.pfb><C:/Users/cocha/AppData/Local/Programs/MiKTeX/fonts/type1/public/amsfonts/cm/cmr7.pfb><C:/Users/cocha/AppData/Local/Programs/MiKTeX/fonts/type1/public/amsfonts/cm/cmr8.pfb><C:/Users/cocha/AppData/Local/Programs/MiKTeX/fonts/type1/public/amsfonts/cm/cmr9.pfb><C:/Users/cocha/AppData/Local/Programs/MiKTeX/fonts/type1/public/amsfonts/cm/cmsy10.pfb><C:/Users/cocha/AppData/Local/Programs/MiKTeX/fonts/type1/public/amsfonts/cm/cmsy5.pfb><C:/Users/cocha/AppData/Local/Programs/MiKTeX/fonts/type1/public/amsfonts/cm/cmsy6.pfb><C:/Users/cocha/AppData/Local/Programs/MiKTeX/fonts/type1/public/amsfonts/cm/cmsy7.pfb><C:/Users/cocha/AppData/Local/Programs/MiKTeX/fonts/type1/public/amsfonts/cm/cmsy8.pfb><C:/Users/cocha/AppData/Local/Programs/MiKTeX/fonts/type1/public/amsfonts/symbols/msam10.pfb><C:/Users/cocha/AppData/Local/Programs/MiKTeX/fonts/type1/public/amsfonts/symbols/msbm10.pfb><C:/Users/cocha/AppData/Local/Programs/MiKTeX/fonts/type1/vntex/vntopia/putb8v.pfb><C:/Users/cocha/AppData/Local/Programs/MiKTeX/fonts/type1/public/tex-gyre/qagb.pfb><C:/Users/cocha/AppData/Local/Programs/MiKTeX/fonts/type1/public/tex-gyre/qagr.pfb><C:/Users/cocha/AppData/Local/Programs/MiKTeX/fonts/type1/public/txfonts/txsyc.pfb><C:/Users/cocha/AppData/Local/Programs/MiKTeX/fonts/type1/vntex/grotesqvn/ugqb8v.pfb><C:/Users/cocha/AppData/Local/Programs/MiKTeX/fonts/type1/urw/zapfding/uzdr.pfb><C:/Users/cocha/AppData/Local/Programs/MiKTeX/fonts/type1/public/esvect/vect10.pfb><C:/Users/cocha/AppData/Local/Programs/MiKTeX/fonts/type1/public/esvect/vect7.pfb><C:/Users/cocha/AppData/Local/Programs/MiKTeX/fonts/type1/public/esvect/vect8.pfb><C:/Users/cocha/AppData/Local/Programs/MiKTeX/fonts/type1/public/esvect/vect9.pfb><C:/Users/cocha/AppData/Local/Programs/MiKTeX/fonts/type1/vntex/vnr/vnbx10.pfb><C:/Users/cocha/AppData/Local/Programs/MiKTeX/fonts/type1/vntex/vnr/vnbx12.pfb><C:/Users/cocha/AppData/Local/Programs/MiKTeX/fonts/type1/vntex/vnr/vnbxti10.pfb><C:/Users/cocha/AppData/Local/Programs/MiKTeX/fonts/type1/vntex/vnr/vnr10.pfb><C:/Users/cocha/AppData/Local/Programs/MiKTeX/fonts/type1/vntex/vnr/vnr5.pfb><C:/Users/cocha/AppData/Local/Programs/MiKTeX/fonts/type1/vntex/vnr/vnr7.pfb><C:/Users/cocha/AppData/Local/Programs/MiKTeX/fonts/type1/vntex/vnr/vnr8.pfb><C:/Users/cocha/AppData/Local/Programs/MiKTeX/fonts/type1/vntex/vnr/vnss10.pfb><C:/Users/cocha/AppData/Local/Programs/MiKTeX/fonts/type1/vntex/vnr/vnss12.pfb><C:/Users/cocha/AppData/Local/Programs/MiKTeX/fonts/type1/vntex/vnr/vnssbx10.pfb><C:/Users/cocha/AppData/Local/Programs/MiKTeX/fonts/type1/vntex/vnr/vnti10.pfb><C:/Users/cocha/AppData/Local/Programs/MiKTeX/fonts/type1/public/yhmath/yhcmex.pfb>
Output written on 12.pdf (86 pages, 2945237 bytes).
PDF statistics:
 1324 PDF objects out of 1440 (max. 8388607)
 335 named destinations out of 1000 (max. 500000)
 618 words of extra memory for PDF output out of 10000 (max. 10000000)

