This is pdfTeX, Version 3.141592653-2.6-1.40.24 (MiKTeX 22.1) (preloaded format=pdflatex 2023.2.10)  19 MAY 2023 09:41
entering extended mode
 \write18 enabled.
 %&-line parsing enabled.
**./TenDuAn_KhoiLop_TenBaiThi_DonViRaDe_NamHoc_TNTL.tex
(TenDuAn_KhoiLop_TenBaiThi_DonViRaDe_NamHoc_TNTL.tex
LaTeX2e <2022-11-01> patch level 1
L3 programming layer <2022-12-17>

! LaTeX Error: Environment name undefined.

See the LaTeX manual or LaTeX Companion for explanation.
Type  H <return>  for immediate help.
 ...                                              
                                                  
l.1 \begin{name}
                
Your command was ignored.
Type  I <command> <return>  to replace it with another command,
or  <return>  to continue without it.


! LaTeX Error: Missing \begin{document}.

See the LaTeX manual or LaTeX Companion for explanation.
Type  H <return>  for immediate help.
 ...                                              
                                                  
l.2 ^^I{H
         ^^c3^^8cNH H^^e1^^bb^^8cC}
You're in trouble here.  Try typing  <return>  to proceed.
If that doesn't work, type  X <return>  to quit.

Missing character: There is no H in font nullfont!
LaTeX Font Info:    Trying to load font information for +cmr on input line 2.
LaTeX Font Info:    No file cmr.fd. on input line 2.

LaTeX Font Warning: Font shape `/cmr/m/n' undefined
(Font)              using `/cmr/m/n' instead on input line 2.

! Corrupted NFSS tables.
wrong@fontshape ...message {Corrupted NFSS tables}
                                                  error@fontshape else let f...
l.2 ^^I{H^^c3^^8c
                 NH H^^e1^^bb^^8cC}
This error message was generated by an \errmessage
command, so I can't give any explicit help.
Pretend that you're Hercule Poirot: Examine all clues,
and deduce the truth by order and method.


LaTeX Font Warning: Font shape `/cmr/m/n' undefined
(Font)              using `OT1/cmr/m/n' instead on input line 2.

Missing character: There is no N in font nullfont!
Missing character: There is no H in font nullfont!
Missing character: There is no H in font nullfont!

! LaTeX Error: Unicode character ^^e1^^bb^^8c (U+1ECC)
               not set up for use with LaTeX.

See the LaTeX manual or LaTeX Companion for explanation.
Type  H <return>  for immediate help.
 ...                                              
                                                  
l.2 ^^I{H^^c3^^8cNH H^^e1^^bb^^8c
                                 C}
You may provide a definition with
\DeclareUnicodeCharacter 

Missing character: There is no C in font nullfont!

! LaTeX Error: Command \DJ unavailable in encoding .

See the LaTeX manual or LaTeX Companion for explanation.
Type  H <return>  for immediate help.
 ...                                              
                                                  
l.3 ^^I{^^c4^^90
                ^^e1^^bb^^80 LUY^^e1^^bb^^86N T^^e1^^ba^^acP ONLINE KH^^e1^^...

Your command was ignored.
Type  I <command> <return>  to replace it with another command,
or  <return>  to continue without it.


! LaTeX Error: Unicode character ^^e1^^bb^^80 (U+1EC0)
               not set up for use with LaTeX.

See the LaTeX manual or LaTeX Companion for explanation.
Type  H <return>  for immediate help.
 ...                                              
                                                  
l.3 ^^I{^^c4^^90^^e1^^bb^^80
                             LUY^^e1^^bb^^86N T^^e1^^ba^^acP ONLINE KH^^e1^^...

You may provide a definition with
\DeclareUnicodeCharacter 

Missing character: There is no L in font nullfont!
Missing character: There is no U in font nullfont!
Missing character: There is no Y in font nullfont!

! LaTeX Error: Unicode character ^^e1^^bb^^86 (U+1EC6)
               not set up for use with LaTeX.

See the LaTeX manual or LaTeX Companion for explanation.
Type  H <return>  for immediate help.
 ...                                              
                                                  
l.3 ^^I{^^c4^^90^^e1^^bb^^80 LUY^^e1^^bb^^86
                                            N T^^e1^^ba^^acP ONLINE KH^^e1^^...

You may provide a definition with
\DeclareUnicodeCharacter 

Missing character: There is no N in font nullfont!
Missing character: There is no T in font nullfont!

! LaTeX Error: Unicode character ^^e1^^ba^^ac (U+1EAC)
               not set up for use with LaTeX.

See the LaTeX manual or LaTeX Companion for explanation.
Type  H <return>  for immediate help.
 ...                                              
                                                  
l.3 ...^^e1^^bb^^80 LUY^^e1^^bb^^86N T^^e1^^ba^^ac
                                                  P ONLINE KH^^e1^^bb^^90I 8...

You may provide a definition with
\DeclareUnicodeCharacter 

Missing character: There is no P in font nullfont!
Missing character: There is no O in font nullfont!
Missing character: There is no N in font nullfont!
Missing character: There is no L in font nullfont!
Missing character: There is no I in font nullfont!
Missing character: There is no N in font nullfont!
Missing character: There is no E in font nullfont!
Missing character: There is no K in font nullfont!
Missing character: There is no H in font nullfont!

! LaTeX Error: Unicode character ^^e1^^bb^^90 (U+1ED0)
               not set up for use with LaTeX.

See the LaTeX manual or LaTeX Companion for explanation.
Type  H <return>  for immediate help.
 ...                                              
                                                  
l.3 ...b^^86N T^^e1^^ba^^acP ONLINE KH^^e1^^bb^^90
                                                  I 8 - TU^^e1^^ba^^a6N \the...

You may provide a definition with
\DeclareUnicodeCharacter 

Missing character: There is no I in font nullfont!
Missing character: There is no 8 in font nullfont!
Missing character: There is no - in font nullfont!
Missing character: There is no T in font nullfont!
Missing character: There is no U in font nullfont!

! LaTeX Error: Unicode character ^^e1^^ba^^a6 (U+1EA6)
               not set up for use with LaTeX.

See the LaTeX manual or LaTeX Companion for explanation.
Type  H <return>  for immediate help.
 ...                                              
                                                  
l.3 ...P ONLINE KH^^e1^^bb^^90I 8 - TU^^e1^^ba^^a6
                                                  N \thechapter}
You may provide a definition with
\DeclareUnicodeCharacter 

Missing character: There is no N in font nullfont!
! Undefined control sequence.
l.3 ...e1^^bb^^90I 8 - TU^^e1^^ba^^a6N \thechapter
                                                  }
The control sequence at the end of the top line
of your error message was never \def'ed. If you have
misspelled it (e.g., `\hobx'), type `I' and the correct
spelling (e.g., `I\hbox'). Otherwise just continue,
and I'll forget about whatever was undefined.


! LaTeX Error: \begin{document} ended by \end{name}.

See the LaTeX manual or LaTeX Companion for explanation.
Type  H <return>  for immediate help.
 ...                                              
                                                  
l.4 \end{name}
              
Your command was ignored.
Type  I <command> <return>  to replace it with another command,
or  <return>  to continue without it.


! LaTeX Error: No counter 'ex' defined.

See the LaTeX manual or LaTeX Companion for explanation.
Type  H <return>  for immediate help.
 ...                                              
                                                  
l.5 \setcounter{ex}{0}
                      \setcounter{bt}{0}
Your command was ignored.
Type  I <command> <return>  to replace it with another command,
or  <return>  to continue without it.


! LaTeX Error: No counter 'bt' defined.

See the LaTeX manual or LaTeX Companion for explanation.
Type  H <return>  for immediate help.
 ...                                              
                                                  
l.5 \setcounter{ex}{0}\setcounter{bt}{0}
                                        
Your command was ignored.
Type  I <command> <return>  to replace it with another command,
or  <return>  to continue without it.

! Undefined control sequence.
l.6 \Opensolutionfile
                     {ans}[ans/ans-2-TT-11-NguyenKhuyen-HCM-24-03-2019]
The control sequence at the end of the top line
of your error message was never \def'ed. If you have
misspelled it (e.g., `\hobx'), type `I' and the correct
spelling (e.g., `I\hbox'). Otherwise just continue,
and I'll forget about whatever was undefined.

Missing character: There is no a in font nullfont!
Missing character: There is no n in font nullfont!
Missing character: There is no s in font nullfont!
Missing character: There is no [ in font nullfont!
Missing character: There is no a in font nullfont!
Missing character: There is no n in font nullfont!
Missing character: There is no s in font nullfont!
Missing character: There is no / in font nullfont!
Missing character: There is no a in font nullfont!
Missing character: There is no n in font nullfont!
Missing character: There is no s in font nullfont!
Missing character: There is no - in font nullfont!
Missing character: There is no 2 in font nullfont!
Missing character: There is no - in font nullfont!
Missing character: There is no T in font nullfont!
Missing character: There is no T in font nullfont!
Missing character: There is no - in font nullfont!
Missing character: There is no 1 in font nullfont!
Missing character: There is no 1 in font nullfont!
Missing character: There is no - in font nullfont!
Missing character: There is no N in font nullfont!
Missing character: There is no g in font nullfont!
Missing character: There is no u in font nullfont!
Missing character: There is no y in font nullfont!
Missing character: There is no e in font nullfont!
Missing character: There is no n in font nullfont!
Missing character: There is no K in font nullfont!
Missing character: There is no h in font nullfont!
Missing character: There is no u in font nullfont!
Missing character: There is no y in font nullfont!
Missing character: There is no e in font nullfont!
Missing character: There is no n in font nullfont!
Missing character: There is no - in font nullfont!
Missing character: There is no H in font nullfont!
Missing character: There is no C in font nullfont!
Missing character: There is no M in font nullfont!
Missing character: There is no - in font nullfont!
Missing character: There is no 2 in font nullfont!
Missing character: There is no 4 in font nullfont!
Missing character: There is no - in font nullfont!
Missing character: There is no 0 in font nullfont!
Missing character: There is no 3 in font nullfont!
Missing character: There is no - in font nullfont!
Missing character: There is no 2 in font nullfont!
Missing character: There is no 0 in font nullfont!
Missing character: There is no 1 in font nullfont!
Missing character: There is no 9 in font nullfont!
Missing character: There is no ] in font nullfont!

! LaTeX Error: Environment luuy undefined.

See the LaTeX manual or LaTeX Companion for explanation.
Type  H <return>  for immediate help.
 ...                                              
                                                  
l.7 \begin{luuy}
                
Your command was ignored.
Type  I <command> <return>  to replace it with another command,
or  <return>  to continue without it.

! Undefined control sequence.
l.8 ^^I\noindent{\bf
                     M^^e1^^bb^^98T S^^e1^^bb^^90 KI^^e1^^ba^^beN TH^^e1^^bb...
The control sequence at the end of the top line
of your error message was never \def'ed. If you have
misspelled it (e.g., `\hobx'), type `I' and the correct
spelling (e.g., `I\hbox'). Otherwise just continue,
and I'll forget about whatever was undefined.

Missing character: There is no M in font nullfont!

! LaTeX Error: Unicode character ^^e1^^bb^^98 (U+1ED8)
               not set up for use with LaTeX.

See the LaTeX manual or LaTeX Companion for explanation.
Type  H <return>  for immediate help.
 ...                                              
                                                  
l.8 ^^I\noindent{\bf M^^e1^^bb^^98
                                  T S^^e1^^bb^^90 KI^^e1^^ba^^beN TH^^e1^^bb...

You may provide a definition with
\DeclareUnicodeCharacter 

Missing character: There is no T in font nullfont!
Missing character: There is no S in font nullfont!

! LaTeX Error: Unicode character ^^e1^^bb^^90 (U+1ED0)
               not set up for use with LaTeX.

See the LaTeX manual or LaTeX Companion for explanation.
Type  H <return>  for immediate help.
 ...                                              
                                                  
l.8 ^^I\noindent{\bf M^^e1^^bb^^98T S^^e1^^bb^^90
                                                  KI^^e1^^ba^^beN TH^^e1^^bb...

You may provide a definition with
\DeclareUnicodeCharacter 

Missing character: There is no K in font nullfont!
Missing character: There is no I in font nullfont!

! LaTeX Error: Unicode character ^^e1^^ba^^be (U+1EBE)
               not set up for use with LaTeX.

See the LaTeX manual or LaTeX Companion for explanation.
Type  H <return>  for immediate help.
 ...                                              
                                                  
l.8 ...M^^e1^^bb^^98T S^^e1^^bb^^90 KI^^e1^^ba^^be
                                                  N TH^^e1^^bb^^a8C C^^e1^^b...

You may provide a definition with
\DeclareUnicodeCharacter 

Missing character: There is no N in font nullfont!
Missing character: There is no T in font nullfont!
Missing character: There is no H in font nullfont!

! LaTeX Error: Unicode character ^^e1^^bb^^a8 (U+1EE8)
               not set up for use with LaTeX.

See the LaTeX manual or LaTeX Companion for explanation.
Type  H <return>  for immediate help.
 ...                                              
                                                  
l.8 ...^^e1^^bb^^90 KI^^e1^^ba^^beN TH^^e1^^bb^^a8
                                                  C C^^e1^^ba^^a6N NH^^e1^^b...

You may provide a definition with
\DeclareUnicodeCharacter 

Missing character: There is no C in font nullfont!
Missing character: There is no C in font nullfont!

! LaTeX Error: Unicode character ^^e1^^ba^^a6 (U+1EA6)
               not set up for use with LaTeX.

See the LaTeX manual or LaTeX Companion for explanation.
Type  H <return>  for immediate help.
 ...                                              
                                                  
l.8 ...^^e1^^ba^^beN TH^^e1^^bb^^a8C C^^e1^^ba^^a6
                                                  N NH^^e1^^bb^^9a:}\\
You may provide a definition with
\DeclareUnicodeCharacter 

Missing character: There is no N in font nullfont!
Missing character: There is no N in font nullfont!
Missing character: There is no H in font nullfont!

! LaTeX Error: Unicode character ^^e1^^bb^^9a (U+1EDA)
               not set up for use with LaTeX.

See the LaTeX manual or LaTeX Companion for explanation.
Type  H <return>  for immediate help.
 ...                                              
                                                  
l.8 ...^^e1^^bb^^a8C C^^e1^^ba^^a6N NH^^e1^^bb^^9a
                                                  :}\\
You may provide a definition with
\DeclareUnicodeCharacter 

Missing character: There is no : in font nullfont!

! LaTeX Error: Unicode character ^^e1^^ba^^ad (U+1EAD)
               not set up for use with LaTeX.

See the LaTeX manual or LaTeX Companion for explanation.
Type  H <return>  for immediate help.
 ...                                              
                                                  
l.9 ^^I\textbf{Nh^^e1^^ba^^adn x^^c3^^a9t:}
                                            Hai tam gi^^c3^^a1c ^^c4^^91^^e1...

You may provide a definition with
\DeclareUnicodeCharacter 

Missing character: There is no H in font nullfont!
Missing character: There is no a in font nullfont!
Missing character: There is no i in font nullfont!
Missing character: There is no t in font nullfont!
Missing character: There is no a in font nullfont!
Missing character: There is no m in font nullfont!
Missing character: There is no g in font nullfont!
Missing character: There is no i in font nullfont!
Missing character: There is no c in font nullfont!

! LaTeX Error: Command \dj unavailable in encoding .

See the LaTeX manual or LaTeX Companion for explanation.
Type  H <return>  for immediate help.
 ...                                              
                                                  
l.9 ...n x^^c3^^a9t:} Hai tam gi^^c3^^a1c ^^c4^^91
                                                  ^^e1^^bb^^93ng d^^e1^^ba^^...

Your command was ignored.
Type  I <command> <return>  to replace it with another command,
or  <return>  to continue without it.


! LaTeX Error: Unicode character ^^e1^^bb^^93 (U+1ED3)
               not set up for use with LaTeX.

See the LaTeX manual or LaTeX Companion for explanation.
Type  H <return>  for immediate help.
 ...                                              
                                                  
l.9 ...:} Hai tam gi^^c3^^a1c ^^c4^^91^^e1^^bb^^93
                                                  ng d^^e1^^ba^^a1ng th^^c3^...

You may provide a definition with
\DeclareUnicodeCharacter 

Missing character: There is no n in font nullfont!
Missing character: There is no g in font nullfont!
Missing character: There is no d in font nullfont!

! LaTeX Error: Unicode character ^^e1^^ba^^a1 (U+1EA1)
               not set up for use with LaTeX.

See the LaTeX manual or LaTeX Companion for explanation.
Type  H <return>  for immediate help.
 ...                                              
                                                  
l.9 ...3^^a1c ^^c4^^91^^e1^^bb^^93ng d^^e1^^ba^^a1
                                                  ng th^^c3^^ac t^^e1^^bb^^8...

You may provide a definition with
\DeclareUnicodeCharacter 

Missing character: There is no n in font nullfont!
Missing character: There is no g in font nullfont!
Missing character: There is no t in font nullfont!
Missing character: There is no h in font nullfont!
Missing character: There is no t in font nullfont!

! LaTeX Error: Unicode character ^^e1^^bb^^89 (U+1EC9)
               not set up for use with LaTeX.

See the LaTeX manual or LaTeX Companion for explanation.
Type  H <return>  for immediate help.
 ...                                              
                                                  
l.9 ...ng d^^e1^^ba^^a1ng th^^c3^^ac t^^e1^^bb^^89
                                                   s^^e1^^bb^^91 di^^e1^^bb^...

You may provide a definition with
\DeclareUnicodeCharacter 

Missing character: There is no s in font nullfont!

! LaTeX Error: Unicode character ^^e1^^bb^^91 (U+1ED1)
               not set up for use with LaTeX.

See the LaTeX manual or LaTeX Companion for explanation.
Type  H <return>  for immediate help.
 ...                                              
                                                  
l.9 ...a1ng th^^c3^^ac t^^e1^^bb^^89 s^^e1^^bb^^91
                                                   di^^e1^^bb^^87n t^^c3^^ad...

You may provide a definition with
\DeclareUnicodeCharacter 

Missing character: There is no d in font nullfont!
Missing character: There is no i in font nullfont!

! LaTeX Error: Unicode character ^^e1^^bb^^87 (U+1EC7)
               not set up for use with LaTeX.

See the LaTeX manual or LaTeX Companion for explanation.
Type  H <return>  for immediate help.
 ...                                              
                                                  
l.9 ... t^^e1^^bb^^89 s^^e1^^bb^^91 di^^e1^^bb^^87
                                                  n t^^c3^^adch b^^e1^^ba^^b...

You may provide a definition with
\DeclareUnicodeCharacter 

Missing character: There is no n in font nullfont!
Missing character: There is no t in font nullfont!
Missing character: There is no c in font nullfont!
Missing character: There is no h in font nullfont!
Missing character: There is no b in font nullfont!

! LaTeX Error: Unicode character ^^e1^^ba^^b1 (U+1EB1)
               not set up for use with LaTeX.

See the LaTeX manual or LaTeX Companion for explanation.
Type  H <return>  for immediate help.
 ...                                              
                                                  
l.9 ...1 di^^e1^^bb^^87n t^^c3^^adch b^^e1^^ba^^b1
                                                  ng b^^c3^^acnh ph^^c6^^b0^...

You may provide a definition with
\DeclareUnicodeCharacter 

Missing character: There is no n in font nullfont!
Missing character: There is no g in font nullfont!
Missing character: There is no b in font nullfont!
Missing character: There is no n in font nullfont!
Missing character: There is no h in font nullfont!
Missing character: There is no p in font nullfont!
Missing character: There is no h in font nullfont!

! LaTeX Error: Unicode character ^^c6^^b0 (U+01B0)
               not set up for use with LaTeX.

See the LaTeX manual or LaTeX Companion for explanation.
Type  H <return>  for immediate help.
 ...                                              
                                                  
l.9 ...adch b^^e1^^ba^^b1ng b^^c3^^acnh ph^^c6^^b0
                                                  ^^c6^^a1ng t^^e1^^bb^^89 s...

You may provide a definition with
\DeclareUnicodeCharacter 


! LaTeX Error: Unicode character ^^c6^^a1 (U+01A1)
               not set up for use with LaTeX.

See the LaTeX manual or LaTeX Companion for explanation.
Type  H <return>  for immediate help.
 ...                                              
                                                  
l.9 ...e1^^ba^^b1ng b^^c3^^acnh ph^^c6^^b0^^c6^^a1
                                                  ng t^^e1^^bb^^89 s^^e1^^bb...

You may provide a definition with
\DeclareUnicodeCharacter 

Missing character: There is no n in font nullfont!
Missing character: There is no g in font nullfont!
Missing character: There is no t in font nullfont!

! LaTeX Error: Unicode character ^^e1^^bb^^89 (U+1EC9)
               not set up for use with LaTeX.

See the LaTeX manual or LaTeX Companion for explanation.
Type  H <return>  for immediate help.
 ...                                              
                                                  
l.9 ...c3^^acnh ph^^c6^^b0^^c6^^a1ng t^^e1^^bb^^89
                                                   s^^e1^^bb^^91 ^^c4^^91^^e...

You may provide a definition with
\DeclareUnicodeCharacter 

Missing character: There is no s in font nullfont!

! LaTeX Error: Unicode character ^^e1^^bb^^91 (U+1ED1)
               not set up for use with LaTeX.

See the LaTeX manual or LaTeX Companion for explanation.
Type  H <return>  for immediate help.
 ...                                              
                                                  
l.9 ...6^^b0^^c6^^a1ng t^^e1^^bb^^89 s^^e1^^bb^^91
                                                   ^^c4^^91^^e1^^bb^^93ng d^...

You may provide a definition with
\DeclareUnicodeCharacter 


! LaTeX Error: Command \dj unavailable in encoding .

See the LaTeX manual or LaTeX Companion for explanation.
Type  H <return>  for immediate help.
 ...                                              
                                                  
l.9 ...^^a1ng t^^e1^^bb^^89 s^^e1^^bb^^91 ^^c4^^91
                                                  ^^e1^^bb^^93ng d^^e1^^ba^^...

Your command was ignored.
Type  I <command> <return>  to replace it with another command,
or  <return>  to continue without it.


! LaTeX Error: Unicode character ^^e1^^bb^^93 (U+1ED3)
               not set up for use with LaTeX.

See the LaTeX manual or LaTeX Companion for explanation.
Type  H <return>  for immediate help.
 ...                                              
                                                  
l.9 ...^^bb^^89 s^^e1^^bb^^91 ^^c4^^91^^e1^^bb^^93
                                                  ng d^^e1^^ba^^a1ng.\\
You may provide a definition with
\DeclareUnicodeCharacter 

Missing character: There is no n in font nullfont!
Missing character: There is no g in font nullfont!
Missing character: There is no d in font nullfont!

! LaTeX Error: Unicode character ^^e1^^ba^^a1 (U+1EA1)
               not set up for use with LaTeX.

See the LaTeX manual or LaTeX Companion for explanation.
Type  H <return>  for immediate help.
 ...                                              
                                                  
l.9 ...bb^^91 ^^c4^^91^^e1^^bb^^93ng d^^e1^^ba^^a1
                                                  ng.\\
You may provide a definition with
\DeclareUnicodeCharacter 

Missing character: There is no n in font nullfont!
Missing character: There is no g in font nullfont!
Missing character: There is no . in font nullfont!

! LaTeX Error: Unicode character ^^e1^^bb^^a5 (U+1EE5)
               not set up for use with LaTeX.

See the LaTeX manual or LaTeX Companion for explanation.
Type  H <return>  for immediate help.
 ...                                              
                                                  
l.10 ^^I\textbf{ V^^c3^^ad d^^e1^^bb^^a5:}
                                           Ta c^^c3^^b3 $\triangle ABC\sim \...

You may provide a definition with
\DeclareUnicodeCharacter 

Missing character: There is no T in font nullfont!
Missing character: There is no a in font nullfont!
Missing character: There is no c in font nullfont!
LaTeX Font Info:    External font `cmex10' loaded for size
(Font)              <7> on input line 10.
LaTeX Font Info:    External font `cmex10' loaded for size
(Font)              <5> on input line 10.
Missing character: There is no . in font nullfont!
Missing character: There is no S in font nullfont!
Missing character: There is no u in font nullfont!
Missing character: There is no y in font nullfont!
Missing character: There is no r in font nullfont!
Missing character: There is no a in font nullfont!
! Undefined control sequence.
<recently read> \dfrac 
                       
l.11 ^^ISuy ra $\dfrac
                      {S_{\triangle ABC}}{S_{\triangle ABC}}=\left(\dfrac{AB...
The control sequence at the end of the top line
of your error message was never \def'ed. If you have
misspelled it (e.g., `\hobx'), type `I' and the correct
spelling (e.g., `I\hbox'). Otherwise just continue,
and I'll forget about whatever was undefined.

! Undefined control sequence.
l.11 ...ngle ABC}}{S_{\triangle ABC}}=\left(\dfrac
                                                  {AB}{MN}\right)^2=\left(\d...
The control sequence at the end of the top line
of your error message was never \def'ed. If you have
misspelled it (e.g., `\hobx'), type `I' and the correct
spelling (e.g., `I\hbox'). Otherwise just continue,
and I'll forget about whatever was undefined.

! Undefined control sequence.
l.11 ...\left(\dfrac{AB}{MN}\right)^2=\left(\dfrac
                                                  {AC}{MP}\right)^2=\left(\d...
The control sequence at the end of the top line
of your error message was never \def'ed. If you have
misspelled it (e.g., `\hobx'), type `I' and the correct
spelling (e.g., `I\hbox'). Otherwise just continue,
and I'll forget about whatever was undefined.

! Undefined control sequence.
l.11 ...\left(\dfrac{AC}{MP}\right)^2=\left(\dfrac
                                                  {BC}{NP}\right)^2$.
The control sequence at the end of the top line
of your error message was never \def'ed. If you have
misspelled it (e.g., `\hobx'), type `I' and the correct
spelling (e.g., `I\hbox'). Otherwise just continue,
and I'll forget about whatever was undefined.

Missing character: There is no . in font nullfont!

! LaTeX Error: \begin{document} ended by \end{luuy}.

See the LaTeX manual or LaTeX Companion for explanation.
Type  H <return>  for immediate help.
 ...                                              
                                                  
l.12 \end{luuy}
               
Your command was ignored.
Type  I <command> <return>  to replace it with another command,
or  <return>  to continue without it.


Overfull \hbox (28.61113pt too wide) in paragraph at lines 2--13
[]\/cmr/m/n/10 ^^RI
 []


Overfull \hbox (21.77766pt too wide) in paragraph at lines 2--13
\OT1/cmr/bx/n/10 Nhn
 []


Overfull \hbox (19.00685pt too wide) in paragraph at lines 2--13
\OT1/cmr/bx/n/10 x^^Set:
 []


Overfull \hbox (5.00002pt too wide) in paragraph at lines 2--13
\/cmr/m/n/10 ^^Sa
 []


Overfull \hbox (2.77779pt too wide) in paragraph at lines 2--13
\/cmr/m/n/10 ^^R^^P
 []


Overfull \hbox (2.77779pt too wide) in paragraph at lines 2--13
\/cmr/m/n/10 ^^S^^P
 []


Overfull \hbox (2.77779pt too wide) in paragraph at lines 2--13
\/cmr/m/n/10 ^^R^^P
 []


Overfull \hbox (11.88882pt too wide) in paragraph at lines 2--13
\OT1/cmr/bx/n/10 V^^S^^P
 []


Overfull \hbox (9.58328pt too wide) in paragraph at lines 2--13
\OT1/cmr/bx/n/10 d:
 []


Overfull \hbox (5.00002pt too wide) in paragraph at lines 2--13
\/cmr/m/n/10 ^^So
 []


Overfull \hbox (42.89372pt too wide) in paragraph at lines 2--13
\OMS/cmsy/m/n/10 4\OML/cmm/m/it/10 ABC \OMS/cmsy/m/n/10 ^^X
 []


Overfull \hbox (36.61456pt too wide) in paragraph at lines 2--13
\OMS/cmsy/m/n/10 4\OML/cmm/m/it/10 MNP$ 
 []


Overfull \hbox (75.28745pt too wide) in paragraph at lines 2--13
[][] \/cmr/m/n/10 =
 []


Overfull \hbox (58.32289pt too wide) in paragraph at lines 2--13
[][] \/cmr/m/n/10 =
 []


Overfull \hbox (56.78264pt too wide) in paragraph at lines 2--13
[][] \/cmr/m/n/10 =
 []


Overfull \hbox (45.14723pt too wide) in paragraph at lines 2--13
[][]$
 []


! LaTeX Error: Environment ex undefined.

See the LaTeX manual or LaTeX Companion for explanation.
Type  H <return>  for immediate help.
 ...                                              
                                                  
l.16 \begin{ex}
               
Your command was ignored.
Type  I <command> <return>  to replace it with another command,
or  <return>  to continue without it.


! LaTeX Error: Missing \begin{document}.

See the LaTeX manual or LaTeX Companion for explanation.
Type  H <return>  for immediate help.
 ...                                              
                                                  
l.17 ^^IB
         ^^c3^^b3ng c^^e1^^bb^^a7a m^^e1^^bb^^99t c^^e1^^bb^^99t ^^c4^^91i^^...

You're in trouble here.  Try typing  <return>  to proceed.
If that doesn't work, type  X <return>  to quit.

Missing character: There is no B in font nullfont!
Missing character: There is no n in font nullfont!
Missing character: There is no g in font nullfont!
Missing character: There is no c in font nullfont!

! LaTeX Error: Unicode character ^^e1^^bb^^a7 (U+1EE7)
               not set up for use with LaTeX.

See the LaTeX manual or LaTeX Companion for explanation.
Type  H <return>  for immediate help.
 ...                                              
                                                  
l.17 ^^IB^^c3^^b3ng c^^e1^^bb^^a7
                                 a m^^e1^^bb^^99t c^^e1^^bb^^99t ^^c4^^91i^^...

You may provide a definition with
\DeclareUnicodeCharacter 

Missing character: There is no a in font nullfont!
Missing character: There is no m in font nullfont!

! LaTeX Error: Unicode character ^^e1^^bb^^99 (U+1ED9)
               not set up for use with LaTeX.

See the LaTeX manual or LaTeX Companion for explanation.
Type  H <return>  for immediate help.
 ...                                              
                                                  
l.17 ^^IB^^c3^^b3ng c^^e1^^bb^^a7a m^^e1^^bb^^99
                                                t c^^e1^^bb^^99t ^^c4^^91i^^...

You may provide a definition with
\DeclareUnicodeCharacter 

Missing character: There is no t in font nullfont!
Missing character: There is no c in font nullfont!

! LaTeX Error: Unicode character ^^e1^^bb^^99 (U+1ED9)
               not set up for use with LaTeX.

See the LaTeX manual or LaTeX Companion for explanation.
Type  H <return>  for immediate help.
 ...                                              
                                                  
l.17 ...^^e1^^bb^^a7a m^^e1^^bb^^99t c^^e1^^bb^^99
                                                  t ^^c4^^91i^^e1^^bb^^87n t...

You may provide a definition with
\DeclareUnicodeCharacter 

Missing character: There is no t in font nullfont!

! LaTeX Error: Command \dj unavailable in encoding .

See the LaTeX manual or LaTeX Companion for explanation.
Type  H <return>  for immediate help.
 ...                                              
                                                  
l.17 ...a7a m^^e1^^bb^^99t c^^e1^^bb^^99t ^^c4^^91
                                                  i^^e1^^bb^^87n tr^^c3^^aan...

Your command was ignored.
Type  I <command> <return>  to replace it with another command,
or  <return>  to continue without it.

Missing character: There is no i in font nullfont!

! LaTeX Error: Unicode character ^^e1^^bb^^87 (U+1EC7)
               not set up for use with LaTeX.

See the LaTeX manual or LaTeX Companion for explanation.
Type  H <return>  for immediate help.
 ...                                              
                                                  
l.17 ...^^99t c^^e1^^bb^^99t ^^c4^^91i^^e1^^bb^^87
                                                  n tr^^c3^^aan m^^e1^^ba^^b...

You may provide a definition with
\DeclareUnicodeCharacter 

Missing character: There is no n in font nullfont!
Missing character: There is no t in font nullfont!
Missing character: There is no r in font nullfont!
Missing character: There is no n in font nullfont!
Missing character: There is no m in font nullfont!

! LaTeX Error: Unicode character ^^e1^^ba^^b7 (U+1EB7)
               not set up for use with LaTeX.

See the LaTeX manual or LaTeX Companion for explanation.
Type  H <return>  for immediate help.
 ...                                              
                                                  
l.17 ...91i^^e1^^bb^^87n tr^^c3^^aan m^^e1^^ba^^b7
                                                  t ^^c4^^91^^e1^^ba^^a5t c^...

You may provide a definition with
\DeclareUnicodeCharacter 

Missing character: There is no t in font nullfont!

! LaTeX Error: Command \dj unavailable in encoding .

See the LaTeX manual or LaTeX Companion for explanation.
Type  H <return>  for immediate help.
 ...                                              
                                                  
l.17 ...b^^87n tr^^c3^^aan m^^e1^^ba^^b7t ^^c4^^91
                                                  ^^e1^^ba^^a5t c^^c3^^b3 ^^...

Your command was ignored.
Type  I <command> <return>  to replace it with another command,
or  <return>  to continue without it.


! LaTeX Error: Unicode character ^^e1^^ba^^a5 (U+1EA5)
               not set up for use with LaTeX.

See the LaTeX manual or LaTeX Companion for explanation.
Type  H <return>  for immediate help.
 ...                                              
                                                  
l.17 ...3^^aan m^^e1^^ba^^b7t ^^c4^^91^^e1^^ba^^a5
                                                  t c^^c3^^b3 ^^c4^^91^^e1^^...

You may provide a definition with
\DeclareUnicodeCharacter 

Missing character: There is no t in font nullfont!
Missing character: There is no c in font nullfont!

! LaTeX Error: Command \dj unavailable in encoding .

See the LaTeX manual or LaTeX Companion for explanation.
Type  H <return>  for immediate help.
 ...                                              
                                                  
l.17 ...t ^^c4^^91^^e1^^ba^^a5t c^^c3^^b3 ^^c4^^91
                                                  ^^e1^^bb^^99 d^^c3^^a0i $4...

Your command was ignored.
Type  I <command> <return>  to replace it with another command,
or  <return>  to continue without it.


! LaTeX Error: Unicode character ^^e1^^bb^^99 (U+1ED9)
               not set up for use with LaTeX.

See the LaTeX manual or LaTeX Companion for explanation.
Type  H <return>  for immediate help.
 ...                                              
                                                  
l.17 ...e1^^ba^^a5t c^^c3^^b3 ^^c4^^91^^e1^^bb^^99
                                                   d^^c3^^a0i $4{,}5$ m. C^^...

You may provide a definition with
\DeclareUnicodeCharacter 

Missing character: There is no d in font nullfont!
Missing character: There is no i in font nullfont!
Missing character: There is no m in font nullfont!
Missing character: There is no . in font nullfont!
Missing character: There is no C in font nullfont!
Missing character: There is no n in font nullfont!
Missing character: There is no g in font nullfont!
Missing character: There is no t in font nullfont!
Missing character: There is no h in font nullfont!

! LaTeX Error: Unicode character ^^e1^^bb^^9d (U+1EDD)
               not set up for use with LaTeX.

See the LaTeX manual or LaTeX Companion for explanation.
Type  H <return>  for immediate help.
 ...                                              
                                                  
l.17 ...^a0i $4{,}5$ m. C^^c3^^b9ng th^^e1^^bb^^9d
                                                  i ^^c4^^91i^^e1^^bb^^83m ^...

You may provide a definition with
\DeclareUnicodeCharacter 

Missing character: There is no i in font nullfont!

! LaTeX Error: Command \dj unavailable in encoding .

See the LaTeX manual or LaTeX Companion for explanation.
Type  H <return>  for immediate help.
 ...                                              
                                                  
l.17 ...5$ m. C^^c3^^b9ng th^^e1^^bb^^9di ^^c4^^91
                                                  i^^e1^^bb^^83m ^^c4^^91^^c...

Your command was ignored.
Type  I <command> <return>  to replace it with another command,
or  <return>  to continue without it.

Missing character: There is no i in font nullfont!

! LaTeX Error: Unicode character ^^e1^^bb^^83 (U+1EC3)
               not set up for use with LaTeX.

See the LaTeX manual or LaTeX Companion for explanation.
Type  H <return>  for immediate help.
 ...                                              
                                                  
l.17 ...b9ng th^^e1^^bb^^9di ^^c4^^91i^^e1^^bb^^83
                                                  m ^^c4^^91^^c3^^b3, m^^e1^...

You may provide a definition with
\DeclareUnicodeCharacter 

Missing character: There is no m in font nullfont!

! LaTeX Error: Command \dj unavailable in encoding .

See the LaTeX manual or LaTeX Companion for explanation.
Type  H <return>  for immediate help.
 ...                                              
                                                  
l.17 ...1^^bb^^9di ^^c4^^91i^^e1^^bb^^83m ^^c4^^91
                                                  ^^c3^^b3, m^^e1^^bb^^99t t...

Your command was ignored.
Type  I <command> <return>  to replace it with another command,
or  <return>  to continue without it.

Missing character: There is no , in font nullfont!
Missing character: There is no m in font nullfont!

! LaTeX Error: Unicode character ^^e1^^bb^^99 (U+1ED9)
               not set up for use with LaTeX.

See the LaTeX manual or LaTeX Companion for explanation.
Type  H <return>  for immediate help.
 ...                                              
                                                  
l.17 ...1^^bb^^83m ^^c4^^91^^c3^^b3, m^^e1^^bb^^99
                                                  t thanh s^^e1^^ba^^aft cao...

You may provide a definition with
\DeclareUnicodeCharacter 

Missing character: There is no t in font nullfont!
Missing character: There is no t in font nullfont!
Missing character: There is no h in font nullfont!
Missing character: There is no a in font nullfont!
Missing character: There is no n in font nullfont!
Missing character: There is no h in font nullfont!
Missing character: There is no s in font nullfont!

! LaTeX Error: Unicode character ^^e1^^ba^^af (U+1EAF)
               not set up for use with LaTeX.

See the LaTeX manual or LaTeX Companion for explanation.
Type  H <return>  for immediate help.
 ...                                              
                                                  
l.17 ...c3^^b3, m^^e1^^bb^^99t thanh s^^e1^^ba^^af
                                                  t cao $2{,}1$ m c^^e1^^ba^...

You may provide a definition with
\DeclareUnicodeCharacter 

Missing character: There is no t in font nullfont!
Missing character: There is no c in font nullfont!
Missing character: There is no a in font nullfont!
Missing character: There is no o in font nullfont!
Missing character: There is no m in font nullfont!
Missing character: There is no c in font nullfont!

! LaTeX Error: Unicode character ^^e1^^ba^^af (U+1EAF)
               not set up for use with LaTeX.

See the LaTeX manual or LaTeX Companion for explanation.
Type  H <return>  for immediate help.
 ...                                              
                                                  
l.17 ...s^^e1^^ba^^aft cao $2{,}1$ m c^^e1^^ba^^af
                                                  m vu^^c3^^b4ng g^^c3^^b3c ...

You may provide a definition with
\DeclareUnicodeCharacter 

Missing character: There is no m in font nullfont!
Missing character: There is no v in font nullfont!
Missing character: There is no u in font nullfont!
Missing character: There is no n in font nullfont!
Missing character: There is no g in font nullfont!
Missing character: There is no g in font nullfont!
Missing character: There is no c in font nullfont!
Missing character: There is no v in font nullfont!

! LaTeX Error: Unicode character ^^e1^^bb^^9b (U+1EDB)
               not set up for use with LaTeX.

See the LaTeX manual or LaTeX Companion for explanation.
Type  H <return>  for immediate help.
 ...                                              
                                                  
l.17 ...^afm vu^^c3^^b4ng g^^c3^^b3c v^^e1^^bb^^9b
                                                  i m^^e1^^ba^^b7t ^^c4^^91^...

You may provide a definition with
\DeclareUnicodeCharacter 

Missing character: There is no i in font nullfont!
Missing character: There is no m in font nullfont!

! LaTeX Error: Unicode character ^^e1^^ba^^b7 (U+1EB7)
               not set up for use with LaTeX.

See the LaTeX manual or LaTeX Companion for explanation.
Type  H <return>  for immediate help.
 ...                                              
                                                  
l.17 ...ng g^^c3^^b3c v^^e1^^bb^^9bi m^^e1^^ba^^b7
                                                  t ^^c4^^91^^e1^^ba^^a5t c^...

You may provide a definition with
\DeclareUnicodeCharacter 

Missing character: There is no t in font nullfont!

! LaTeX Error: Command \dj unavailable in encoding .

See the LaTeX manual or LaTeX Companion for explanation.
Type  H <return>  for immediate help.
 ...                                              
                                                  
l.17 ...b3c v^^e1^^bb^^9bi m^^e1^^ba^^b7t ^^c4^^91
                                                  ^^e1^^ba^^a5t c^^c3^^b3 b^...

Your command was ignored.
Type  I <command> <return>  to replace it with another command,
or  <return>  to continue without it.


! LaTeX Error: Unicode character ^^e1^^ba^^a5 (U+1EA5)
               not set up for use with LaTeX.

See the LaTeX manual or LaTeX Companion for explanation.
Type  H <return>  for immediate help.
 ...                                              
                                                  
l.17 ...b^^9bi m^^e1^^ba^^b7t ^^c4^^91^^e1^^ba^^a5
                                                  t c^^c3^^b3 b^^c3^^b3ng d^...

You may provide a definition with
\DeclareUnicodeCharacter 

Missing character: There is no t in font nullfont!
Missing character: There is no c in font nullfont!
Missing character: There is no b in font nullfont!
Missing character: There is no n in font nullfont!
Missing character: There is no g in font nullfont!
Missing character: There is no d in font nullfont!
Missing character: There is no i in font nullfont!
Missing character: There is no m in font nullfont!
Missing character: There is no . in font nullfont!
Missing character: There is no T in font nullfont!
Missing character: There is no n in font nullfont!
Missing character: There is no h in font nullfont!
Missing character: There is no c in font nullfont!
Missing character: There is no h in font nullfont!
Missing character: There is no i in font nullfont!

! LaTeX Error: Unicode character ^^e1^^bb^^81 (U+1EC1)
               not set up for use with LaTeX.

See the LaTeX manual or LaTeX Companion for explanation.
Type  H <return>  for immediate help.
 ...                                              
                                                  
l.17 ...a0i $0{,}6$ m. T^^c3^^adnh chi^^e1^^bb^^81
                                                  u cao c^^e1^^bb^^a7a c^^e1...

You may provide a definition with
\DeclareUnicodeCharacter 

Missing character: There is no u in font nullfont!
Missing character: There is no c in font nullfont!
Missing character: There is no a in font nullfont!
Missing character: There is no o in font nullfont!
Missing character: There is no c in font nullfont!

! LaTeX Error: Unicode character ^^e1^^bb^^a7 (U+1EE7)
               not set up for use with LaTeX.

See the LaTeX manual or LaTeX Companion for explanation.
Type  H <return>  for immediate help.
 ...                                              
                                                  
l.17 ...3^^adnh chi^^e1^^bb^^81u cao c^^e1^^bb^^a7
                                                  a c^^e1^^bb^^99t ^^c4^^91i...

You may provide a definition with
\DeclareUnicodeCharacter 

Missing character: There is no a in font nullfont!
Missing character: There is no c in font nullfont!

! LaTeX Error: Unicode character ^^e1^^bb^^99 (U+1ED9)
               not set up for use with LaTeX.

See the LaTeX manual or LaTeX Companion for explanation.
Type  H <return>  for immediate help.
 ...                                              
                                                  
l.17 ...^^bb^^81u cao c^^e1^^bb^^a7a c^^e1^^bb^^99
                                                  t ^^c4^^91i^^e1^^bb^^87n.
You may provide a definition with
\DeclareUnicodeCharacter 

Missing character: There is no t in font nullfont!

! LaTeX Error: Command \dj unavailable in encoding .

See the LaTeX manual or LaTeX Companion for explanation.
Type  H <return>  for immediate help.
 ...                                              
                                                  
l.17 ...cao c^^e1^^bb^^a7a c^^e1^^bb^^99t ^^c4^^91
                                                  i^^e1^^bb^^87n.
Your command was ignored.
Type  I <command> <return>  to replace it with another command,
or  <return>  to continue without it.

Missing character: There is no i in font nullfont!

! LaTeX Error: Unicode character ^^e1^^bb^^87 (U+1EC7)
               not set up for use with LaTeX.

See the LaTeX manual or LaTeX Companion for explanation.
Type  H <return>  for immediate help.
 ...                                              
                                                  
l.17 ...^^a7a c^^e1^^bb^^99t ^^c4^^91i^^e1^^bb^^87
                                                  n.
You may provide a definition with
\DeclareUnicodeCharacter 

Missing character: There is no n in font nullfont!
Missing character: There is no . in font nullfont!
! Undefined control sequence.
l.18 \loigiai
             {
The control sequence at the end of the top line
of your error message was never \def'ed. If you have
misspelled it (e.g., `\hobx'), type `I' and the correct
spelling (e.g., `I\hbox'). Otherwise just continue,
and I'll forget about whatever was undefined.

! Undefined control sequence.
l.19 ^^I\immini
               {
The control sequence at the end of the top line
of your error message was never \def'ed. If you have
misspelled it (e.g., `\hobx'), type `I' and the correct
spelling (e.g., `I\hbox'). Otherwise just continue,
and I'll forget about whatever was undefined.

Missing character: There is no B in font nullfont!
Missing character: There is no i in font nullfont!

! LaTeX Error: Unicode character ^^e1^^bb^^83 (U+1EC3)
               not set up for use with LaTeX.

See the LaTeX manual or LaTeX Companion for explanation.
Type  H <return>  for immediate help.
 ...                                              
                                                  
l.20 ^^I^^IBi^^e1^^bb^^83
                         u di^^e1^^bb^^85n c^^e1^^bb^^99t ^^c4^^91i^^e1^^bb^...

You may provide a definition with
\DeclareUnicodeCharacter 

Missing character: There is no u in font nullfont!
Missing character: There is no d in font nullfont!
Missing character: There is no i in font nullfont!

! LaTeX Error: Unicode character ^^e1^^bb^^85 (U+1EC5)
               not set up for use with LaTeX.

See the LaTeX manual or LaTeX Companion for explanation.
Type  H <return>  for immediate help.
 ...                                              
                                                  
l.20 ^^I^^IBi^^e1^^bb^^83u di^^e1^^bb^^85
                                         n c^^e1^^bb^^99t ^^c4^^91i^^e1^^bb^...

You may provide a definition with
\DeclareUnicodeCharacter 

Missing character: There is no n in font nullfont!
Missing character: There is no c in font nullfont!

! LaTeX Error: Unicode character ^^e1^^bb^^99 (U+1ED9)
               not set up for use with LaTeX.

See the LaTeX manual or LaTeX Companion for explanation.
Type  H <return>  for immediate help.
 ...                                              
                                                  
l.20 ...^e1^^bb^^83u di^^e1^^bb^^85n c^^e1^^bb^^99
                                                  t ^^c4^^91i^^e1^^bb^^87n b...

You may provide a definition with
\DeclareUnicodeCharacter 

Missing character: There is no t in font nullfont!

! LaTeX Error: Command \dj unavailable in encoding .

See the LaTeX manual or LaTeX Companion for explanation.
Type  H <return>  for immediate help.
 ...                                              
                                                  
l.20 ...3u di^^e1^^bb^^85n c^^e1^^bb^^99t ^^c4^^91
                                                  i^^e1^^bb^^87n b^^e1^^ba^^...

Your command was ignored.
Type  I <command> <return>  to replace it with another command,
or  <return>  to continue without it.

Missing character: There is no i in font nullfont!

! LaTeX Error: Unicode character ^^e1^^bb^^87 (U+1EC7)
               not set up for use with LaTeX.

See the LaTeX manual or LaTeX Companion for explanation.
Type  H <return>  for immediate help.
 ...                                              
                                                  
l.20 ...^^85n c^^e1^^bb^^99t ^^c4^^91i^^e1^^bb^^87
                                                  n b^^e1^^ba^^b1ng ^^c4^^91...

You may provide a definition with
\DeclareUnicodeCharacter 

Missing character: There is no n in font nullfont!
Missing character: There is no b in font nullfont!

! LaTeX Error: Unicode character ^^e1^^ba^^b1 (U+1EB1)
               not set up for use with LaTeX.

See the LaTeX manual or LaTeX Companion for explanation.
Type  H <return>  for immediate help.
 ...                                              
                                                  
l.20 ...^^99t ^^c4^^91i^^e1^^bb^^87n b^^e1^^ba^^b1
                                                  ng ^^c4^^91o^^e1^^ba^^a1n ...

You may provide a definition with
\DeclareUnicodeCharacter 

Missing character: There is no n in font nullfont!
Missing character: There is no g in font nullfont!

! LaTeX Error: Command \dj unavailable in encoding .

See the LaTeX manual or LaTeX Companion for explanation.
Type  H <return>  for immediate help.
 ...                                              
                                                  
l.20 ...^91i^^e1^^bb^^87n b^^e1^^ba^^b1ng ^^c4^^91
                                                  o^^e1^^ba^^a1n th^^e1^^ba^...

Your command was ignored.
Type  I <command> <return>  to replace it with another command,
or  <return>  to continue without it.

Missing character: There is no o in font nullfont!

! LaTeX Error: Unicode character ^^e1^^ba^^a1 (U+1EA1)
               not set up for use with LaTeX.

See the LaTeX manual or LaTeX Companion for explanation.
Type  H <return>  for immediate help.
 ...                                              
                                                  
l.20 ...^87n b^^e1^^ba^^b1ng ^^c4^^91o^^e1^^ba^^a1
                                                  n th^^e1^^ba^^b3ng $AB$ v^...

You may provide a definition with
\DeclareUnicodeCharacter 

Missing character: There is no n in font nullfont!
Missing character: There is no t in font nullfont!
Missing character: There is no h in font nullfont!

! LaTeX Error: Unicode character ^^e1^^ba^^b3 (U+1EB3)
               not set up for use with LaTeX.

See the LaTeX manual or LaTeX Companion for explanation.
Type  H <return>  for immediate help.
 ...                                              
                                                  
l.20 ...b1ng ^^c4^^91o^^e1^^ba^^a1n th^^e1^^ba^^b3
                                                  ng $AB$ v^^c3^^a0 c^^c3^^a...

You may provide a definition with
\DeclareUnicodeCharacter 

Missing character: There is no n in font nullfont!
Missing character: There is no g in font nullfont!
Missing character: There is no v in font nullfont!
Missing character: There is no c in font nullfont!
Missing character: There is no y in font nullfont!
Missing character: There is no s in font nullfont!

! LaTeX Error: Unicode character ^^e1^^ba^^af (U+1EAF)
               not set up for use with LaTeX.

See the LaTeX manual or LaTeX Companion for explanation.
Type  H <return>  for immediate help.
 ...                                              
                                                  
l.20 ...ng $AB$ v^^c3^^a0 c^^c3^^a2y s^^e1^^ba^^af
                                                  t l^^c3^^a0 ^^c4^^91o^^e1^...

You may provide a definition with
\DeclareUnicodeCharacter 

Missing character: There is no t in font nullfont!
Missing character: There is no l in font nullfont!

! LaTeX Error: Command \dj unavailable in encoding .

See the LaTeX manual or LaTeX Companion for explanation.
Type  H <return>  for immediate help.
 ...                                              
                                                  
l.20 ...^c3^^a2y s^^e1^^ba^^aft l^^c3^^a0 ^^c4^^91
                                                  o^^e1^^ba^^a1n th^^e1^^ba^...

Your command was ignored.
Type  I <command> <return>  to replace it with another command,
or  <return>  to continue without it.

Missing character: There is no o in font nullfont!

! LaTeX Error: Unicode character ^^e1^^ba^^a1 (U+1EA1)
               not set up for use with LaTeX.

See the LaTeX manual or LaTeX Companion for explanation.
Type  H <return>  for immediate help.
 ...                                              
                                                  
l.20 ...1^^ba^^aft l^^c3^^a0 ^^c4^^91o^^e1^^ba^^a1
                                                  n th^^e1^^ba^^b3ng $A'B'$ ...

You may provide a definition with
\DeclareUnicodeCharacter 

Missing character: There is no n in font nullfont!
Missing character: There is no t in font nullfont!
Missing character: There is no h in font nullfont!

! LaTeX Error: Unicode character ^^e1^^ba^^b3 (U+1EB3)
               not set up for use with LaTeX.

See the LaTeX manual or LaTeX Companion for explanation.
Type  H <return>  for immediate help.
 ...                                              
                                                  
l.20 ...^^a0 ^^c4^^91o^^e1^^ba^^a1n th^^e1^^ba^^b3
                                                  ng $A'B'$ nh^^c6^^b0 h^^c3...

You may provide a definition with
\DeclareUnicodeCharacter 

Missing character: There is no n in font nullfont!
Missing character: There is no g in font nullfont!
Missing character: There is no n in font nullfont!
Missing character: There is no h in font nullfont!

! LaTeX Error: Unicode character ^^c6^^b0 (U+01B0)
               not set up for use with LaTeX.

See the LaTeX manual or LaTeX Companion for explanation.
Type  H <return>  for immediate help.
 ...                                              
                                                  
l.20 ...ba^^a1n th^^e1^^ba^^b3ng $A'B'$ nh^^c6^^b0
                                                   h^^c3^^acnh v^^e1^^ba^^bd.\\

You may provide a definition with
\DeclareUnicodeCharacter 

Missing character: There is no h in font nullfont!
Missing character: There is no n in font nullfont!
Missing character: There is no h in font nullfont!
Missing character: There is no v in font nullfont!

! LaTeX Error: Unicode character ^^e1^^ba^^bd (U+1EBD)
               not set up for use with LaTeX.

See the LaTeX manual or LaTeX Companion for explanation.
Type  H <return>  for immediate help.
 ...                                              
                                                  
l.20 ...A'B'$ nh^^c6^^b0 h^^c3^^acnh v^^e1^^ba^^bd
                                                  .\\
You may provide a definition with
\DeclareUnicodeCharacter 

Missing character: There is no . in font nullfont!
Missing character: There is no G in font nullfont!

! LaTeX Error: Unicode character ^^e1^^bb^^8d (U+1ECD)
               not set up for use with LaTeX.

See the LaTeX manual or LaTeX Companion for explanation.
Type  H <return>  for immediate help.
 ...                                              
                                                  
l.21 ^^I^^IG^^e1^^bb^^8d
                        i $AC$ v^^c3^^a0 $A'C'$ l^^e1^^ba^^a7n l^^c6^^b0^^e1...

You may provide a definition with
\DeclareUnicodeCharacter 

Missing character: There is no i in font nullfont!
Missing character: There is no v in font nullfont!
Missing character: There is no l in font nullfont!

! LaTeX Error: Unicode character ^^e1^^ba^^a7 (U+1EA7)
               not set up for use with LaTeX.

See the LaTeX manual or LaTeX Companion for explanation.
Type  H <return>  for immediate help.
 ...                                              
                                                  
l.21 ...b^^8di $AC$ v^^c3^^a0 $A'C'$ l^^e1^^ba^^a7
                                                  n l^^c6^^b0^^e1^^bb^^a3t l...

You may provide a definition with
\DeclareUnicodeCharacter 

Missing character: There is no n in font nullfont!
Missing character: There is no l in font nullfont!

! LaTeX Error: Unicode character ^^c6^^b0 (U+01B0)
               not set up for use with LaTeX.

See the LaTeX manual or LaTeX Companion for explanation.
Type  H <return>  for immediate help.
 ...                                              
                                                  
l.21 ... v^^c3^^a0 $A'C'$ l^^e1^^ba^^a7n l^^c6^^b0
                                                  ^^e1^^bb^^a3t l^^c3^^a0 bi...

You may provide a definition with
\DeclareUnicodeCharacter 


! LaTeX Error: Unicode character ^^e1^^bb^^a3 (U+1EE3)
               not set up for use with LaTeX.

See the LaTeX manual or LaTeX Companion for explanation.
Type  H <return>  for immediate help.
 ...                                              
                                                  
l.21 ...A'C'$ l^^e1^^ba^^a7n l^^c6^^b0^^e1^^bb^^a3
                                                  t l^^c3^^a0 bi^^e1^^bb^^83...

You may provide a definition with
\DeclareUnicodeCharacter 

Missing character: There is no t in font nullfont!
Missing character: There is no l in font nullfont!
Missing character: There is no b in font nullfont!
Missing character: There is no i in font nullfont!

! LaTeX Error: Unicode character ^^e1^^bb^^83 (U+1EC3)
               not set up for use with LaTeX.

See the LaTeX manual or LaTeX Companion for explanation.
Type  H <return>  for immediate help.
 ...                                              
                                                  
l.21 ...^^b0^^e1^^bb^^a3t l^^c3^^a0 bi^^e1^^bb^^83
                                                  u di^^e1^^bb^^85n cho ^^c4...

You may provide a definition with
\DeclareUnicodeCharacter 

Missing character: There is no u in font nullfont!
Missing character: There is no d in font nullfont!
Missing character: There is no i in font nullfont!

! LaTeX Error: Unicode character ^^e1^^bb^^85 (U+1EC5)
               not set up for use with LaTeX.

See the LaTeX manual or LaTeX Companion for explanation.
Type  H <return>  for immediate help.
 ...                                              
                                                  
l.21 ...t l^^c3^^a0 bi^^e1^^bb^^83u di^^e1^^bb^^85
                                                  n cho ^^c4^^91^^e1^^bb^^99...

You may provide a definition with
\DeclareUnicodeCharacter 

Missing character: There is no n in font nullfont!
Missing character: There is no c in font nullfont!
Missing character: There is no h in font nullfont!
Missing character: There is no o in font nullfont!

! LaTeX Error: Command \dj unavailable in encoding .

See the LaTeX manual or LaTeX Companion for explanation.
Type  H <return>  for immediate help.
 ...                                              
                                                  
l.21 ...^^e1^^bb^^83u di^^e1^^bb^^85n cho ^^c4^^91
                                                  ^^e1^^bb^^99 d^^c3^^a0i b^...

Your command was ignored.
Type  I <command> <return>  to replace it with another command,
or  <return>  to continue without it.


! LaTeX Error: Unicode character ^^e1^^bb^^99 (U+1ED9)
               not set up for use with LaTeX.

See the LaTeX manual or LaTeX Companion for explanation.
Type  H <return>  for immediate help.
 ...                                              
                                                  
l.21 ...u di^^e1^^bb^^85n cho ^^c4^^91^^e1^^bb^^99
                                                   d^^c3^^a0i b^^c3^^b3ng c^...

You may provide a definition with
\DeclareUnicodeCharacter 

Missing character: There is no d in font nullfont!
Missing character: There is no i in font nullfont!
Missing character: There is no b in font nullfont!
Missing character: There is no n in font nullfont!
Missing character: There is no g in font nullfont!
Missing character: There is no c in font nullfont!

! LaTeX Error: Unicode character ^^e1^^bb^^a7 (U+1EE7)
               not set up for use with LaTeX.

See the LaTeX manual or LaTeX Companion for explanation.
Type  H <return>  for immediate help.
 ...                                              
                                                  
l.21 ...b^^99 d^^c3^^a0i b^^c3^^b3ng c^^e1^^bb^^a7
                                                  a c^^e1^^bb^^99t ^^c4^^91i...

You may provide a definition with
\DeclareUnicodeCharacter 

Missing character: There is no a in font nullfont!
Missing character: There is no c in font nullfont!

! LaTeX Error: Unicode character ^^e1^^bb^^99 (U+1ED9)
               not set up for use with LaTeX.

See the LaTeX manual or LaTeX Companion for explanation.
Type  H <return>  for immediate help.
 ...                                              
                                                  
l.21 ...i b^^c3^^b3ng c^^e1^^bb^^a7a c^^e1^^bb^^99
                                                  t ^^c4^^91i^^e1^^bb^^87n v...

You may provide a definition with
\DeclareUnicodeCharacter 

Missing character: There is no t in font nullfont!

! LaTeX Error: Command \dj unavailable in encoding .

See the LaTeX manual or LaTeX Companion for explanation.
Type  H <return>  for immediate help.
 ...                                              
                                                  
l.21 ...3ng c^^e1^^bb^^a7a c^^e1^^bb^^99t ^^c4^^91
                                                  i^^e1^^bb^^87n v^^c3^^a0 t...

Your command was ignored.
Type  I <command> <return>  to replace it with another command,
or  <return>  to continue without it.

Missing character: There is no i in font nullfont!

! LaTeX Error: Unicode character ^^e1^^bb^^87 (U+1EC7)
               not set up for use with LaTeX.

See the LaTeX manual or LaTeX Companion for explanation.
Type  H <return>  for immediate help.
 ...                                              
                                                  
l.21 ...^^a7a c^^e1^^bb^^99t ^^c4^^91i^^e1^^bb^^87
                                                  n v^^c3^^a0 thanh s^^e1^^b...

You may provide a definition with
\DeclareUnicodeCharacter 

Missing character: There is no n in font nullfont!
Missing character: There is no v in font nullfont!
Missing character: There is no t in font nullfont!
Missing character: There is no h in font nullfont!
Missing character: There is no a in font nullfont!
Missing character: There is no n in font nullfont!
Missing character: There is no h in font nullfont!
Missing character: There is no s in font nullfont!

! LaTeX Error: Unicode character ^^e1^^ba^^af (U+1EAF)
               not set up for use with LaTeX.

See the LaTeX manual or LaTeX Companion for explanation.
Type  H <return>  for immediate help.
 ...                                              
                                                  
l.21 ...^e1^^bb^^87n v^^c3^^a0 thanh s^^e1^^ba^^af
                                                  t ^^e1^^bb^^9f d^^c6^^b0^^...

You may provide a definition with
\DeclareUnicodeCharacter 

Missing character: There is no t in font nullfont!

! LaTeX Error: Unicode character ^^e1^^bb^^9f (U+1EDF)
               not set up for use with LaTeX.

See the LaTeX manual or LaTeX Companion for explanation.
Type  H <return>  for immediate help.
 ...                                              
                                                  
l.21 ...^^c3^^a0 thanh s^^e1^^ba^^aft ^^e1^^bb^^9f
                                                   d^^c6^^b0^^e1^^bb^^9bi m^...

You may provide a definition with
\DeclareUnicodeCharacter 

Missing character: There is no d in font nullfont!

! LaTeX Error: Unicode character ^^c6^^b0 (U+01B0)
               not set up for use with LaTeX.

See the LaTeX manual or LaTeX Companion for explanation.
Type  H <return>  for immediate help.
 ...                                              
                                                  
l.21 ...hanh s^^e1^^ba^^aft ^^e1^^bb^^9f d^^c6^^b0
                                                  ^^e1^^bb^^9bi m^^e1^^ba^^b...

You may provide a definition with
\DeclareUnicodeCharacter 


! LaTeX Error: Unicode character ^^e1^^bb^^9b (U+1EDB)
               not set up for use with LaTeX.

See the LaTeX manual or LaTeX Companion for explanation.
Type  H <return>  for immediate help.
 ...                                              
                                                  
l.21 ...ba^^aft ^^e1^^bb^^9f d^^c6^^b0^^e1^^bb^^9b
                                                  i m^^e1^^ba^^b7t ^^c4^^91^...

You may provide a definition with
\DeclareUnicodeCharacter 

Missing character: There is no i in font nullfont!
Missing character: There is no m in font nullfont!

! LaTeX Error: Unicode character ^^e1^^ba^^b7 (U+1EB7)
               not set up for use with LaTeX.

See the LaTeX manual or LaTeX Companion for explanation.
Type  H <return>  for immediate help.
 ...                                              
                                                  
l.21 ...b^^9f d^^c6^^b0^^e1^^bb^^9bi m^^e1^^ba^^b7
                                                  t ^^c4^^91^^e1^^ba^^a5t.\\
You may provide a definition with
\DeclareUnicodeCharacter 

Missing character: There is no t in font nullfont!

! LaTeX Error: Command \dj unavailable in encoding .

See the LaTeX manual or LaTeX Companion for explanation.
Type  H <return>  for immediate help.
 ...                                              
                                                  
l.21 ...6^^b0^^e1^^bb^^9bi m^^e1^^ba^^b7t ^^c4^^91
                                                  ^^e1^^ba^^a5t.\\
Your command was ignored.
Type  I <command> <return>  to replace it with another command,
or  <return>  to continue without it.


! LaTeX Error: Unicode character ^^e1^^ba^^a5 (U+1EA5)
               not set up for use with LaTeX.

See the LaTeX manual or LaTeX Companion for explanation.
Type  H <return>  for immediate help.
 ...                                              
                                                  
l.21 ...b^^9bi m^^e1^^ba^^b7t ^^c4^^91^^e1^^ba^^a5
                                                  t.\\
You may provide a definition with
\DeclareUnicodeCharacter 

Missing character: There is no t in font nullfont!
Missing character: There is no . in font nullfont!
Missing character: There is no T in font nullfont!
Missing character: There is no a in font nullfont!
Missing character: There is no c in font nullfont!
Missing character: There is no c in font nullfont!
Missing character: There is no c in font nullfont!

! LaTeX Error: Command \dj unavailable in encoding .

See the LaTeX manual or LaTeX Companion for explanation.
Type  H <return>  for immediate help.
 ...                                              
                                                  
l.22 ^^I^^ITa c^^c3^^b3 c^^c3^^a1c ^^c4^^91
                                           ^^e1^^bb^^99 d^^c3^^a0i ^^c4^^91^...

Your command was ignored.
Type  I <command> <return>  to replace it with another command,
or  <return>  to continue without it.


! LaTeX Error: Unicode character ^^e1^^bb^^99 (U+1ED9)
               not set up for use with LaTeX.

See the LaTeX manual or LaTeX Companion for explanation.
Type  H <return>  for immediate help.
 ...                                              
                                                  
l.22 ... c^^c3^^b3 c^^c3^^a1c ^^c4^^91^^e1^^bb^^99
                                                   d^^c3^^a0i ^^c4^^91^^c6^^...

You may provide a definition with
\DeclareUnicodeCharacter 

Missing character: There is no d in font nullfont!
Missing character: There is no i in font nullfont!

! LaTeX Error: Command \dj unavailable in encoding .

See the LaTeX manual or LaTeX Companion for explanation.
Type  H <return>  for immediate help.
 ...                                              
                                                  
l.22 ...c ^^c4^^91^^e1^^bb^^99 d^^c3^^a0i ^^c4^^91
                                                  ^^c6^^b0^^e1^^bb^^a3c bi^^...

Your command was ignored.
Type  I <command> <return>  to replace it with another command,
or  <return>  to continue without it.


! LaTeX Error: Unicode character ^^c6^^b0 (U+01B0)
               not set up for use with LaTeX.

See the LaTeX manual or LaTeX Companion for explanation.
Type  H <return>  for immediate help.
 ...                                              
                                                  
l.22 ...91^^e1^^bb^^99 d^^c3^^a0i ^^c4^^91^^c6^^b0
                                                  ^^e1^^bb^^a3c bi^^e1^^bb^^...

You may provide a definition with
\DeclareUnicodeCharacter 


! LaTeX Error: Unicode character ^^e1^^bb^^a3 (U+1EE3)
               not set up for use with LaTeX.

See the LaTeX manual or LaTeX Companion for explanation.
Type  H <return>  for immediate help.
 ...                                              
                                                  
l.22 ...99 d^^c3^^a0i ^^c4^^91^^c6^^b0^^e1^^bb^^a3
                                                  c bi^^e1^^bb^^83u di^^e1^^...

You may provide a definition with
\DeclareUnicodeCharacter 

Missing character: There is no c in font nullfont!
Missing character: There is no b in font nullfont!
Missing character: There is no i in font nullfont!

! LaTeX Error: Unicode character ^^e1^^bb^^83 (U+1EC3)
               not set up for use with LaTeX.

See the LaTeX manual or LaTeX Companion for explanation.
Type  H <return>  for immediate help.
 ...                                              
                                                  
l.22 ...c4^^91^^c6^^b0^^e1^^bb^^a3c bi^^e1^^bb^^83
                                                  u di^^e1^^bb^^85n t^^c6^^b...

You may provide a definition with
\DeclareUnicodeCharacter 

Missing character: There is no u in font nullfont!
Missing character: There is no d in font nullfont!
Missing character: There is no i in font nullfont!

! LaTeX Error: Unicode character ^^e1^^bb^^85 (U+1EC5)
               not set up for use with LaTeX.

See the LaTeX manual or LaTeX Companion for explanation.
Type  H <return>  for immediate help.
 ...                                              
                                                  
l.22 ...e1^^bb^^a3c bi^^e1^^bb^^83u di^^e1^^bb^^85
                                                  n t^^c6^^b0^^c6^^a1ng ^^e1...

You may provide a definition with
\DeclareUnicodeCharacter 

Missing character: There is no n in font nullfont!
Missing character: There is no t in font nullfont!

! LaTeX Error: Unicode character ^^c6^^b0 (U+01B0)
               not set up for use with LaTeX.

See the LaTeX manual or LaTeX Companion for explanation.
Type  H <return>  for immediate help.
 ...                                              
                                                  
l.22 ... bi^^e1^^bb^^83u di^^e1^^bb^^85n t^^c6^^b0
                                                  ^^c6^^a1ng ^^e1^^bb^^a9ng ...

You may provide a definition with
\DeclareUnicodeCharacter 


! LaTeX Error: Unicode character ^^c6^^a1 (U+01A1)
               not set up for use with LaTeX.

See the LaTeX manual or LaTeX Companion for explanation.
Type  H <return>  for immediate help.
 ...                                              
                                                  
l.22 ...^bb^^83u di^^e1^^bb^^85n t^^c6^^b0^^c6^^a1
                                                  ng ^^e1^^bb^^a9ng trong h^...

You may provide a definition with
\DeclareUnicodeCharacter 

Missing character: There is no n in font nullfont!
Missing character: There is no g in font nullfont!

! LaTeX Error: Unicode character ^^e1^^bb^^a9 (U+1EE9)
               not set up for use with LaTeX.

See the LaTeX manual or LaTeX Companion for explanation.
Type  H <return>  for immediate help.
 ...                                              
                                                  
l.22 ...^^bb^^85n t^^c6^^b0^^c6^^a1ng ^^e1^^bb^^a9
                                                  ng trong h^^c3^^acnh v^^e1...

You may provide a definition with
\DeclareUnicodeCharacter 

Missing character: There is no n in font nullfont!
Missing character: There is no g in font nullfont!
Missing character: There is no t in font nullfont!
Missing character: There is no r in font nullfont!
Missing character: There is no o in font nullfont!
Missing character: There is no n in font nullfont!
Missing character: There is no g in font nullfont!
Missing character: There is no h in font nullfont!
Missing character: There is no n in font nullfont!
Missing character: There is no h in font nullfont!
Missing character: There is no v in font nullfont!

! LaTeX Error: Unicode character ^^e1^^ba^^bd (U+1EBD)
               not set up for use with LaTeX.

See the LaTeX manual or LaTeX Companion for explanation.
Type  H <return>  for immediate help.
 ...                                              
                                                  
l.22 ...^^bb^^a9ng trong h^^c3^^acnh v^^e1^^ba^^bd
                                                  .\\
You may provide a definition with
\DeclareUnicodeCharacter 

Missing character: There is no . in font nullfont!
Missing character: There is no X in font nullfont!
Missing character: There is no t in font nullfont!
Missing character: There is no v in font nullfont!
Missing character: There is no t in font nullfont!
Missing character: There is no a in font nullfont!
Missing character: There is no c in font nullfont!

Overfull \hbox (25.00002pt too wide) in paragraph at lines 17--24
[]\/cmr/m/n/10 ^^So
 []


Overfull \hbox (4.44444pt too wide) in paragraph at lines 17--24
\/cmr/m/n/10 ^e
 []


Overfull \hbox (5.00002pt too wide) in paragraph at lines 17--24
\/cmr/m/n/10 ^^So
 []


Overfull \hbox (5.00002pt too wide) in paragraph at lines 17--24
\/cmr/m/n/10 ^^Ra
 []


Overfull \hbox (12.77782pt too wide) in paragraph at lines 17--24
\/cmr/m/n/10 4[]5$
 []


Overfull \hbox (5.55557pt too wide) in paragraph at lines 17--24
\/cmr/m/n/10 ^^Ru
 []


Overfull \hbox (5.00002pt too wide) in paragraph at lines 17--24
\/cmr/m/n/10 ^^So
 []


Overfull \hbox (12.77782pt too wide) in paragraph at lines 17--24
\/cmr/m/n/10 2[]1$
 []


Overfull \hbox (5.00002pt too wide) in paragraph at lines 17--24
\/cmr/m/n/10 ^o
 []


Overfull \hbox (5.00002pt too wide) in paragraph at lines 17--24
\/cmr/m/n/10 ^^So
 []


Overfull \hbox (5.00002pt too wide) in paragraph at lines 17--24
\/cmr/m/n/10 ^^So
 []


Overfull \hbox (5.00002pt too wide) in paragraph at lines 17--24
\/cmr/m/n/10 ^^So
 []


Overfull \hbox (5.00002pt too wide) in paragraph at lines 17--24
\/cmr/m/n/10 ^^Ra
 []


Overfull \hbox (12.77782pt too wide) in paragraph at lines 17--24
\/cmr/m/n/10 0[]6$
 []


Overfull \hbox (2.77779pt too wide) in paragraph at lines 17--24
\/cmr/m/n/10 ^^S^^P
 []


Overfull \hbox (15.58682pt too wide) in paragraph at lines 17--24
\OML/cmm/m/it/10 AB$
 []


Overfull \hbox (5.00002pt too wide) in paragraph at lines 17--24
\/cmr/m/n/10 ^^Ra
 []


Overfull \hbox (5.00002pt too wide) in paragraph at lines 17--24
\/cmr/m/n/10 ^a
 []


Overfull \hbox (5.00002pt too wide) in paragraph at lines 17--24
\/cmr/m/n/10 ^^Ra
 []


Overfull \hbox (21.19794pt too wide) in paragraph at lines 17--24
\OML/cmm/m/it/10 A[]B[]$
 []


Overfull \hbox (2.77779pt too wide) in paragraph at lines 17--24
\/cmr/m/n/10 ^^R^^P 
 []


Overfull \hbox (15.3625pt too wide) in paragraph at lines 17--24
\OML/cmm/m/it/10 AC$
 []


Overfull \hbox (5.00002pt too wide) in paragraph at lines 17--24
\/cmr/m/n/10 ^^Ra
 []


Overfull \hbox (20.97362pt too wide) in paragraph at lines 17--24
\OML/cmm/m/it/10 A[]C[]$
 []


Overfull \hbox (5.00002pt too wide) in paragraph at lines 17--24
\/cmr/m/n/10 ^^Ra
 []


Overfull \hbox (5.00002pt too wide) in paragraph at lines 17--24
\/cmr/m/n/10 ^^Ra
 []


Overfull \hbox (5.00002pt too wide) in paragraph at lines 17--24
\/cmr/m/n/10 ^^So
 []


Overfull \hbox (5.00002pt too wide) in paragraph at lines 17--24
\/cmr/m/n/10 ^^Ra
 []


Overfull \hbox (5.00002pt too wide) in paragraph at lines 17--24
\/cmr/m/n/10 ^^So
 []


Overfull \hbox (5.00002pt too wide) in paragraph at lines 17--24
\/cmr/m/n/10 ^^Sa
 []


Overfull \hbox (5.00002pt too wide) in paragraph at lines 17--24
\/cmr/m/n/10 ^^Ra
 []


Overfull \hbox (2.77779pt too wide) in paragraph at lines 17--24
\/cmr/m/n/10 ^^R^^P 
 []


Overfull \hbox (4.44444pt too wide) in paragraph at lines 17--24
\/cmr/m/n/10 ^^Se
 []


Overfull \hbox (32.33821pt too wide) in paragraph at lines 17--24
\OMS/cmsy/m/n/10 4\OML/cmm/m/it/10 ABC$
 []


Overfull \hbox (5.00002pt too wide) in paragraph at lines 17--24
\/cmr/m/n/10 ^^Ra
 []


Overfull \hbox (40.75488pt too wide) in paragraph at lines 17--24
\OMS/cmsy/m/n/10 4\OML/cmm/m/it/10 A[]B[]C[]$
 []


Overfull \hbox (5.00002pt too wide) in paragraph at lines 17--24
\/cmr/m/n/10 ^^So 
 []

Missing character: There is no ( in font nullfont!
Missing character: There is no c in font nullfont!

! LaTeX Error: Unicode character ^^e1^^bb^^99 (U+1ED9)
               not set up for use with LaTeX.

See the LaTeX manual or LaTeX Companion for explanation.
Type  H <return>  for immediate help.
 ...                                              
                                                  
l.25 ...=\widehat{B'A'C'}=90^\circ$ (c^^e1^^bb^^99
                                                  t ^^c4^^91i^^e1^^bb^^87n v...

You may provide a definition with
\DeclareUnicodeCharacter 

Missing character: There is no t in font nullfont!

! LaTeX Error: Command \dj unavailable in encoding .

See the LaTeX manual or LaTeX Companion for explanation.
Type  H <return>  for immediate help.
 ...                                              
                                                  
l.25 ...B'A'C'}=90^\circ$ (c^^e1^^bb^^99t ^^c4^^91
                                                  i^^e1^^bb^^87n v^^c3^^a0 t...

Your command was ignored.
Type  I <command> <return>  to replace it with another command,
or  <return>  to continue without it.

Missing character: There is no i in font nullfont!

! LaTeX Error: Unicode character ^^e1^^bb^^87 (U+1EC7)
               not set up for use with LaTeX.

See the LaTeX manual or LaTeX Companion for explanation.
Type  H <return>  for immediate help.
 ...                                              
                                                  
l.25 ...irc$ (c^^e1^^bb^^99t ^^c4^^91i^^e1^^bb^^87
                                                  n v^^c3^^a0 thanh s^^e1^^b...

You may provide a definition with
\DeclareUnicodeCharacter 

Missing character: There is no n in font nullfont!
Missing character: There is no v in font nullfont!
Missing character: There is no t in font nullfont!
Missing character: There is no h in font nullfont!
Missing character: There is no a in font nullfont!
Missing character: There is no n in font nullfont!
Missing character: There is no h in font nullfont!
Missing character: There is no s in font nullfont!

! LaTeX Error: Unicode character ^^e1^^ba^^af (U+1EAF)
               not set up for use with LaTeX.

See the LaTeX manual or LaTeX Companion for explanation.
Type  H <return>  for immediate help.
 ...                                              
                                                  
l.25 ...^e1^^bb^^87n v^^c3^^a0 thanh s^^e1^^ba^^af
                                                  t vu^^c3^^b4ng g^^c3^^b3c ...

You may provide a definition with
\DeclareUnicodeCharacter 

Missing character: There is no t in font nullfont!
Missing character: There is no v in font nullfont!
Missing character: There is no u in font nullfont!
Missing character: There is no n in font nullfont!
Missing character: There is no g in font nullfont!
Missing character: There is no g in font nullfont!
Missing character: There is no c in font nullfont!
Missing character: There is no v in font nullfont!

! LaTeX Error: Unicode character ^^e1^^bb^^9b (U+1EDB)
               not set up for use with LaTeX.

See the LaTeX manual or LaTeX Companion for explanation.
Type  H <return>  for immediate help.
 ...                                              
                                                  
l.25 ...^aft vu^^c3^^b4ng g^^c3^^b3c v^^e1^^bb^^9b
                                                  i m^^e1^^ba^^b7t ^^c4^^91^...

You may provide a definition with
\DeclareUnicodeCharacter 

Missing character: There is no i in font nullfont!
Missing character: There is no m in font nullfont!

! LaTeX Error: Unicode character ^^e1^^ba^^b7 (U+1EB7)
               not set up for use with LaTeX.

See the LaTeX manual or LaTeX Companion for explanation.
Type  H <return>  for immediate help.
 ...                                              
                                                  
l.25 ...ng g^^c3^^b3c v^^e1^^bb^^9bi m^^e1^^ba^^b7
                                                  t ^^c4^^91^^e1^^ba^^a5t).
You may provide a definition with
\DeclareUnicodeCharacter 

Missing character: There is no t in font nullfont!

! LaTeX Error: Command \dj unavailable in encoding .

See the LaTeX manual or LaTeX Companion for explanation.
Type  H <return>  for immediate help.
 ...                                              
                                                  
l.25 ...b3c v^^e1^^bb^^9bi m^^e1^^ba^^b7t ^^c4^^91
                                                  ^^e1^^ba^^a5t).
Your command was ignored.
Type  I <command> <return>  to replace it with another command,
or  <return>  to continue without it.


! LaTeX Error: Unicode character ^^e1^^ba^^a5 (U+1EA5)
               not set up for use with LaTeX.

See the LaTeX manual or LaTeX Companion for explanation.
Type  H <return>  for immediate help.
 ...                                              
                                                  
l.25 ...b^^9bi m^^e1^^ba^^b7t ^^c4^^91^^e1^^ba^^a5
                                                  t).
You may provide a definition with
\DeclareUnicodeCharacter 

Missing character: There is no t in font nullfont!
Missing character: There is no ) in font nullfont!
Missing character: There is no . in font nullfont!

Overfull \hbox (34.00482pt too wide) in paragraph at lines 25--26
[] \/cmr/m/n/10 =
 []


Overfull \hbox (42.4215pt too wide) in paragraph at lines 25--26
[] \/cmr/m/n/10 =
 []


Overfull \hbox (14.59726pt too wide) in paragraph at lines 25--26
\/cmr/m/n/10 90[]$
 []


Overfull \hbox (5.00002pt too wide) in paragraph at lines 25--26
\/cmr/m/n/10 ^^Ra
 []


Overfull \hbox (5.00002pt too wide) in paragraph at lines 25--26
\/cmr/m/n/10 ^o
 []


Overfull \hbox (5.00002pt too wide) in paragraph at lines 25--26
\/cmr/m/n/10 ^^So
 []

Missing character: There is no ( in font nullfont!
Missing character: There is no h in font nullfont!
Missing character: There is no a in font nullfont!
Missing character: There is no i in font nullfont!
Missing character: There is no g in font nullfont!
Missing character: There is no c in font nullfont!

! LaTeX Error: Command \dj unavailable in encoding .

See the LaTeX manual or LaTeX Companion for explanation.
Type  H <return>  for immediate help.
 ...                                              
                                                  
l.26 ...\widehat{A'C'B'}$ (hai g^^c3^^b3c ^^c4^^91
                                                  ^^e1^^bb^^93ng v^^e1^^bb^^...

Your command was ignored.
Type  I <command> <return>  to replace it with another command,
or  <return>  to continue without it.


! LaTeX Error: Unicode character ^^e1^^bb^^93 (U+1ED3)
               not set up for use with LaTeX.

See the LaTeX manual or LaTeX Companion for explanation.
Type  H <return>  for immediate help.
 ...                                              
                                                  
l.26 ...'B'}$ (hai g^^c3^^b3c ^^c4^^91^^e1^^bb^^93
                                                  ng v^^e1^^bb^^8b v^^c3^^a0...

You may provide a definition with
\DeclareUnicodeCharacter 

Missing character: There is no n in font nullfont!
Missing character: There is no g in font nullfont!
Missing character: There is no v in font nullfont!

! LaTeX Error: Unicode character ^^e1^^bb^^8b (U+1ECB)
               not set up for use with LaTeX.

See the LaTeX manual or LaTeX Companion for explanation.
Type  H <return>  for immediate help.
 ...                                              
                                                  
l.26 ...^^b3c ^^c4^^91^^e1^^bb^^93ng v^^e1^^bb^^8b
                                                   v^^c3^^a0 hai tia s^^c3^^...

You may provide a definition with
\DeclareUnicodeCharacter 

Missing character: There is no v in font nullfont!
Missing character: There is no h in font nullfont!
Missing character: There is no a in font nullfont!
Missing character: There is no i in font nullfont!
Missing character: There is no t in font nullfont!
Missing character: There is no i in font nullfont!
Missing character: There is no a in font nullfont!
Missing character: There is no s in font nullfont!
Missing character: There is no n in font nullfont!
Missing character: There is no g in font nullfont!
Missing character: There is no m in font nullfont!

! LaTeX Error: Unicode character ^^e1^^ba^^b7 (U+1EB7)
               not set up for use with LaTeX.

See the LaTeX manual or LaTeX Companion for explanation.
Type  H <return>  for immediate help.
 ...                                              
                                                  
l.26 ...^^c3^^a0 hai tia s^^c3^^a1ng m^^e1^^ba^^b7
                                                  t tr^^e1^^bb^^9di song song)
You may provide a definition with
\DeclareUnicodeCharacter 

Missing character: There is no t in font nullfont!
Missing character: There is no t in font nullfont!
Missing character: There is no r in font nullfont!

! LaTeX Error: Unicode character ^^e1^^bb^^9d (U+1EDD)
               not set up for use with LaTeX.

See the LaTeX manual or LaTeX Companion for explanation.
Type  H <return>  for immediate help.
 ...                                              
                                                  
l.26 ... s^^c3^^a1ng m^^e1^^ba^^b7t tr^^e1^^bb^^9d
                                                  i song song)
You may provide a definition with
\DeclareUnicodeCharacter 

Missing character: There is no i in font nullfont!
Missing character: There is no s in font nullfont!
Missing character: There is no o in font nullfont!
Missing character: There is no n in font nullfont!
Missing character: There is no g in font nullfont!
Missing character: There is no s in font nullfont!
Missing character: There is no o in font nullfont!
Missing character: There is no n in font nullfont!
Missing character: There is no g in font nullfont!
Missing character: There is no ) in font nullfont!

Overfull \hbox (34.00482pt too wide) in paragraph at lines 26--27
[] \/cmr/m/n/10 =
 []


Overfull \hbox (31.86598pt too wide) in paragraph at lines 26--27
[]$
 []


Overfull \hbox (5.00002pt too wide) in paragraph at lines 26--27
\/cmr/m/n/10 ^^So
 []


Overfull \hbox (5.00002pt too wide) in paragraph at lines 26--27
\/cmr/m/n/10 ^^Ra
 []


Overfull \hbox (5.00002pt too wide) in paragraph at lines 26--27
\/cmr/m/n/10 ^^Sa
 []

Missing character: There is no V in font nullfont!

! LaTeX Error: Unicode character ^^e1^^ba^^ad (U+1EAD)
               not set up for use with LaTeX.

See the LaTeX manual or LaTeX Companion for explanation.
Type  H <return>  for immediate help.
 ...                                              
                                                  
l.28 ^^I^^IV^^e1^^ba^^ad
                        y $\triangle ABC\sim \triangle A'B'C'$ (g^^c3^^b3c -...

You may provide a definition with
\DeclareUnicodeCharacter 

Missing character: There is no y in font nullfont!
Missing character: There is no ( in font nullfont!
Missing character: There is no g in font nullfont!
Missing character: There is no c in font nullfont!
Missing character: There is no - in font nullfont!
Missing character: There is no g in font nullfont!
Missing character: There is no c in font nullfont!
Missing character: There is no ) in font nullfont!
Missing character: There is no . in font nullfont!
Missing character: There is no S in font nullfont!
Missing character: There is no u in font nullfont!
Missing character: There is no y in font nullfont!
Missing character: There is no r in font nullfont!
Missing character: There is no a in font nullfont!
! Undefined control sequence.
l.30 ^^I^^I\allowdisplaybreaks
                              
The control sequence at the end of the top line
of your error message was never \def'ed. If you have
misspelled it (e.g., `\hobx'), type `I' and the correct
spelling (e.g., `I\hbox'). Otherwise just continue,
and I'll forget about whatever was undefined.


Overfull \hbox (42.89372pt too wide) in paragraph at lines 28--31
 $\OMS/cmsy/m/n/10 4\OML/cmm/m/it/10 ABC \OMS/cmsy/m/n/10 ^^X
 []


Overfull \hbox (40.75488pt too wide) in paragraph at lines 28--31
\OMS/cmsy/m/n/10 4\OML/cmm/m/it/10 A[]B[]C[]$
 []


Overfull \hbox (5.00002pt too wide) in paragraph at lines 28--31
\/cmr/m/n/10 ^^So
 []


Overfull \hbox (5.00002pt too wide) in paragraph at lines 28--31
\/cmr/m/n/10 ^^So 
 []

! Undefined control sequence.
l.32 ^^I^^I^^I&&\dfrac
                      {AB}{A'B'}=\dfrac{AC}{A'C'}\\
The control sequence at the end of the top line
of your error message was never \def'ed. If you have
misspelled it (e.g., `\hobx'), type `I' and the correct
spelling (e.g., `I\hbox'). Otherwise just continue,
and I'll forget about whatever was undefined.

! Undefined control sequence.
l.32 ^^I^^I^^I&&\dfrac{AB}{A'B'}=\dfrac
                                       {AC}{A'C'}\\
The control sequence at the end of the top line
of your error message was never \def'ed. If you have
misspelled it (e.g., `\hobx'), type `I' and the correct
spelling (e.g., `I\hbox'). Otherwise just continue,
and I'll forget about whatever was undefined.

! Undefined control sequence.
l.33 ^^I^^I^^I&\Leftrightarrow&AB=\dfrac
                                        {A'B'\cdot AC}{A'C'}=\dfrac{2,1\cdot...
The control sequence at the end of the top line
of your error message was never \def'ed. If you have
misspelled it (e.g., `\hobx'), type `I' and the correct
spelling (e.g., `I\hbox'). Otherwise just continue,
and I'll forget about whatever was undefined.

! Undefined control sequence.
l.33 ...arrow&AB=\dfrac{A'B'\cdot AC}{A'C'}=\dfrac
                                                  {2,1\cdot 4,5}{0,6}=15.75\...
The control sequence at the end of the top line
of your error message was never \def'ed. If you have
misspelled it (e.g., `\hobx'), type `I' and the correct
spelling (e.g., `I\hbox'). Otherwise just continue,
and I'll forget about whatever was undefined.

! Undefined control sequence.
l.33 ...A'C'}=\dfrac{2,1\cdot 4,5}{0,6}=15.75\text
                                                  { (m)}.
The control sequence at the end of the top line
of your error message was never \def'ed. If you have
misspelled it (e.g., `\hobx'), type `I' and the correct
spelling (e.g., `I\hbox'). Otherwise just continue,
and I'll forget about whatever was undefined.


Overfull \hbox (223.0117pt too wide) in alignment at lines 31--34
 [][][] []
 []


! LaTeX Error: Environment tikzpicture undefined.

See the LaTeX manual or LaTeX Companion for explanation.
Type  H <return>  for immediate help.
 ...                                              
                                                  
l.37 ^^I^^I\begin{tikzpicture}
                              []
Your command was ignored.
Type  I <command> <return>  to replace it with another command,
or  <return>  to continue without it.


! LaTeX Error: Missing \begin{document}.

See the LaTeX manual or LaTeX Companion for explanation.
Type  H <return>  for immediate help.
 ...                                              
                                                  
l.37 ^^I^^I\begin{tikzpicture}[
                               ]
You're in trouble here.  Try typing  <return>  to proceed.
If that doesn't work, type  X <return>  to quit.

Missing character: There is no [ in font nullfont!
Missing character: There is no ] in font nullfont!
Missing character: There is no ; in font nullfont!
! Undefined control sequence.
l.39 ^^I^^I^^I\path
                   
The control sequence at the end of the top line
of your error message was never \def'ed. If you have
misspelled it (e.g., `\hobx'), type `I' and the correct
spelling (e.g., `I\hbox'). Otherwise just continue,
and I'll forget about whatever was undefined.

Missing character: There is no ( in font nullfont!
Missing character: There is no 0 in font nullfont!
Missing character: There is no , in font nullfont!
Missing character: There is no 0 in font nullfont!
Missing character: There is no ) in font nullfont!
Missing character: There is no c in font nullfont!
Missing character: There is no o in font nullfont!
Missing character: There is no o in font nullfont!
Missing character: There is no r in font nullfont!
Missing character: There is no d in font nullfont!
Missing character: There is no i in font nullfont!
Missing character: There is no n in font nullfont!
Missing character: There is no a in font nullfont!
Missing character: There is no t in font nullfont!
Missing character: There is no e in font nullfont!
Missing character: There is no ( in font nullfont!
Missing character: There is no A in font nullfont!
Missing character: There is no ) in font nullfont!
Missing character: There is no ( in font nullfont!
Missing character: There is no ) in font nullfont!
Missing character: There is no c in font nullfont!
Missing character: There is no o in font nullfont!
Missing character: There is no o in font nullfont!
Missing character: There is no r in font nullfont!
Missing character: There is no d in font nullfont!
Missing character: There is no i in font nullfont!
Missing character: There is no n in font nullfont!
Missing character: There is no a in font nullfont!
Missing character: There is no t in font nullfont!
Missing character: There is no e in font nullfont!
Missing character: There is no ( in font nullfont!
Missing character: There is no B in font nullfont!
Missing character: There is no ) in font nullfont!
Missing character: There is no ( in font nullfont!
Missing character: There is no ) in font nullfont!
Missing character: There is no c in font nullfont!
Missing character: There is no o in font nullfont!
Missing character: There is no o in font nullfont!
Missing character: There is no r in font nullfont!
Missing character: There is no d in font nullfont!
Missing character: There is no i in font nullfont!
Missing character: There is no n in font nullfont!
Missing character: There is no a in font nullfont!
Missing character: There is no t in font nullfont!
Missing character: There is no e in font nullfont!
Missing character: There is no ( in font nullfont!
Missing character: There is no C in font nullfont!
Missing character: There is no ) in font nullfont!
Missing character: There is no ( in font nullfont!
Missing character: There is no 4 in font nullfont!
Missing character: There is no , in font nullfont!
Missing character: There is no 0 in font nullfont!
Missing character: There is no ) in font nullfont!
Missing character: There is no c in font nullfont!
Missing character: There is no o in font nullfont!
Missing character: There is no o in font nullfont!
Missing character: There is no r in font nullfont!
Missing character: There is no d in font nullfont!
Missing character: There is no i in font nullfont!
Missing character: There is no n in font nullfont!
Missing character: There is no a in font nullfont!
Missing character: There is no t in font nullfont!
Missing character: There is no e in font nullfont!
Missing character: There is no ( in font nullfont!
Missing character: There is no A in font nullfont!
Missing character: There is no ' in font nullfont!
Missing character: There is no ) in font nullfont!
Missing character: There is no ( in font nullfont!
Missing character: There is no ) in font nullfont!
Missing character: There is no c in font nullfont!
Missing character: There is no o in font nullfont!
Missing character: There is no o in font nullfont!
Missing character: There is no r in font nullfont!
Missing character: There is no d in font nullfont!
Missing character: There is no i in font nullfont!
Missing character: There is no n in font nullfont!
Missing character: There is no a in font nullfont!
Missing character: There is no t in font nullfont!
Missing character: There is no e in font nullfont!
Missing character: There is no ( in font nullfont!
Missing character: There is no B in font nullfont!
Missing character: There is no ' in font nullfont!
Missing character: There is no ) in font nullfont!
Missing character: There is no ( in font nullfont!
Missing character: There is no ) in font nullfont!
Missing character: There is no c in font nullfont!
Missing character: There is no o in font nullfont!
Missing character: There is no o in font nullfont!
Missing character: There is no r in font nullfont!
Missing character: There is no d in font nullfont!
Missing character: There is no i in font nullfont!
Missing character: There is no n in font nullfont!
Missing character: There is no a in font nullfont!
Missing character: There is no t in font nullfont!
Missing character: There is no e in font nullfont!
Missing character: There is no ( in font nullfont!
Missing character: There is no C in font nullfont!
Missing character: There is no ' in font nullfont!
Missing character: There is no ) in font nullfont!
Missing character: There is no ; in font nullfont!
! Undefined control sequence.
l.47 ^^I^^I^^I\draw
                   
The control sequence at the end of the top line
of your error message was never \def'ed. If you have
misspelled it (e.g., `\hobx'), type `I' and the correct
spelling (e.g., `I\hbox'). Otherwise just continue,
and I'll forget about whatever was undefined.

Missing character: There is no ( in font nullfont!
Missing character: There is no A in font nullfont!
Missing character: There is no ) in font nullfont!
Missing character: There is no - in font nullfont!
Missing character: There is no - in font nullfont!
Missing character: There is no ( in font nullfont!
Missing character: There is no B in font nullfont!
Missing character: There is no ) in font nullfont!
Missing character: There is no - in font nullfont!
Missing character: There is no - in font nullfont!
Missing character: There is no ( in font nullfont!
Missing character: There is no C in font nullfont!
Missing character: There is no ) in font nullfont!
Missing character: There is no - in font nullfont!
Missing character: There is no - in font nullfont!
Missing character: There is no c in font nullfont!
Missing character: There is no y in font nullfont!
Missing character: There is no c in font nullfont!
Missing character: There is no l in font nullfont!
Missing character: There is no e in font nullfont!
Missing character: There is no ( in font nullfont!
Missing character: There is no A in font nullfont!
Missing character: There is no ' in font nullfont!
Missing character: There is no ) in font nullfont!
Missing character: There is no - in font nullfont!
Missing character: There is no - in font nullfont!
Missing character: There is no ( in font nullfont!
Missing character: There is no B in font nullfont!
Missing character: There is no ' in font nullfont!
Missing character: There is no ) in font nullfont!
Missing character: There is no - in font nullfont!
Missing character: There is no - in font nullfont!
Missing character: There is no ( in font nullfont!
Missing character: There is no C in font nullfont!
Missing character: There is no ' in font nullfont!
Missing character: There is no ) in font nullfont!
Missing character: There is no - in font nullfont!
Missing character: There is no - in font nullfont!
Missing character: There is no c in font nullfont!
Missing character: There is no y in font nullfont!
Missing character: There is no c in font nullfont!
Missing character: There is no l in font nullfont!
Missing character: There is no e in font nullfont!
Missing character: There is no ( in font nullfont!
Missing character: There is no A in font nullfont!
Missing character: There is no ) in font nullfont!
Missing character: There is no - in font nullfont!
Missing character: There is no - in font nullfont!
Missing character: There is no ( in font nullfont!
Missing character: There is no C in font nullfont!
Missing character: There is no ' in font nullfont!
Missing character: There is no ) in font nullfont!
Missing character: There is no ; in font nullfont!
! Undefined control sequence.
l.52 ^^I^^I^^I\draw
                    (A)--(C) node [midway,sloped,below]{$4,5$ m};
The control sequence at the end of the top line
of your error message was never \def'ed. If you have
misspelled it (e.g., `\hobx'), type `I' and the correct
spelling (e.g., `I\hbox'). Otherwise just continue,
and I'll forget about whatever was undefined.

Missing character: There is no ( in font nullfont!
Missing character: There is no A in font nullfont!
Missing character: There is no ) in font nullfont!
Missing character: There is no - in font nullfont!
Missing character: There is no - in font nullfont!
Missing character: There is no ( in font nullfont!
Missing character: There is no C in font nullfont!
Missing character: There is no ) in font nullfont!
Missing character: There is no n in font nullfont!
Missing character: There is no o in font nullfont!
Missing character: There is no d in font nullfont!
Missing character: There is no e in font nullfont!
Missing character: There is no [ in font nullfont!
Missing character: There is no m in font nullfont!
Missing character: There is no i in font nullfont!
Missing character: There is no d in font nullfont!
Missing character: There is no w in font nullfont!
Missing character: There is no a in font nullfont!
Missing character: There is no y in font nullfont!
Missing character: There is no , in font nullfont!
Missing character: There is no s in font nullfont!
Missing character: There is no l in font nullfont!
Missing character: There is no o in font nullfont!
Missing character: There is no p in font nullfont!
Missing character: There is no e in font nullfont!
Missing character: There is no d in font nullfont!
Missing character: There is no , in font nullfont!
Missing character: There is no b in font nullfont!
Missing character: There is no e in font nullfont!
Missing character: There is no l in font nullfont!
Missing character: There is no o in font nullfont!
Missing character: There is no w in font nullfont!
Missing character: There is no ] in font nullfont!
Missing character: There is no m in font nullfont!
Missing character: There is no ; in font nullfont!
! Undefined control sequence.
l.53 ^^I^^I^^I\draw
                    (A')--(B') node [midway,sloped,above]{$2,1$ m};
The control sequence at the end of the top line
of your error message was never \def'ed. If you have
misspelled it (e.g., `\hobx'), type `I' and the correct
spelling (e.g., `I\hbox'). Otherwise just continue,
and I'll forget about whatever was undefined.

Missing character: There is no ( in font nullfont!
Missing character: There is no A in font nullfont!
Missing character: There is no ' in font nullfont!
Missing character: There is no ) in font nullfont!
Missing character: There is no - in font nullfont!
Missing character: There is no - in font nullfont!
Missing character: There is no ( in font nullfont!
Missing character: There is no B in font nullfont!
Missing character: There is no ' in font nullfont!
Missing character: There is no ) in font nullfont!
Missing character: There is no n in font nullfont!
Missing character: There is no o in font nullfont!
Missing character: There is no d in font nullfont!
Missing character: There is no e in font nullfont!
Missing character: There is no [ in font nullfont!
Missing character: There is no m in font nullfont!
Missing character: There is no i in font nullfont!
Missing character: There is no d in font nullfont!
Missing character: There is no w in font nullfont!
Missing character: There is no a in font nullfont!
Missing character: There is no y in font nullfont!
Missing character: There is no , in font nullfont!
Missing character: There is no s in font nullfont!
Missing character: There is no l in font nullfont!
Missing character: There is no o in font nullfont!
Missing character: There is no p in font nullfont!
Missing character: There is no e in font nullfont!
Missing character: There is no d in font nullfont!
Missing character: There is no , in font nullfont!
Missing character: There is no a in font nullfont!
Missing character: There is no b in font nullfont!
Missing character: There is no o in font nullfont!
Missing character: There is no v in font nullfont!
Missing character: There is no e in font nullfont!
Missing character: There is no ] in font nullfont!
Missing character: There is no m in font nullfont!
Missing character: There is no ; in font nullfont!
! Undefined control sequence.
l.54 ^^I^^I^^I\draw
                    (A')--(C') node [midway,sloped,below]{$0,6$ m};
The control sequence at the end of the top line
of your error message was never \def'ed. If you have
misspelled it (e.g., `\hobx'), type `I' and the correct
spelling (e.g., `I\hbox'). Otherwise just continue,
and I'll forget about whatever was undefined.

Missing character: There is no ( in font nullfont!
Missing character: There is no A in font nullfont!
Missing character: There is no ' in font nullfont!
Missing character: There is no ) in font nullfont!
Missing character: There is no - in font nullfont!
Missing character: There is no - in font nullfont!
Missing character: There is no ( in font nullfont!
Missing character: There is no C in font nullfont!
Missing character: There is no ' in font nullfont!
Missing character: There is no ) in font nullfont!
Missing character: There is no n in font nullfont!
Missing character: There is no o in font nullfont!
Missing character: There is no d in font nullfont!
Missing character: There is no e in font nullfont!
Missing character: There is no [ in font nullfont!
Missing character: There is no m in font nullfont!
Missing character: There is no i in font nullfont!
Missing character: There is no d in font nullfont!
Missing character: There is no w in font nullfont!
Missing character: There is no a in font nullfont!
Missing character: There is no y in font nullfont!
Missing character: There is no , in font nullfont!
Missing character: There is no s in font nullfont!
Missing character: There is no l in font nullfont!
Missing character: There is no o in font nullfont!
Missing character: There is no p in font nullfont!
Missing character: There is no e in font nullfont!
Missing character: There is no d in font nullfont!
Missing character: There is no , in font nullfont!
Missing character: There is no b in font nullfont!
Missing character: There is no e in font nullfont!
Missing character: There is no l in font nullfont!
Missing character: There is no o in font nullfont!
Missing character: There is no w in font nullfont!
Missing character: There is no ] in font nullfont!
Missing character: There is no m in font nullfont!
Missing character: There is no ; in font nullfont!
! Undefined control sequence.
l.55 ^^I^^I^^I\foreach
                       \x/\g in {A/-90,A'/-90,B/90,B'/90,C/-45,C'/-45}
The control sequence at the end of the top line
of your error message was never \def'ed. If you have
misspelled it (e.g., `\hobx'), type `I' and the correct
spelling (e.g., `I\hbox'). Otherwise just continue,
and I'll forget about whatever was undefined.

! Undefined control sequence.
l.55 ^^I^^I^^I\foreach \x
                         /\g in {A/-90,A'/-90,B/90,B'/90,C/-45,C'/-45}
The control sequence at the end of the top line
of your error message was never \def'ed. If you have
misspelled it (e.g., `\hobx'), type `I' and the correct
spelling (e.g., `I\hbox'). Otherwise just continue,
and I'll forget about whatever was undefined.

Missing character: There is no / in font nullfont!
! Undefined control sequence.
l.55 ^^I^^I^^I\foreach \x/\g
                             in {A/-90,A'/-90,B/90,B'/90,C/-45,C'/-45}
The control sequence at the end of the top line
of your error message was never \def'ed. If you have
misspelled it (e.g., `\hobx'), type `I' and the correct
spelling (e.g., `I\hbox'). Otherwise just continue,
and I'll forget about whatever was undefined.

Missing character: There is no i in font nullfont!
Missing character: There is no n in font nullfont!
Missing character: There is no A in font nullfont!
Missing character: There is no / in font nullfont!
Missing character: There is no - in font nullfont!
Missing character: There is no 9 in font nullfont!
Missing character: There is no 0 in font nullfont!
Missing character: There is no , in font nullfont!
Missing character: There is no A in font nullfont!
Missing character: There is no ' in font nullfont!
Missing character: There is no / in font nullfont!
Missing character: There is no - in font nullfont!
Missing character: There is no 9 in font nullfont!
Missing character: There is no 0 in font nullfont!
Missing character: There is no , in font nullfont!
Missing character: There is no B in font nullfont!
Missing character: There is no / in font nullfont!
Missing character: There is no 9 in font nullfont!
Missing character: There is no 0 in font nullfont!
Missing character: There is no , in font nullfont!
Missing character: There is no B in font nullfont!
Missing character: There is no ' in font nullfont!
Missing character: There is no / in font nullfont!
Missing character: There is no 9 in font nullfont!
Missing character: There is no 0 in font nullfont!
Missing character: There is no , in font nullfont!
Missing character: There is no C in font nullfont!
Missing character: There is no / in font nullfont!
Missing character: There is no - in font nullfont!
Missing character: There is no 4 in font nullfont!
Missing character: There is no 5 in font nullfont!
Missing character: There is no , in font nullfont!
Missing character: There is no C in font nullfont!
Missing character: There is no ' in font nullfont!
Missing character: There is no / in font nullfont!
Missing character: There is no - in font nullfont!
Missing character: There is no 4 in font nullfont!
Missing character: There is no 5 in font nullfont!
! Undefined control sequence.
l.57 ^^I^^I^^I^^I\draw
                       [fill=black](\x) circle (1.5pt) +(\g:3mm) node {$\x$};
The control sequence at the end of the top line
of your error message was never \def'ed. If you have
misspelled it (e.g., `\hobx'), type `I' and the correct
spelling (e.g., `I\hbox'). Otherwise just continue,
and I'll forget about whatever was undefined.

Missing character: There is no [ in font nullfont!
Missing character: There is no f in font nullfont!
Missing character: There is no i in font nullfont!
Missing character: There is no l in font nullfont!
Missing character: There is no l in font nullfont!
Missing character: There is no = in font nullfont!
Missing character: There is no b in font nullfont!
Missing character: There is no l in font nullfont!
Missing character: There is no a in font nullfont!
Missing character: There is no c in font nullfont!
Missing character: There is no k in font nullfont!
Missing character: There is no ] in font nullfont!
Missing character: There is no ( in font nullfont!
! Undefined control sequence.
l.57 ^^I^^I^^I^^I\draw [fill=black](\x
                                      ) circle (1.5pt) +(\g:3mm) node {$\x$};
The control sequence at the end of the top line
of your error message was never \def'ed. If you have
misspelled it (e.g., `\hobx'), type `I' and the correct
spelling (e.g., `I\hbox'). Otherwise just continue,
and I'll forget about whatever was undefined.

Missing character: There is no ) in font nullfont!
Missing character: There is no c in font nullfont!
Missing character: There is no i in font nullfont!
Missing character: There is no r in font nullfont!
Missing character: There is no c in font nullfont!
Missing character: There is no l in font nullfont!
Missing character: There is no e in font nullfont!
Missing character: There is no ( in font nullfont!
Missing character: There is no 1 in font nullfont!
Missing character: There is no . in font nullfont!
Missing character: There is no 5 in font nullfont!
Missing character: There is no p in font nullfont!
Missing character: There is no t in font nullfont!
Missing character: There is no ) in font nullfont!
Missing character: There is no + in font nullfont!
Missing character: There is no ( in font nullfont!
! Undefined control sequence.
l.57 ...\draw [fill=black](\x) circle (1.5pt) +(\g
                                                  :3mm) node {$\x$};
The control sequence at the end of the top line
of your error message was never \def'ed. If you have
misspelled it (e.g., `\hobx'), type `I' and the correct
spelling (e.g., `I\hbox'). Otherwise just continue,
and I'll forget about whatever was undefined.

Missing character: There is no : in font nullfont!
Missing character: There is no 3 in font nullfont!
Missing character: There is no m in font nullfont!
Missing character: There is no m in font nullfont!
Missing character: There is no ) in font nullfont!
Missing character: There is no n in font nullfont!
Missing character: There is no o in font nullfont!
Missing character: There is no d in font nullfont!
Missing character: There is no e in font nullfont!
! Undefined control sequence.
<recently read> \x 
                   
l.57 ...ck](\x) circle (1.5pt) +(\g:3mm) node {$\x
                                                  $};
The control sequence at the end of the top line
of your error message was never \def'ed. If you have
misspelled it (e.g., `\hobx'), type `I' and the correct
spelling (e.g., `I\hbox'). Otherwise just continue,
and I'll forget about whatever was undefined.

Missing character: There is no ; in font nullfont!

! LaTeX Error: \begin{document} ended by \end{tikzpicture}.

See the LaTeX manual or LaTeX Companion for explanation.
Type  H <return>  for immediate help.
 ...                                              
                                                  
l.59 ^^I^^I\end{tikzpicture}
                            
Your command was ignored.
Type  I <command> <return>  to replace it with another command,
or  <return>  to continue without it.


! LaTeX Error: \begin{document} ended by \end{ex}.

See the LaTeX manual or LaTeX Companion for explanation.
Type  H <return>  for immediate help.
 ...                                              
                                                  
l.62 \end{ex}
             
Your command was ignored.
Type  I <command> <return>  to replace it with another command,
or  <return>  to continue without it.


Overfull \hbox (20.0pt too wide) in paragraph at lines 37--63
[]
 []


Overfull \hbox (23.05562pt too wide) in paragraph at lines 37--63
\/cmr/m/n/10 (\OML/cmm/m/it/10 A\/cmr/m/n/10 ) +
 []


Overfull \hbox (19.44443pt too wide) in paragraph at lines 37--63
\/cmr/m/n/10 (90 :
 []


Overfull \hbox (17.77783pt too wide) in paragraph at lines 37--63
\/cmr/m/n/10 4\OML/cmm/m/it/10 :\/cmr/m/n/10 5 \OMS/cmsy/m/n/10 ^^C
 []


Overfull \hbox (16.66672pt too wide) in paragraph at lines 37--63
\/cmr/m/n/10 2\OML/cmm/m/it/10 :\/cmr/m/n/10 5)$
 []


Overfull \hbox (23.05562pt too wide) in paragraph at lines 37--63
\/cmr/m/n/10 (\OML/cmm/m/it/10 A\/cmr/m/n/10 ) +
 []


Overfull \hbox (14.44441pt too wide) in paragraph at lines 37--63
\/cmr/m/n/10 (0 :
 []


Overfull \hbox (22.77785pt too wide) in paragraph at lines 37--63
\/cmr/m/n/10 1\OML/cmm/m/it/10 :\/cmr/m/n/10 29 \OMS/cmsy/m/n/10 ^^C
 []


Overfull \hbox (16.66672pt too wide) in paragraph at lines 37--63
\/cmr/m/n/10 2\OML/cmm/m/it/10 :\/cmr/m/n/10 5)$
 []


Overfull \hbox (25.86118pt too wide) in paragraph at lines 37--63
\/cmr/m/n/10 (\OML/cmm/m/it/10 A[]\/cmr/m/n/10 ) +
 []


Overfull \hbox (19.44443pt too wide) in paragraph at lines 37--63
\/cmr/m/n/10 (90 :
 []


Overfull \hbox (17.77783pt too wide) in paragraph at lines 37--63
\/cmr/m/n/10 2\OML/cmm/m/it/10 :\/cmr/m/n/10 1 \OMS/cmsy/m/n/10 ^^C
 []


Overfull \hbox (16.66672pt too wide) in paragraph at lines 37--63
\/cmr/m/n/10 2\OML/cmm/m/it/10 :\/cmr/m/n/10 5)$
 []


Overfull \hbox (25.86118pt too wide) in paragraph at lines 37--63
\/cmr/m/n/10 (\OML/cmm/m/it/10 A[]\/cmr/m/n/10 ) +
 []


Overfull \hbox (14.44441pt too wide) in paragraph at lines 37--63
\/cmr/m/n/10 (0 :
 []


Overfull \hbox (17.77783pt too wide) in paragraph at lines 37--63
\/cmr/m/n/10 0\OML/cmm/m/it/10 :\/cmr/m/n/10 6 \OMS/cmsy/m/n/10 ^^C
 []


Overfull \hbox (16.66672pt too wide) in paragraph at lines 37--63
\/cmr/m/n/10 2\OML/cmm/m/it/10 :\/cmr/m/n/10 5)$
 []


Overfull \hbox (14.44444pt too wide) in paragraph at lines 37--63
\/cmr/m/n/10 4\OML/cmm/m/it/10 ; \/cmr/m/n/10 5$
 []


Overfull \hbox (14.44444pt too wide) in paragraph at lines 37--63
\/cmr/m/n/10 2\OML/cmm/m/it/10 ; \/cmr/m/n/10 1$
 []


Overfull \hbox (14.44444pt too wide) in paragraph at lines 37--63
\/cmr/m/n/10 0\OML/cmm/m/it/10 ; \/cmr/m/n/10 6$
 []


! LaTeX Error: Environment ex undefined.

See the LaTeX manual or LaTeX Companion for explanation.
Type  H <return>  for immediate help.
 ...                                              
                                                  
l.65 \begin{ex}
               
Your command was ignored.
Type  I <command> <return>  to replace it with another command,
or  <return>  to continue without it.


! LaTeX Error: Missing \begin{document}.

See the LaTeX manual or LaTeX Companion for explanation.
Type  H <return>  for immediate help.
 ...                                              
                                                  
l.66 ^^IC
         ho tam gi^^c3^^a1c $ABC$ ^^c4^^91^^e1^^bb^^93ng d^^e1^^ba^^a1ng v^^...

You're in trouble here.  Try typing  <return>  to proceed.
If that doesn't work, type  X <return>  to quit.

Missing character: There is no C in font nullfont!
Missing character: There is no h in font nullfont!
Missing character: There is no o in font nullfont!
Missing character: There is no t in font nullfont!
Missing character: There is no a in font nullfont!
Missing character: There is no m in font nullfont!
Missing character: There is no g in font nullfont!
Missing character: There is no i in font nullfont!
Missing character: There is no c in font nullfont!

! LaTeX Error: Command \dj unavailable in encoding .

See the LaTeX manual or LaTeX Companion for explanation.
Type  H <return>  for immediate help.
 ...                                              
                                                  
l.66 ^^ICho tam gi^^c3^^a1c $ABC$ ^^c4^^91
                                          ^^e1^^bb^^93ng d^^e1^^ba^^a1ng v^^...

Your command was ignored.
Type  I <command> <return>  to replace it with another command,
or  <return>  to continue without it.


! LaTeX Error: Unicode character ^^e1^^bb^^93 (U+1ED3)
               not set up for use with LaTeX.

See the LaTeX manual or LaTeX Companion for explanation.
Type  H <return>  for immediate help.
 ...                                              
                                                  
l.66 ...tam gi^^c3^^a1c $ABC$ ^^c4^^91^^e1^^bb^^93
                                                  ng d^^e1^^ba^^a1ng v^^e1^^...

You may provide a definition with
\DeclareUnicodeCharacter 

Missing character: There is no n in font nullfont!
Missing character: There is no g in font nullfont!
Missing character: There is no d in font nullfont!

! LaTeX Error: Unicode character ^^e1^^ba^^a1 (U+1EA1)
               not set up for use with LaTeX.

See the LaTeX manual or LaTeX Companion for explanation.
Type  H <return>  for immediate help.
 ...                                              
                                                  
l.66 ...$ABC$ ^^c4^^91^^e1^^bb^^93ng d^^e1^^ba^^a1
                                                  ng v^^e1^^bb^^9bi tam gi^^...

You may provide a definition with
\DeclareUnicodeCharacter 

Missing character: There is no n in font nullfont!
Missing character: There is no g in font nullfont!
Missing character: There is no v in font nullfont!

! LaTeX Error: Unicode character ^^e1^^bb^^9b (U+1EDB)
               not set up for use with LaTeX.

See the LaTeX manual or LaTeX Companion for explanation.
Type  H <return>  for immediate help.
 ...                                              
                                                  
l.66 ...e1^^bb^^93ng d^^e1^^ba^^a1ng v^^e1^^bb^^9b
                                                  i tam gi^^c3^^a1c $A^^e2^^...

You may provide a definition with
\DeclareUnicodeCharacter 

Missing character: There is no i in font nullfont!
Missing character: There is no t in font nullfont!
Missing character: There is no a in font nullfont!
Missing character: There is no m in font nullfont!
Missing character: There is no g in font nullfont!
Missing character: There is no i in font nullfont!
Missing character: There is no c in font nullfont!

LaTeX Warning: Command \textquoteright invalid in math mode on input line 66.


LaTeX Warning: Command \textquoteright invalid in math mode on input line 66.


LaTeX Warning: Command \textquoteright invalid in math mode on input line 66.


LaTeX Warning: Command \textquoteright invalid in math mode on input line 66.


LaTeX Warning: Command \textquoteright invalid in math mode on input line 66.


LaTeX Warning: Command \textquoteright invalid in math mode on input line 66.

Missing character: There is no t in font nullfont!
Missing character: There is no h in font nullfont!
Missing character: There is no e in font nullfont!
Missing character: There is no o in font nullfont!
Missing character: There is no t in font nullfont!

! LaTeX Error: Unicode character ^^e1^^bb^^89 (U+1EC9)
               not set up for use with LaTeX.

See the LaTeX manual or LaTeX Companion for explanation.
Type  H <return>  for immediate help.
 ...                                              
                                                  
l.66 ...2^^80^^99C^^e2^^80^^99$ theo t^^e1^^bb^^89
                                                   s^^e1^^bb^^91 $k$. Bi^^e1...

You may provide a definition with
\DeclareUnicodeCharacter 

Missing character: There is no s in font nullfont!

! LaTeX Error: Unicode character ^^e1^^bb^^91 (U+1ED1)
               not set up for use with LaTeX.

See the LaTeX manual or LaTeX Companion for explanation.
Type  H <return>  for immediate help.
 ...                                              
                                                  
l.66 ...^^80^^99$ theo t^^e1^^bb^^89 s^^e1^^bb^^91
                                                   $k$. Bi^^e1^^ba^^bft di^^...

You may provide a definition with
\DeclareUnicodeCharacter 

Missing character: There is no . in font nullfont!
Missing character: There is no B in font nullfont!
Missing character: There is no i in font nullfont!

! LaTeX Error: Unicode character ^^e1^^ba^^bf (U+1EBF)
               not set up for use with LaTeX.

See the LaTeX manual or LaTeX Companion for explanation.
Type  H <return>  for immediate help.
 ...                                              
                                                  
l.66 ...^^bb^^89 s^^e1^^bb^^91 $k$. Bi^^e1^^ba^^bf
                                                  t di^^e1^^bb^^87n t^^c3^^a...

You may provide a definition with
\DeclareUnicodeCharacter 

Missing character: There is no t in font nullfont!
Missing character: There is no d in font nullfont!
Missing character: There is no i in font nullfont!

! LaTeX Error: Unicode character ^^e1^^bb^^87 (U+1EC7)
               not set up for use with LaTeX.

See the LaTeX manual or LaTeX Companion for explanation.
Type  H <return>  for immediate help.
 ...                                              
                                                  
l.66 ...bb^^91 $k$. Bi^^e1^^ba^^bft di^^e1^^bb^^87
                                                  n t^^c3^^adch tam gi^^c3^^...

You may provide a definition with
\DeclareUnicodeCharacter 

Missing character: There is no n in font nullfont!
Missing character: There is no t in font nullfont!
Missing character: There is no c in font nullfont!
Missing character: There is no h in font nullfont!
Missing character: There is no t in font nullfont!
Missing character: There is no a in font nullfont!
Missing character: There is no m in font nullfont!
Missing character: There is no g in font nullfont!
Missing character: There is no i in font nullfont!
Missing character: There is no c in font nullfont!
Missing character: There is no b in font nullfont!

! LaTeX Error: Unicode character ^^e1^^ba^^b1 (U+1EB1)
               not set up for use with LaTeX.

See the LaTeX manual or LaTeX Companion for explanation.
Type  H <return>  for immediate help.
 ...                                              
                                                  
l.66 ...^^adch tam gi^^c3^^a1c $ABC$ b^^e1^^ba^^b1
                                                  ng $24$ cm$^2$.
You may provide a definition with
\DeclareUnicodeCharacter 

Missing character: There is no n in font nullfont!
Missing character: There is no g in font nullfont!
Missing character: There is no c in font nullfont!
Missing character: There is no m in font nullfont!
Missing character: There is no . in font nullfont!

! LaTeX Error: Environment listEX undefined.

See the LaTeX manual or LaTeX Companion for explanation.
Type  H <return>  for immediate help.
 ...                                              
                                                  
l.67 ^^I\begin{listEX}
                      
Your command was ignored.
Type  I <command> <return>  to replace it with another command,
or  <return>  to continue without it.


Overfull \hbox (20.0pt too wide) in paragraph at lines 66--68
[]
 []


Overfull \hbox (5.00002pt too wide) in paragraph at lines 66--68
\/cmr/m/n/10 ^^Sa
 []


Overfull \hbox (23.44931pt too wide) in paragraph at lines 66--68
\OML/cmm/m/it/10 ABC$
 []


Overfull \hbox (5.00002pt too wide) in paragraph at lines 66--68
\/cmr/m/n/10 ^^Sa
 []


Overfull \hbox (31.86598pt too wide) in paragraph at lines 66--68
\OML/cmm/m/it/10 A[]B[]C[]$
 []


Overfull \hbox (5.52084pt too wide) in paragraph at lines 66--68
\OML/cmm/m/it/10 k$
 []


Overfull \hbox (2.77779pt too wide) in paragraph at lines 66--68
\/cmr/m/n/10 ^^S^^P
 []


Overfull \hbox (5.00002pt too wide) in paragraph at lines 66--68
\/cmr/m/n/10 ^^Sa
 []


Overfull \hbox (23.44931pt too wide) in paragraph at lines 66--68
\OML/cmm/m/it/10 ABC$
 []


Overfull \hbox (10.00003pt too wide) in paragraph at lines 66--68
\/cmr/m/n/10 24$
 []


Overfull \hbox (4.48613pt too wide) in paragraph at lines 66--68
[]$ 
 []


! LaTeX Error: Lonely \item--perhaps a missing list environment.

See the LaTeX manual or LaTeX Companion for explanation.
Type  H <return>  for immediate help.
 ...                                              
                                                  
l.68 ^^I^^I\item C
                  h^^e1^^bb^^a9ng minh $\dfrac{S_{A B C}}{S_{A'B'C'}}=k^2$.
Try typing  <return>  to proceed.
If that doesn't work, type  X <return>  to quit.

Missing character: There is no C in font nullfont!
Missing character: There is no h in font nullfont!

! LaTeX Error: Unicode character ^^e1^^bb^^a9 (U+1EE9)
               not set up for use with LaTeX.

See the LaTeX manual or LaTeX Companion for explanation.
Type  H <return>  for immediate help.
 ...                                              
                                                  
l.68 ^^I^^I\item Ch^^e1^^bb^^a9
                               ng minh $\dfrac{S_{A B C}}{S_{A'B'C'}}=k^2$.
You may provide a definition with
\DeclareUnicodeCharacter 

Missing character: There is no n in font nullfont!
Missing character: There is no g in font nullfont!
Missing character: There is no m in font nullfont!
Missing character: There is no i in font nullfont!
Missing character: There is no n in font nullfont!
Missing character: There is no h in font nullfont!
! Undefined control sequence.
<recently read> \dfrac 
                       
l.68 ^^I^^I\item Ch^^e1^^bb^^a9ng minh $\dfrac
                                              {S_{A B C}}{S_{A'B'C'}}=k^2$.
The control sequence at the end of the top line
of your error message was never \def'ed. If you have
misspelled it (e.g., `\hobx'), type `I' and the correct
spelling (e.g., `I\hbox'). Otherwise just continue,
and I'll forget about whatever was undefined.

Missing character: There is no . in font nullfont!

Overfull \hbox (69.17982pt too wide) in paragraph at lines 68--69
[][] \/cmr/m/n/10 =
 []


Overfull \hbox (10.00697pt too wide) in paragraph at lines 68--69
\OML/cmm/m/it/10 k[]$ 
 []


! LaTeX Error: Lonely \item--perhaps a missing list environment.

See the LaTeX manual or LaTeX Companion for explanation.
Type  H <return>  for immediate help.
 ...                                              
                                                  
l.69 ^^I^^I\item T
                  ^^c3^^adnh di^^e1^^bb^^87n t^^c3^^adch tam gi^^c3^^a1c $A^...

Try typing  <return>  to proceed.
If that doesn't work, type  X <return>  to quit.

Missing character: There is no T in font nullfont!
Missing character: There is no n in font nullfont!
Missing character: There is no h in font nullfont!
Missing character: There is no d in font nullfont!
Missing character: There is no i in font nullfont!

! LaTeX Error: Unicode character ^^e1^^bb^^87 (U+1EC7)
               not set up for use with LaTeX.

See the LaTeX manual or LaTeX Companion for explanation.
Type  H <return>  for immediate help.
 ...                                              
                                                  
l.69 ^^I^^I\item T^^c3^^adnh di^^e1^^bb^^87
                                           n t^^c3^^adch tam gi^^c3^^a1c $A^...

You may provide a definition with
\DeclareUnicodeCharacter 

Missing character: There is no n in font nullfont!
Missing character: There is no t in font nullfont!
Missing character: There is no c in font nullfont!
Missing character: There is no h in font nullfont!
Missing character: There is no t in font nullfont!
Missing character: There is no a in font nullfont!
Missing character: There is no m in font nullfont!
Missing character: There is no g in font nullfont!
Missing character: There is no i in font nullfont!
Missing character: There is no c in font nullfont!

LaTeX Warning: Command \textquoteright invalid in math mode on input line 69.


LaTeX Warning: Command \textquoteright invalid in math mode on input line 69.


LaTeX Warning: Command \textquoteright invalid in math mode on input line 69.


LaTeX Warning: Command \textquoteright invalid in math mode on input line 69.


LaTeX Warning: Command \textquoteright invalid in math mode on input line 69.


LaTeX Warning: Command \textquoteright invalid in math mode on input line 69.

Missing character: There is no v in font nullfont!

! LaTeX Error: Unicode character ^^e1^^bb^^9b (U+1EDB)
               not set up for use with LaTeX.

See the LaTeX manual or LaTeX Companion for explanation.
Type  H <return>  for immediate help.
 ...                                              
                                                  
l.69 ...9B^^e2^^80^^99C^^e2^^80^^99$ v^^e1^^bb^^9b
                                                  i $k=\dfrac{2}{3}$.
You may provide a definition with
\DeclareUnicodeCharacter 

Missing character: There is no i in font nullfont!
! Undefined control sequence.
l.69 ...^99C^^e2^^80^^99$ v^^e1^^bb^^9bi $k=\dfrac
                                                  {2}{3}$.
The control sequence at the end of the top line
of your error message was never \def'ed. If you have
misspelled it (e.g., `\hobx'), type `I' and the correct
spelling (e.g., `I\hbox'). Otherwise just continue,
and I'll forget about whatever was undefined.

Missing character: There is no . in font nullfont!

! LaTeX Error: \begin{document} ended by \end{listEX}.

See the LaTeX manual or LaTeX Companion for explanation.
Type  H <return>  for immediate help.
 ...                                              
                                                  
l.70 ^^I\end{listEX}
                    
Your command was ignored.
Type  I <command> <return>  to replace it with another command,
or  <return>  to continue without it.

! Undefined control sequence.
l.71 ^^I\loigiai
                {
The control sequence at the end of the top line
of your error message was never \def'ed. If you have
misspelled it (e.g., `\hobx'), type `I' and the correct
spelling (e.g., `I\hbox'). Otherwise just continue,
and I'll forget about whatever was undefined.


Overfull \hbox (2.77779pt too wide) in paragraph at lines 69--72
\/cmr/m/n/10 ^^S^^P
 []


Overfull \hbox (2.77779pt too wide) in paragraph at lines 69--72
\/cmr/m/n/10 ^^S^^P
 []


Overfull \hbox (5.00002pt too wide) in paragraph at lines 69--72
\/cmr/m/n/10 ^^Sa
 []


Overfull \hbox (31.86598pt too wide) in paragraph at lines 69--72
\OML/cmm/m/it/10 A[]B[]C[]$
 []


Overfull \hbox (16.07635pt too wide) in paragraph at lines 69--72
\OML/cmm/m/it/10 k \/cmr/m/n/10 =
 []


Overfull \hbox (10.00003pt too wide) in paragraph at lines 69--72
\/cmr/m/n/10 23$
 []


! LaTeX Error: Environment tikzpicture undefined.

See the LaTeX manual or LaTeX Companion for explanation.
Type  H <return>  for immediate help.
 ...                                              
                                                  
l.73 ^^I^^I^^I\begin{tikzpicture}
                                 
Your command was ignored.
Type  I <command> <return>  to replace it with another command,
or  <return>  to continue without it.

! Undefined control sequence.
l.76 ^^I^^I^^I\path
                   
The control sequence at the end of the top line
of your error message was never \def'ed. If you have
misspelled it (e.g., `\hobx'), type `I' and the correct
spelling (e.g., `I\hbox'). Otherwise just continue,
and I'll forget about whatever was undefined.

Missing character: There is no ( in font nullfont!
Missing character: There is no 0 in font nullfont!
Missing character: There is no , in font nullfont!
Missing character: There is no 0 in font nullfont!
Missing character: There is no ) in font nullfont!
Missing character: There is no c in font nullfont!
Missing character: There is no o in font nullfont!
Missing character: There is no o in font nullfont!
Missing character: There is no r in font nullfont!
Missing character: There is no d in font nullfont!
Missing character: There is no i in font nullfont!
Missing character: There is no n in font nullfont!
Missing character: There is no a in font nullfont!
Missing character: There is no t in font nullfont!
Missing character: There is no e in font nullfont!
Missing character: There is no ( in font nullfont!
Missing character: There is no B in font nullfont!
Missing character: There is no ) in font nullfont!
Missing character: There is no ( in font nullfont!
Missing character: There is no ) in font nullfont!
Missing character: There is no c in font nullfont!
Missing character: There is no o in font nullfont!
Missing character: There is no o in font nullfont!
Missing character: There is no r in font nullfont!
Missing character: There is no d in font nullfont!
Missing character: There is no i in font nullfont!
Missing character: There is no n in font nullfont!
Missing character: There is no a in font nullfont!
Missing character: There is no t in font nullfont!
Missing character: There is no e in font nullfont!
Missing character: There is no ( in font nullfont!
Missing character: There is no C in font nullfont!
Missing character: There is no ) in font nullfont!
Missing character: There is no ( in font nullfont!
Missing character: There is no ) in font nullfont!
Missing character: There is no c in font nullfont!
Missing character: There is no o in font nullfont!
Missing character: There is no o in font nullfont!
Missing character: There is no r in font nullfont!
Missing character: There is no d in font nullfont!
Missing character: There is no i in font nullfont!
Missing character: There is no n in font nullfont!
Missing character: There is no a in font nullfont!
Missing character: There is no t in font nullfont!
Missing character: There is no e in font nullfont!
Missing character: There is no ( in font nullfont!
Missing character: There is no A in font nullfont!
Missing character: There is no ) in font nullfont!
Missing character: There is no ( in font nullfont!
Missing character: There is no ) in font nullfont!
Missing character: There is no c in font nullfont!
Missing character: There is no o in font nullfont!
Missing character: There is no o in font nullfont!
Missing character: There is no r in font nullfont!
Missing character: There is no d in font nullfont!
Missing character: There is no i in font nullfont!
Missing character: There is no n in font nullfont!
Missing character: There is no a in font nullfont!
Missing character: There is no t in font nullfont!
Missing character: There is no e in font nullfont!
Missing character: There is no ( in font nullfont!
Missing character: There is no B in font nullfont!
Missing character: There is no ' in font nullfont!
Missing character: There is no ) in font nullfont!
Missing character: There is no ( in font nullfont!
Missing character: There is no ) in font nullfont!
Missing character: There is no c in font nullfont!
Missing character: There is no o in font nullfont!
Missing character: There is no o in font nullfont!
Missing character: There is no r in font nullfont!
Missing character: There is no d in font nullfont!
Missing character: There is no i in font nullfont!
Missing character: There is no n in font nullfont!
Missing character: There is no a in font nullfont!
Missing character: There is no t in font nullfont!
Missing character: There is no e in font nullfont!
Missing character: There is no ( in font nullfont!
Missing character: There is no C in font nullfont!
Missing character: There is no ' in font nullfont!
Missing character: There is no ) in font nullfont!
Missing character: There is no ( in font nullfont!
Missing character: There is no ) in font nullfont!
Missing character: There is no c in font nullfont!
Missing character: There is no o in font nullfont!
Missing character: There is no o in font nullfont!
Missing character: There is no r in font nullfont!
Missing character: There is no d in font nullfont!
Missing character: There is no i in font nullfont!
Missing character: There is no n in font nullfont!
Missing character: There is no a in font nullfont!
Missing character: There is no t in font nullfont!
Missing character: There is no e in font nullfont!
Missing character: There is no ( in font nullfont!
Missing character: There is no A in font nullfont!
Missing character: There is no ' in font nullfont!
Missing character: There is no ) in font nullfont!
Missing character: There is no ( in font nullfont!
Missing character: There is no ) in font nullfont!
Missing character: There is no c in font nullfont!
Missing character: There is no o in font nullfont!
Missing character: There is no o in font nullfont!
Missing character: There is no r in font nullfont!
Missing character: There is no d in font nullfont!
Missing character: There is no i in font nullfont!
Missing character: There is no n in font nullfont!
Missing character: There is no a in font nullfont!
Missing character: There is no t in font nullfont!
Missing character: There is no e in font nullfont!
Missing character: There is no ( in font nullfont!
Missing character: There is no H in font nullfont!
Missing character: There is no ) in font nullfont!
Missing character: There is no ( in font nullfont!
Missing character: There is no ) in font nullfont!
Missing character: There is no c in font nullfont!
Missing character: There is no o in font nullfont!
Missing character: There is no o in font nullfont!
Missing character: There is no r in font nullfont!
Missing character: There is no d in font nullfont!
Missing character: There is no i in font nullfont!
Missing character: There is no n in font nullfont!
Missing character: There is no a in font nullfont!
Missing character: There is no t in font nullfont!
Missing character: There is no e in font nullfont!
Missing character: There is no ( in font nullfont!
Missing character: There is no H in font nullfont!
Missing character: There is no ' in font nullfont!
Missing character: There is no ) in font nullfont!
Missing character: There is no ; in font nullfont!
! Undefined control sequence.
l.86 ^^I^^I^^I\draw
                   
The control sequence at the end of the top line
of your error message was never \def'ed. If you have
misspelled it (e.g., `\hobx'), type `I' and the correct
spelling (e.g., `I\hbox'). Otherwise just continue,
and I'll forget about whatever was undefined.

Missing character: There is no ( in font nullfont!
Missing character: There is no A in font nullfont!
Missing character: There is no ) in font nullfont!
Missing character: There is no - in font nullfont!
Missing character: There is no - in font nullfont!
Missing character: There is no ( in font nullfont!
Missing character: There is no B in font nullfont!
Missing character: There is no ) in font nullfont!
Missing character: There is no - in font nullfont!
Missing character: There is no - in font nullfont!
Missing character: There is no ( in font nullfont!
Missing character: There is no C in font nullfont!
Missing character: There is no ) in font nullfont!
Missing character: There is no - in font nullfont!
Missing character: There is no - in font nullfont!
Missing character: There is no c in font nullfont!
Missing character: There is no y in font nullfont!
Missing character: There is no c in font nullfont!
Missing character: There is no l in font nullfont!
Missing character: There is no e in font nullfont!
Missing character: There is no ( in font nullfont!
Missing character: There is no A in font nullfont!
Missing character: There is no ' in font nullfont!
Missing character: There is no ) in font nullfont!
Missing character: There is no - in font nullfont!
Missing character: There is no - in font nullfont!
Missing character: There is no ( in font nullfont!
Missing character: There is no B in font nullfont!
Missing character: There is no ' in font nullfont!
Missing character: There is no ) in font nullfont!
Missing character: There is no - in font nullfont!
Missing character: There is no - in font nullfont!
Missing character: There is no ( in font nullfont!
Missing character: There is no C in font nullfont!
Missing character: There is no ' in font nullfont!
Missing character: There is no ) in font nullfont!
Missing character: There is no - in font nullfont!
Missing character: There is no - in font nullfont!
Missing character: There is no c in font nullfont!
Missing character: There is no y in font nullfont!
Missing character: There is no c in font nullfont!
Missing character: There is no l in font nullfont!
Missing character: There is no e in font nullfont!
Missing character: There is no ( in font nullfont!
Missing character: There is no A in font nullfont!
Missing character: There is no ) in font nullfont!
Missing character: There is no - in font nullfont!
Missing character: There is no - in font nullfont!
Missing character: There is no ( in font nullfont!
Missing character: There is no H in font nullfont!
Missing character: There is no ) in font nullfont!
Missing character: There is no ( in font nullfont!
Missing character: There is no A in font nullfont!
Missing character: There is no ' in font nullfont!
Missing character: There is no ) in font nullfont!
Missing character: There is no - in font nullfont!
Missing character: There is no - in font nullfont!
Missing character: There is no ( in font nullfont!
Missing character: There is no H in font nullfont!
Missing character: There is no ' in font nullfont!
Missing character: There is no ) in font nullfont!
Missing character: There is no ; in font nullfont!
! Undefined control sequence.
l.92 ^^I^^I^^I\foreach
                       \x/\g in {A/90,A'/90,B/-135,B'/-135,C/-45,C'/-45,H/-9...
The control sequence at the end of the top line
of your error message was never \def'ed. If you have
misspelled it (e.g., `\hobx'), type `I' and the correct
spelling (e.g., `I\hbox'). Otherwise just continue,
and I'll forget about whatever was undefined.

! Undefined control sequence.
l.92 ^^I^^I^^I\foreach \x
                         /\g in {A/90,A'/90,B/-135,B'/-135,C/-45,C'/-45,H/-9...
The control sequence at the end of the top line
of your error message was never \def'ed. If you have
misspelled it (e.g., `\hobx'), type `I' and the correct
spelling (e.g., `I\hbox'). Otherwise just continue,
and I'll forget about whatever was undefined.

Missing character: There is no / in font nullfont!
! Undefined control sequence.
l.92 ^^I^^I^^I\foreach \x/\g
                             in {A/90,A'/90,B/-135,B'/-135,C/-45,C'/-45,H/-9...
The control sequence at the end of the top line
of your error message was never \def'ed. If you have
misspelled it (e.g., `\hobx'), type `I' and the correct
spelling (e.g., `I\hbox'). Otherwise just continue,
and I'll forget about whatever was undefined.

Missing character: There is no i in font nullfont!
Missing character: There is no n in font nullfont!
Missing character: There is no A in font nullfont!
Missing character: There is no / in font nullfont!
Missing character: There is no 9 in font nullfont!
Missing character: There is no 0 in font nullfont!
Missing character: There is no , in font nullfont!
Missing character: There is no A in font nullfont!
Missing character: There is no ' in font nullfont!
Missing character: There is no / in font nullfont!
Missing character: There is no 9 in font nullfont!
Missing character: There is no 0 in font nullfont!
Missing character: There is no , in font nullfont!
Missing character: There is no B in font nullfont!
Missing character: There is no / in font nullfont!
Missing character: There is no - in font nullfont!
Missing character: There is no 1 in font nullfont!
Missing character: There is no 3 in font nullfont!
Missing character: There is no 5 in font nullfont!
Missing character: There is no , in font nullfont!
Missing character: There is no B in font nullfont!
Missing character: There is no ' in font nullfont!
Missing character: There is no / in font nullfont!
Missing character: There is no - in font nullfont!
Missing character: There is no 1 in font nullfont!
Missing character: There is no 3 in font nullfont!
Missing character: There is no 5 in font nullfont!
Missing character: There is no , in font nullfont!
Missing character: There is no C in font nullfont!
Missing character: There is no / in font nullfont!
Missing character: There is no - in font nullfont!
Missing character: There is no 4 in font nullfont!
Missing character: There is no 5 in font nullfont!
Missing character: There is no , in font nullfont!
Missing character: There is no C in font nullfont!
Missing character: There is no ' in font nullfont!
Missing character: There is no / in font nullfont!
Missing character: There is no - in font nullfont!
Missing character: There is no 4 in font nullfont!
Missing character: There is no 5 in font nullfont!
Missing character: There is no , in font nullfont!
Missing character: There is no H in font nullfont!
Missing character: There is no / in font nullfont!
Missing character: There is no - in font nullfont!
Missing character: There is no 9 in font nullfont!
Missing character: There is no 0 in font nullfont!
Missing character: There is no , in font nullfont!
Missing character: There is no H in font nullfont!
Missing character: There is no ' in font nullfont!
Missing character: There is no / in font nullfont!
Missing character: There is no - in font nullfont!
Missing character: There is no 9 in font nullfont!
Missing character: There is no 0 in font nullfont!
! Undefined control sequence.
l.94 ^^I^^I^^I^^I\draw
                       [fill=black](\x) circle (1.5pt) +(\g:3mm) node {$\x$};
The control sequence at the end of the top line
of your error message was never \def'ed. If you have
misspelled it (e.g., `\hobx'), type `I' and the correct
spelling (e.g., `I\hbox'). Otherwise just continue,
and I'll forget about whatever was undefined.

Missing character: There is no [ in font nullfont!
Missing character: There is no f in font nullfont!
Missing character: There is no i in font nullfont!
Missing character: There is no l in font nullfont!
Missing character: There is no l in font nullfont!
Missing character: There is no = in font nullfont!
Missing character: There is no b in font nullfont!
Missing character: There is no l in font nullfont!
Missing character: There is no a in font nullfont!
Missing character: There is no c in font nullfont!
Missing character: There is no k in font nullfont!
Missing character: There is no ] in font nullfont!
Missing character: There is no ( in font nullfont!
! Undefined control sequence.
l.94 ^^I^^I^^I^^I\draw [fill=black](\x
                                      ) circle (1.5pt) +(\g:3mm) node {$\x$};
The control sequence at the end of the top line
of your error message was never \def'ed. If you have
misspelled it (e.g., `\hobx'), type `I' and the correct
spelling (e.g., `I\hbox'). Otherwise just continue,
and I'll forget about whatever was undefined.

Missing character: There is no ) in font nullfont!
Missing character: There is no c in font nullfont!
Missing character: There is no i in font nullfont!
Missing character: There is no r in font nullfont!
Missing character: There is no c in font nullfont!
Missing character: There is no l in font nullfont!
Missing character: There is no e in font nullfont!
Missing character: There is no ( in font nullfont!
Missing character: There is no 1 in font nullfont!
Missing character: There is no . in font nullfont!
Missing character: There is no 5 in font nullfont!
Missing character: There is no p in font nullfont!
Missing character: There is no t in font nullfont!
Missing character: There is no ) in font nullfont!
Missing character: There is no + in font nullfont!
Missing character: There is no ( in font nullfont!
! Undefined control sequence.
l.94 ...\draw [fill=black](\x) circle (1.5pt) +(\g
                                                  :3mm) node {$\x$};
The control sequence at the end of the top line
of your error message was never \def'ed. If you have
misspelled it (e.g., `\hobx'), type `I' and the correct
spelling (e.g., `I\hbox'). Otherwise just continue,
and I'll forget about whatever was undefined.

Missing character: There is no : in font nullfont!
Missing character: There is no 3 in font nullfont!
Missing character: There is no m in font nullfont!
Missing character: There is no m in font nullfont!
Missing character: There is no ) in font nullfont!
Missing character: There is no n in font nullfont!
Missing character: There is no o in font nullfont!
Missing character: There is no d in font nullfont!
Missing character: There is no e in font nullfont!
! Undefined control sequence.
<recently read> \x 
                   
l.94 ...ck](\x) circle (1.5pt) +(\g:3mm) node {$\x
                                                  $};
The control sequence at the end of the top line
of your error message was never \def'ed. If you have
misspelled it (e.g., `\hobx'), type `I' and the correct
spelling (e.g., `I\hbox'). Otherwise just continue,
and I'll forget about whatever was undefined.

Missing character: There is no ; in font nullfont!

! LaTeX Error: \begin{center} on input line 72 ended by \end{tikzpicture}.

See the LaTeX manual or LaTeX Companion for explanation.
Type  H <return>  for immediate help.
 ...                                              
                                                  
l.96 ^^I^^I^^I\end{tikzpicture}
                               
Your command was ignored.
Type  I <command> <return>  to replace it with another command,
or  <return>  to continue without it.


Overfull \hbox (23.64241pt too wide) in paragraph at lines 77--97
 \/cmr/m/n/10 (\OML/cmm/m/it/10 B\/cmr/m/n/10 ) + 
 []


Overfull \hbox (14.44441pt too wide) in paragraph at lines 77--97
 \/cmr/m/n/10 (0 : 
 []


Overfull \hbox (10.00003pt too wide) in paragraph at lines 77--97
 \/cmr/m/n/10 6 \OMS/cmsy/m/n/10 ^^C 
 []


Overfull \hbox (8.88892pt too wide) in paragraph at lines 77--97
 \/cmr/m/n/10 1)$ 
 []


Overfull \hbox (23.64241pt too wide) in paragraph at lines 77--97
 \/cmr/m/n/10 (\OML/cmm/m/it/10 B\/cmr/m/n/10 ) + 
 []


Overfull \hbox (19.44443pt too wide) in paragraph at lines 77--97
 \/cmr/m/n/10 (73 : 
 []


Overfull \hbox (10.00003pt too wide) in paragraph at lines 77--97
 \/cmr/m/n/10 4 \OMS/cmsy/m/n/10 ^^C 
 []


Overfull \hbox (8.88892pt too wide) in paragraph at lines 77--97
 \/cmr/m/n/10 1)$ 
 []


Overfull \hbox (23.41809pt too wide) in paragraph at lines 77--97
 \/cmr/m/n/10 (\OML/cmm/m/it/10 C\/cmr/m/n/10 ) + 
 []


Overfull \hbox (14.44441pt too wide) in paragraph at lines 77--97
 \/cmr/m/n/10 (0 : 
 []


Overfull \hbox (21.99661pt too wide) in paragraph at lines 77--97
 \/cmr/m/n/10 1\OML/cmm/m/it/10 cm\/cmr/m/n/10 )$ 
 []


Overfull \hbox (26.44797pt too wide) in paragraph at lines 77--97
 \/cmr/m/n/10 (\OML/cmm/m/it/10 B[]\/cmr/m/n/10 ) + 
 []


Overfull \hbox (14.44441pt too wide) in paragraph at lines 77--97
 \/cmr/m/n/10 (0 : 
 []


Overfull \hbox (10.00003pt too wide) in paragraph at lines 77--97
 \/cmr/m/n/10 3 \OMS/cmsy/m/n/10 ^^C 
 []


Overfull \hbox (8.88892pt too wide) in paragraph at lines 77--97
 \/cmr/m/n/10 1)$ 
 []


Overfull \hbox (26.44797pt too wide) in paragraph at lines 77--97
 \/cmr/m/n/10 (\OML/cmm/m/it/10 B[]\/cmr/m/n/10 ) + 
 []


Overfull \hbox (19.44443pt too wide) in paragraph at lines 77--97
 \/cmr/m/n/10 (73 : 
 []


Overfull \hbox (10.00003pt too wide) in paragraph at lines 77--97
 \/cmr/m/n/10 2 \OMS/cmsy/m/n/10 ^^C 
 []


Overfull \hbox (8.88892pt too wide) in paragraph at lines 77--97
 \/cmr/m/n/10 1)$ 
 []


Overfull \hbox (52.33829pt too wide) in paragraph at lines 77--97
 \/cmr/m/n/10 (\OML/cmm/m/it/10 B\/cmr/m/n/10 )!(\OML/cmm/m/it/10 A\/cmr/m/n/10
 )!(\OML/cmm/m/it/10 C\/cmr/m/n/10 )$ 
 []


Overfull \hbox (60.75496pt too wide) in paragraph at lines 77--97
 \/cmr/m/n/10 (\OML/cmm/m/it/10 B[]\/cmr/m/n/10 )!(\OML/cmm/m/it/10 A[]\/cmr/m/
n/10 )!(\OML/cmm/m/it/10 C[]\/cmr/m/n/10 )$ 
 []


! LaTeX Error: The font size command \normalsize is not defined:
               there is probably something wrong with the class file.

See the LaTeX manual or LaTeX Companion for explanation.
Type  H <return>  for immediate help.
 ...                                              
                                                  
l.97 ^^I^^I\end{center}
                       
Your command was ignored.
Type  I <command> <return>  to replace it with another command,
or  <return>  to continue without it.

[1{/Users/admin/Library/Application Support/MiKTeX/texmfs/data/fonts/map/pdftex
/pdftex.map}]

! LaTeX Error: Environment listEX undefined.

See the LaTeX manual or LaTeX Companion for explanation.
Type  H <return>  for immediate help.
 ...                                              
                                                  
l.98 ^^I\begin{listEX}
                      
Your command was ignored.
Type  I <command> <return>  to replace it with another command,
or  <return>  to continue without it.


! LaTeX Error: Lonely \item--perhaps a missing list environment.

See the LaTeX manual or LaTeX Companion for explanation.
Type  H <return>  for immediate help.
 ...                                              
                                                  
l.99 ^^I^^I\item H
                  ^^e1^^ba^^a1 ^^c4^^91^^c6^^b0^^e1^^bb^^9dng cao $AH$ c^^e1...

Try typing  <return>  to proceed.
If that doesn't work, type  X <return>  to quit.

Missing character: There is no H in font nullfont!

! LaTeX Error: Unicode character ^^e1^^ba^^a1 (U+1EA1)
               not set up for use with LaTeX.

See the LaTeX manual or LaTeX Companion for explanation.
Type  H <return>  for immediate help.
 ...                                              
                                                  
l.99 ^^I^^I\item H^^e1^^ba^^a1
                               ^^c4^^91^^c6^^b0^^e1^^bb^^9dng cao $AH$ c^^e1...

You may provide a definition with
\DeclareUnicodeCharacter 


! LaTeX Error: Command \dj unavailable in encoding .

See the LaTeX manual or LaTeX Companion for explanation.
Type  H <return>  for immediate help.
 ...                                              
                                                  
l.99 ^^I^^I\item H^^e1^^ba^^a1 ^^c4^^91
                                       ^^c6^^b0^^e1^^bb^^9dng cao $AH$ c^^e1...

Your command was ignored.
Type  I <command> <return>  to replace it with another command,
or  <return>  to continue without it.


! LaTeX Error: Unicode character ^^c6^^b0 (U+01B0)
               not set up for use with LaTeX.

See the LaTeX manual or LaTeX Companion for explanation.
Type  H <return>  for immediate help.
 ...                                              
                                                  
l.99 ^^I^^I\item H^^e1^^ba^^a1 ^^c4^^91^^c6^^b0
                                               ^^e1^^bb^^9dng cao $AH$ c^^e1...

You may provide a definition with
\DeclareUnicodeCharacter 


! LaTeX Error: Unicode character ^^e1^^bb^^9d (U+1EDD)
               not set up for use with LaTeX.

See the LaTeX manual or LaTeX Companion for explanation.
Type  H <return>  for immediate help.
 ...                                              
                                                  
l.99 ...H^^e1^^ba^^a1 ^^c4^^91^^c6^^b0^^e1^^bb^^9d
                                                  ng cao $AH$ c^^e1^^bb^^a7a...

You may provide a definition with
\DeclareUnicodeCharacter 

Missing character: There is no n in font nullfont!
Missing character: There is no g in font nullfont!
Missing character: There is no c in font nullfont!
Missing character: There is no a in font nullfont!
Missing character: There is no o in font nullfont!
Missing character: There is no c in font nullfont!

! LaTeX Error: Unicode character ^^e1^^bb^^a7 (U+1EE7)
               not set up for use with LaTeX.

See the LaTeX manual or LaTeX Companion for explanation.
Type  H <return>  for immediate help.
 ...                                              
                                                  
l.99 ...6^^b0^^e1^^bb^^9dng cao $AH$ c^^e1^^bb^^a7
                                                  a $\triangle ABC$ v^^c3^^a...

You may provide a definition with
\DeclareUnicodeCharacter 

Missing character: There is no a in font nullfont!
Missing character: There is no v in font nullfont!

! LaTeX Error: Command \dj unavailable in encoding .

See the LaTeX manual or LaTeX Companion for explanation.
Type  H <return>  for immediate help.
 ...                                              
                                                  
l.99 ...bb^^a7a $\triangle ABC$ v^^c3^^a0 ^^c4^^91
                                                  ^^c6^^b0^^e1^^bb^^9dng cao...

Your command was ignored.
Type  I <command> <return>  to replace it with another command,
or  <return>  to continue without it.


! LaTeX Error: Unicode character ^^c6^^b0 (U+01B0)
               not set up for use with LaTeX.

See the LaTeX manual or LaTeX Companion for explanation.
Type  H <return>  for immediate help.
 ...                                              
                                                  
l.99 ...$\triangle ABC$ v^^c3^^a0 ^^c4^^91^^c6^^b0
                                                  ^^e1^^bb^^9dng cao $A'H'$ ...

You may provide a definition with
\DeclareUnicodeCharacter 


! LaTeX Error: Unicode character ^^e1^^bb^^9d (U+1EDD)
               not set up for use with LaTeX.

See the LaTeX manual or LaTeX Companion for explanation.
Type  H <return>  for immediate help.
 ...                                              
                                                  
l.99 ...BC$ v^^c3^^a0 ^^c4^^91^^c6^^b0^^e1^^bb^^9d
                                                  ng cao $A'H'$ c^^e1^^bb^^a...

You may provide a definition with
\DeclareUnicodeCharacter 

Missing character: There is no n in font nullfont!
Missing character: There is no g in font nullfont!
Missing character: There is no c in font nullfont!
Missing character: There is no a in font nullfont!
Missing character: There is no o in font nullfont!
Missing character: There is no c in font nullfont!

! LaTeX Error: Unicode character ^^e1^^bb^^a7 (U+1EE7)
               not set up for use with LaTeX.

See the LaTeX manual or LaTeX Companion for explanation.
Type  H <return>  for immediate help.
 ...                                              
                                                  
l.99 ...^b0^^e1^^bb^^9dng cao $A'H'$ c^^e1^^bb^^a7
                                                  a $\triangle A'B'C'$ nh^^c...

You may provide a definition with
\DeclareUnicodeCharacter 

Missing character: There is no a in font nullfont!
Missing character: There is no n in font nullfont!
Missing character: There is no h in font nullfont!

! LaTeX Error: Unicode character ^^c6^^b0 (U+01B0)
               not set up for use with LaTeX.

See the LaTeX manual or LaTeX Companion for explanation.
Type  H <return>  for immediate help.
 ...                                              
                                                  
l.99 ...^e1^^bb^^a7a $\triangle A'B'C'$ nh^^c6^^b0
                                                   h^^c3^^acnh v^^e1^^ba^^bd.
You may provide a definition with
\DeclareUnicodeCharacter 

Missing character: There is no h in font nullfont!
Missing character: There is no n in font nullfont!
Missing character: There is no h in font nullfont!
Missing character: There is no v in font nullfont!

! LaTeX Error: Unicode character ^^e1^^ba^^bd (U+1EBD)
               not set up for use with LaTeX.

See the LaTeX manual or LaTeX Companion for explanation.
Type  H <return>  for immediate help.
 ...                                              
                                                  
l.99 ...B'C'$ nh^^c6^^b0 h^^c3^^acnh v^^e1^^ba^^bd
                                                  .
You may provide a definition with
\DeclareUnicodeCharacter 

Missing character: There is no . in font nullfont!
Missing character: There is no t in font nullfont!
Missing character: There is no a in font nullfont!
Missing character: There is no c in font nullfont!

! LaTeX Error: Command \dj unavailable in encoding .

See the LaTeX manual or LaTeX Companion for explanation.
Type  H <return>  for immediate help.
 ...                                              
                                                  
l.100 ^^I^^Ita c^^c3^^b3 $\triangle ABC$ ^^c4^^91
                                                 ^^e1^^bb^^93ng d^^e1^^ba^^a...

Your command was ignored.
Type  I <command> <return>  to replace it with another command,
or  <return>  to continue without it.


! LaTeX Error: Unicode character ^^e1^^bb^^93 (U+1ED3)
               not set up for use with LaTeX.

See the LaTeX manual or LaTeX Companion for explanation.
Type  H <return>  for immediate help.
 ...                                              
                                                  
l.100 ...^^b3 $\triangle ABC$ ^^c4^^91^^e1^^bb^^93
                                                  ng d^^e1^^ba^^a1ng v^^e1^^...

You may provide a definition with
\DeclareUnicodeCharacter 

Missing character: There is no n in font nullfont!
Missing character: There is no g in font nullfont!
Missing character: There is no d in font nullfont!

! LaTeX Error: Unicode character ^^e1^^ba^^a1 (U+1EA1)
               not set up for use with LaTeX.

See the LaTeX manual or LaTeX Companion for explanation.
Type  H <return>  for immediate help.
 ...                                              
                                                  
l.100 ...ABC$ ^^c4^^91^^e1^^bb^^93ng d^^e1^^ba^^a1
                                                  ng v^^e1^^bb^^9bi $\triang...

You may provide a definition with
\DeclareUnicodeCharacter 

Missing character: There is no n in font nullfont!
Missing character: There is no g in font nullfont!
Missing character: There is no v in font nullfont!

! LaTeX Error: Unicode character ^^e1^^bb^^9b (U+1EDB)
               not set up for use with LaTeX.

See the LaTeX manual or LaTeX Companion for explanation.
Type  H <return>  for immediate help.
 ...                                              
                                                  
l.100 ...1^^bb^^93ng d^^e1^^ba^^a1ng v^^e1^^bb^^9b
                                                  i $\triangle A'B'C'$ theo ...

You may provide a definition with
\DeclareUnicodeCharacter 

Missing character: There is no i in font nullfont!
Missing character: There is no t in font nullfont!
Missing character: There is no h in font nullfont!
Missing character: There is no e in font nullfont!
Missing character: There is no o in font nullfont!
Missing character: There is no t in font nullfont!

! LaTeX Error: Unicode character ^^e1^^bb^^89 (U+1EC9)
               not set up for use with LaTeX.

See the LaTeX manual or LaTeX Companion for explanation.
Type  H <return>  for immediate help.
 ...                                              
                                                  
l.100 ...9bi $\triangle A'B'C'$ theo t^^e1^^bb^^89
                                                   s^^e1^^bb^^91 $k$ n^^c3^^...

You may provide a definition with
\DeclareUnicodeCharacter 

Missing character: There is no s in font nullfont!

! LaTeX Error: Unicode character ^^e1^^bb^^91 (U+1ED1)
               not set up for use with LaTeX.

See the LaTeX manual or LaTeX Companion for explanation.
Type  H <return>  for immediate help.
 ...                                              
                                                  
l.100 ... A'B'C'$ theo t^^e1^^bb^^89 s^^e1^^bb^^91
                                                   $k$ n^^c3^^aan ta c^^c3^^b3
You may provide a definition with
\DeclareUnicodeCharacter 

Missing character: There is no n in font nullfont!
Missing character: There is no n in font nullfont!
Missing character: There is no t in font nullfont!
Missing character: There is no a in font nullfont!
Missing character: There is no c in font nullfont!

Overfull \hbox (16.62498pt too wide) in paragraph at lines 99--101
\OML/cmm/m/it/10 AH$
 []


Overfull \hbox (32.33821pt too wide) in paragraph at lines 99--101
\OMS/cmsy/m/n/10 4\OML/cmm/m/it/10 ABC$
 []


Overfull \hbox (5.00002pt too wide) in paragraph at lines 99--101
\/cmr/m/n/10 ^^Ra
 []


Overfull \hbox (22.2361pt too wide) in paragraph at lines 99--101
\OML/cmm/m/it/10 A[]H[]$
 []


Overfull \hbox (40.75488pt too wide) in paragraph at lines 99--101
\OMS/cmsy/m/n/10 4\OML/cmm/m/it/10 A[]B[]C[]$
 []


Overfull \hbox (2.77779pt too wide) in paragraph at lines 99--101
\/cmr/m/n/10 ^^R^^P
 []


Overfull \hbox (5.00002pt too wide) in paragraph at lines 99--101
\/cmr/m/n/10 ^^So
 []


Overfull \hbox (32.33821pt too wide) in paragraph at lines 99--101
\OMS/cmsy/m/n/10 4\OML/cmm/m/it/10 ABC$
 []


Overfull \hbox (40.75488pt too wide) in paragraph at lines 99--101
\OMS/cmsy/m/n/10 4\OML/cmm/m/it/10 A[]B[]C[]$
 []


Overfull \hbox (5.52084pt too wide) in paragraph at lines 99--101
\OML/cmm/m/it/10 k$
 []


Overfull \hbox (4.44444pt too wide) in paragraph at lines 99--101
\/cmr/m/n/10 ^e
 []


Overfull \hbox (5.00002pt too wide) in paragraph at lines 99--101
\/cmr/m/n/10 ^^So 
 []

! Undefined control sequence.
l.101 ^^I^^I$$\dfrac
                    {AB}{A'B'}=\dfrac{AC}{A'C'}=\dfrac{BC}{B'C'}=k.$$
The control sequence at the end of the top line
of your error message was never \def'ed. If you have
misspelled it (e.g., `\hobx'), type `I' and the correct
spelling (e.g., `I\hbox'). Otherwise just continue,
and I'll forget about whatever was undefined.

! Undefined control sequence.
l.101 ^^I^^I$$\dfrac{AB}{A'B'}=\dfrac
                                     {AC}{A'C'}=\dfrac{BC}{B'C'}=k.$$
The control sequence at the end of the top line
of your error message was never \def'ed. If you have
misspelled it (e.g., `\hobx'), type `I' and the correct
spelling (e.g., `I\hbox'). Otherwise just continue,
and I'll forget about whatever was undefined.

! Undefined control sequence.
l.101 ...$\dfrac{AB}{A'B'}=\dfrac{AC}{A'C'}=\dfrac
                                                  {BC}{B'C'}=k.$$
The control sequence at the end of the top line
of your error message was never \def'ed. If you have
misspelled it (e.g., `\hobx'), type `I' and the correct
spelling (e.g., `I\hbox'). Otherwise just continue,
and I'll forget about whatever was undefined.


Overfull \hbox (158.92888pt too wide) detected at line 101
[][] \/cmr/m/n/10 = [][] = [][] = \OML/cmm/m/it/10 k:
 []

Missing character: There is no X in font nullfont!
Missing character: There is no t in font nullfont!
Missing character: There is no v in font nullfont!
Missing character: There is no c in font nullfont!

Overfull \hbox (4.44444pt too wide) in paragraph at lines 101--103
\/cmr/m/n/10 ^^Se
 []


Overfull \hbox (33.6007pt too wide) in paragraph at lines 101--103
\OMS/cmsy/m/n/10 4\OML/cmm/m/it/10 ABH$
 []


Overfull \hbox (5.00002pt too wide) in paragraph at lines 101--103
\/cmr/m/n/10 ^^Ra
 []


Overfull \hbox (42.01736pt too wide) in paragraph at lines 101--103
\OMS/cmsy/m/n/10 4\OML/cmm/m/it/10 A[]B[]H[]$
 []


Overfull \hbox (5.00002pt too wide) in paragraph at lines 101--103
\/cmr/m/n/10 ^^So 
 []

Missing character: There is no ( in font nullfont!
Missing character: There is no v in font nullfont!
Missing character: There is no l in font nullfont!

! LaTeX Error: Unicode character ^^e1^^ba^^a7 (U+1EA7)
               not set up for use with LaTeX.

See the LaTeX manual or LaTeX Companion for explanation.
Type  H <return>  for immediate help.
 ...                                              
                                                  
l.104 ...irc$ ($AH$ v^^c3^^a0 $A'H'$ l^^e1^^ba^^a7
                                                  n l^^c6^^b0^^e1^^bb^^a3t l...

You may provide a definition with
\DeclareUnicodeCharacter 

Missing character: There is no n in font nullfont!
Missing character: There is no l in font nullfont!

! LaTeX Error: Unicode character ^^c6^^b0 (U+01B0)
               not set up for use with LaTeX.

See the LaTeX manual or LaTeX Companion for explanation.
Type  H <return>  for immediate help.
 ...                                              
                                                  
l.104 ...v^^c3^^a0 $A'H'$ l^^e1^^ba^^a7n l^^c6^^b0
                                                  ^^e1^^bb^^a3t l^^c3^^a0 ^^...

You may provide a definition with
\DeclareUnicodeCharacter 


! LaTeX Error: Unicode character ^^e1^^bb^^a3 (U+1EE3)
               not set up for use with LaTeX.

See the LaTeX manual or LaTeX Companion for explanation.
Type  H <return>  for immediate help.
 ...                                              
                                                  
l.104 ...'H'$ l^^e1^^ba^^a7n l^^c6^^b0^^e1^^bb^^a3
                                                  t l^^c3^^a0 ^^c4^^91^^c6^^...

You may provide a definition with
\DeclareUnicodeCharacter 

Missing character: There is no t in font nullfont!
Missing character: There is no l in font nullfont!

! LaTeX Error: Command \dj unavailable in encoding .

See the LaTeX manual or LaTeX Companion for explanation.
Type  H <return>  for immediate help.
 ...                                              
                                                  
l.104 ...l^^c6^^b0^^e1^^bb^^a3t l^^c3^^a0 ^^c4^^91
                                                  ^^c6^^b0^^e1^^bb^^9dng cao...

Your command was ignored.
Type  I <command> <return>  to replace it with another command,
or  <return>  to continue without it.


! LaTeX Error: Unicode character ^^c6^^b0 (U+01B0)
               not set up for use with LaTeX.

See the LaTeX manual or LaTeX Companion for explanation.
Type  H <return>  for immediate help.
 ...                                              
                                                  
l.104 ...0^^e1^^bb^^a3t l^^c3^^a0 ^^c4^^91^^c6^^b0
                                                  ^^e1^^bb^^9dng cao $\trian...

You may provide a definition with
\DeclareUnicodeCharacter 


! LaTeX Error: Unicode character ^^e1^^bb^^9d (U+1EDD)
               not set up for use with LaTeX.

See the LaTeX manual or LaTeX Companion for explanation.
Type  H <return>  for immediate help.
 ...                                              
                                                  
l.104 ...3t l^^c3^^a0 ^^c4^^91^^c6^^b0^^e1^^bb^^9d
                                                  ng cao $\triangle ABC$ v^^...

You may provide a definition with
\DeclareUnicodeCharacter 

Missing character: There is no n in font nullfont!
Missing character: There is no g in font nullfont!
Missing character: There is no c in font nullfont!
Missing character: There is no a in font nullfont!
Missing character: There is no o in font nullfont!
Missing character: There is no v in font nullfont!
Missing character: There is no ) in font nullfont!
Missing character: There is no . in font nullfont!

Overfull \hbox (35.2673pt too wide) in paragraph at lines 104--105
[] \/cmr/m/n/10 =
 []


Overfull \hbox (43.68398pt too wide) in paragraph at lines 104--105
[] \/cmr/m/n/10 =
 []


Overfull \hbox (14.59726pt too wide) in paragraph at lines 104--105
\/cmr/m/n/10 90[]$
 []


Overfull \hbox (16.62498pt too wide) in paragraph at lines 104--105
\OML/cmm/m/it/10 AH$
 []


Overfull \hbox (5.00002pt too wide) in paragraph at lines 104--105
\/cmr/m/n/10 ^^Ra
 []


Overfull \hbox (22.2361pt too wide) in paragraph at lines 104--105
\OML/cmm/m/it/10 A[]H[]$
 []


Overfull \hbox (5.00002pt too wide) in paragraph at lines 104--105
\/cmr/m/n/10 ^^Ra
 []


Overfull \hbox (32.33821pt too wide) in paragraph at lines 104--105
\OMS/cmsy/m/n/10 4\OML/cmm/m/it/10 ABC$
 []


Overfull \hbox (5.00002pt too wide) in paragraph at lines 104--105
\/cmr/m/n/10 ^^Ra
 []


Overfull \hbox (40.75488pt too wide) in paragraph at lines 104--105
\OMS/cmsy/m/n/10 4\OML/cmm/m/it/10 A[]B[]C[]$ 
 []

Missing character: There is no ( in font nullfont!
Missing character: There is no ) in font nullfont!
Missing character: There is no . in font nullfont!

Overfull \hbox (35.2673pt too wide) in paragraph at lines 105--106
[] \/cmr/m/n/10 =
 []


Overfull \hbox (33.12846pt too wide) in paragraph at lines 105--106
[]$
 []


Overfull \hbox (42.89372pt too wide) in paragraph at lines 105--106
\OMS/cmsy/m/n/10 4\OML/cmm/m/it/10 ABC \OMS/cmsy/m/n/10 ^^X
 []


Overfull \hbox (40.75488pt too wide) in paragraph at lines 105--106
\OMS/cmsy/m/n/10 4\OML/cmm/m/it/10 A[]B[]C[]$ 
 []

Missing character: There is no V in font nullfont!

! LaTeX Error: Unicode character ^^e1^^ba^^ad (U+1EAD)
               not set up for use with LaTeX.

See the LaTeX manual or LaTeX Companion for explanation.
Type  H <return>  for immediate help.
 ...                                              
                                                  
l.107 ^^I^^IV^^e1^^ba^^ad
                         y $\triangle ABH\sim \triangle A'B'H'$ (g^^c3^^b3c ...

You may provide a definition with
\DeclareUnicodeCharacter 

Missing character: There is no y in font nullfont!
Missing character: There is no ( in font nullfont!
Missing character: There is no g in font nullfont!
Missing character: There is no c in font nullfont!
Missing character: There is no - in font nullfont!
Missing character: There is no g in font nullfont!
Missing character: There is no c in font nullfont!
Missing character: There is no ) in font nullfont!
Missing character: There is no . in font nullfont!
Missing character: There is no S in font nullfont!
Missing character: There is no u in font nullfont!
Missing character: There is no y in font nullfont!
Missing character: There is no r in font nullfont!
Missing character: There is no a in font nullfont!
! Undefined control sequence.
<recently read> \dfrac 
                       
l.108 ^^I^^ISuy ra $\dfrac
                          {AH}{A'H'}=\dfrac{AB}{A'B'}=k$.\\
The control sequence at the end of the top line
of your error message was never \def'ed. If you have
misspelled it (e.g., `\hobx'), type `I' and the correct
spelling (e.g., `I\hbox'). Otherwise just continue,
and I'll forget about whatever was undefined.

! Undefined control sequence.
l.108 ^^I^^ISuy ra $\dfrac{AH}{A'H'}=\dfrac
                                           {AB}{A'B'}=k$.\\
The control sequence at the end of the top line
of your error message was never \def'ed. If you have
misspelled it (e.g., `\hobx'), type `I' and the correct
spelling (e.g., `I\hbox'). Otherwise just continue,
and I'll forget about whatever was undefined.

Missing character: There is no . in font nullfont!
Missing character: There is no V in font nullfont!

! LaTeX Error: Unicode character ^^e1^^ba^^ad (U+1EAD)
               not set up for use with LaTeX.

See the LaTeX manual or LaTeX Companion for explanation.
Type  H <return>  for immediate help.
 ...                                              
                                                  
l.109 ^^I^^IV^^e1^^ba^^ad
                         y ta c^^c3^^b3
You may provide a definition with
\DeclareUnicodeCharacter 

Missing character: There is no y in font nullfont!
Missing character: There is no t in font nullfont!
Missing character: There is no a in font nullfont!
Missing character: There is no c in font nullfont!

Overfull \hbox (44.1562pt too wide) in paragraph at lines 107--110
 $\OMS/cmsy/m/n/10 4\OML/cmm/m/it/10 ABH \OMS/cmsy/m/n/10 ^^X
 []


Overfull \hbox (42.01736pt too wide) in paragraph at lines 107--110
\OMS/cmsy/m/n/10 4\OML/cmm/m/it/10 A[]B[]H[]$
 []


Overfull \hbox (5.00002pt too wide) in paragraph at lines 107--110
\/cmr/m/n/10 ^^So
 []


Overfull \hbox (5.00002pt too wide) in paragraph at lines 107--110
\/cmr/m/n/10 ^^So 
 []


Overfull \hbox (49.4166pt too wide) in paragraph at lines 107--110
[][] \/cmr/m/n/10 =
 []


Overfull \hbox (47.34027pt too wide) in paragraph at lines 107--110
[][] \/cmr/m/n/10 =
 []


Overfull \hbox (5.52084pt too wide) in paragraph at lines 107--110
\OML/cmm/m/it/10 k$ 
 []


Overfull \hbox (5.00002pt too wide) in paragraph at lines 107--110
\/cmr/m/n/10 ^^So 
 []

! Undefined control sequence.
l.110 ^^I^^I$$\dfrac
                    {S_{ABC}}{S_{A'B'C'}}=\dfrac{\dfrac{1}{2}AH\cdot BC}{\df...
The control sequence at the end of the top line
of your error message was never \def'ed. If you have
misspelled it (e.g., `\hobx'), type `I' and the correct
spelling (e.g., `I\hbox'). Otherwise just continue,
and I'll forget about whatever was undefined.

! Undefined control sequence.
l.110 ^^I^^I$$\dfrac{S_{ABC}}{S_{A'B'C'}}=\dfrac
                                                {\dfrac{1}{2}AH\cdot BC}{\df...
The control sequence at the end of the top line
of your error message was never \def'ed. If you have
misspelled it (e.g., `\hobx'), type `I' and the correct
spelling (e.g., `I\hbox'). Otherwise just continue,
and I'll forget about whatever was undefined.

! Undefined control sequence.
l.110 ...\dfrac{S_{ABC}}{S_{A'B'C'}}=\dfrac{\dfrac
                                                  {1}{2}AH\cdot BC}{\dfrac{1...
The control sequence at the end of the top line
of your error message was never \def'ed. If you have
misspelled it (e.g., `\hobx'), type `I' and the correct
spelling (e.g., `I\hbox'). Otherwise just continue,
and I'll forget about whatever was undefined.

! Undefined control sequence.
l.110 ...'}}=\dfrac{\dfrac{1}{2}AH\cdot BC}{\dfrac
                                                  {1}{2}A'H'\cdot B'C'}=\dfr...
The control sequence at the end of the top line
of your error message was never \def'ed. If you have
misspelled it (e.g., `\hobx'), type `I' and the correct
spelling (e.g., `I\hbox'). Otherwise just continue,
and I'll forget about whatever was undefined.

! Undefined control sequence.
l.110 ...ot BC}{\dfrac{1}{2}A'H'\cdot B'C'}=\dfrac
                                                  {AH\cdot BC}{A'H'\cdot B'C...
The control sequence at the end of the top line
of your error message was never \def'ed. If you have
misspelled it (e.g., `\hobx'), type `I' and the correct
spelling (e.g., `I\hbox'). Otherwise just continue,
and I'll forget about whatever was undefined.

! Undefined control sequence.
l.110 ...\dfrac{AH\cdot BC}{A'H'\cdot B'C'}=\dfrac
                                                  {AH}{A'H'}\cdot\dfrac{AB}{...
The control sequence at the end of the top line
of your error message was never \def'ed. If you have
misspelled it (e.g., `\hobx'), type `I' and the correct
spelling (e.g., `I\hbox'). Otherwise just continue,
and I'll forget about whatever was undefined.

! Undefined control sequence.
l.110 ...H'\cdot B'C'}=\dfrac{AH}{A'H'}\cdot\dfrac
                                                  {AB}{A'B'}=k\cdot k=k^2.$$
The control sequence at the end of the top line
of your error message was never \def'ed. If you have
misspelled it (e.g., `\hobx'), type `I' and the correct
spelling (e.g., `I\hbox'). Otherwise just continue,
and I'll forget about whatever was undefined.


Overfull \hbox (431.94841pt too wide) detected at line 110
[][] \/cmr/m/n/10 = [][] = [][] = [][] \OMS/cmsy/m/n/10 ^^A [][] \/cmr/m/n/10 =
 \OML/cmm/m/it/10 k \OMS/cmsy/m/n/10 ^^A \OML/cmm/m/it/10 k \/cmr/m/n/10 = \OML
/cmm/m/it/10 k[]:
 []


! LaTeX Error: Lonely \item--perhaps a missing list environment.

See the LaTeX manual or LaTeX Companion for explanation.
Type  H <return>  for immediate help.
 ...                                              
                                                  
l.111 ^^I^^I\item ^^c3
                      ^^81p d^^e1^^bb^^a5ng c^^c3^^a2u a ta c^^c3^^b3
Try typing  <return>  to proceed.
If that doesn't work, type  X <return>  to quit.

Missing character: There is no p in font nullfont!
Missing character: There is no d in font nullfont!

! LaTeX Error: Unicode character ^^e1^^bb^^a5 (U+1EE5)
               not set up for use with LaTeX.

See the LaTeX manual or LaTeX Companion for explanation.
Type  H <return>  for immediate help.
 ...                                              
                                                  
l.111 ^^I^^I\item ^^c3^^81p d^^e1^^bb^^a5
                                         ng c^^c3^^a2u a ta c^^c3^^b3
You may provide a definition with
\DeclareUnicodeCharacter 

Missing character: There is no n in font nullfont!
Missing character: There is no g in font nullfont!
Missing character: There is no c in font nullfont!
Missing character: There is no u in font nullfont!
Missing character: There is no a in font nullfont!
Missing character: There is no t in font nullfont!
Missing character: There is no a in font nullfont!
Missing character: There is no c in font nullfont!
! Undefined control sequence.
l.112 ^^I^^I\allowdisplaybreaks
                               
The control sequence at the end of the top line
of your error message was never \def'ed. If you have
misspelled it (e.g., `\hobx'), type `I' and the correct
spelling (e.g., `I\hbox'). Otherwise just continue,
and I'll forget about whatever was undefined.


Overfull \hbox (7.50002pt too wide) in paragraph at lines 111--113
[]\/cmr/m/n/10 A
 []


Overfull \hbox (5.00002pt too wide) in paragraph at lines 111--113
\/cmr/m/n/10 ^a
 []


Overfull \hbox (5.00002pt too wide) in paragraph at lines 111--113
\/cmr/m/n/10 ^^So 
 []

! Undefined control sequence.
l.114 ^^I^^I^^I&&\dfrac
                       {S_{A B C}}{S_{A'B'C'}}=k^2\\
The control sequence at the end of the top line
of your error message was never \def'ed. If you have
misspelled it (e.g., `\hobx'), type `I' and the correct
spelling (e.g., `I\hbox'). Otherwise just continue,
and I'll forget about whatever was undefined.

! Undefined control sequence.
l.115 ^^I^^I^^I&\Leftrightarrow& \dfrac
                                       {S_{A B C}}{S_{A'B'C'}}=\left(\dfrac{...
The control sequence at the end of the top line
of your error message was never \def'ed. If you have
misspelled it (e.g., `\hobx'), type `I' and the correct
spelling (e.g., `I\hbox'). Otherwise just continue,
and I'll forget about whatever was undefined.

! Undefined control sequence.
l.115 ...dfrac{S_{A B C}}{S_{A'B'C'}}=\left(\dfrac
                                                  {2}{3}\right)^2\\
The control sequence at the end of the top line
of your error message was never \def'ed. If you have
misspelled it (e.g., `\hobx'), type `I' and the correct
spelling (e.g., `I\hbox'). Otherwise just continue,
and I'll forget about whatever was undefined.

! Undefined control sequence.
l.116 ^^I^^I^^I&\Leftrightarrow&\dfrac
                                      {S_{A B C}}{S_{A'B'C'}}=\dfrac{4}{9}\\
The control sequence at the end of the top line
of your error message was never \def'ed. If you have
misspelled it (e.g., `\hobx'), type `I' and the correct
spelling (e.g., `I\hbox'). Otherwise just continue,
and I'll forget about whatever was undefined.

! Undefined control sequence.
l.116 ...rrow&\dfrac{S_{A B C}}{S_{A'B'C'}}=\dfrac
                                                  {4}{9}\\
The control sequence at the end of the top line
of your error message was never \def'ed. If you have
misspelled it (e.g., `\hobx'), type `I' and the correct
spelling (e.g., `I\hbox'). Otherwise just continue,
and I'll forget about whatever was undefined.

! Undefined control sequence.
l.117 ^^I^^I^^I&\Leftrightarrow&S_{A'B'C'}=\dfrac
                                                 {S_{A B C}}{\dfrac{4}{9}}\\
The control sequence at the end of the top line
of your error message was never \def'ed. If you have
misspelled it (e.g., `\hobx'), type `I' and the correct
spelling (e.g., `I\hbox'). Otherwise just continue,
and I'll forget about whatever was undefined.

! Undefined control sequence.
l.117 ...arrow&S_{A'B'C'}=\dfrac{S_{A B C}}{\dfrac
                                                  {4}{9}}\\
The control sequence at the end of the top line
of your error message was never \def'ed. If you have
misspelled it (e.g., `\hobx'), type `I' and the correct
spelling (e.g., `I\hbox'). Otherwise just continue,
and I'll forget about whatever was undefined.

! Undefined control sequence.
l.118 ^^I^^I^^I&\Leftrightarrow&S_{A'B'C'}=\dfrac
                                                 {9\cdot S_{A B C}}{4}\\
The control sequence at the end of the top line
of your error message was never \def'ed. If you have
misspelled it (e.g., `\hobx'), type `I' and the correct
spelling (e.g., `I\hbox'). Otherwise just continue,
and I'll forget about whatever was undefined.

! Undefined control sequence.
l.119 ^^I^^I^^I&\Leftrightarrow&S_{A'B'C'}=\dfrac
                                                 {9\cdot 24}{4}\\
The control sequence at the end of the top line
of your error message was never \def'ed. If you have
misspelled it (e.g., `\hobx'), type `I' and the correct
spelling (e.g., `I\hbox'). Otherwise just continue,
and I'll forget about whatever was undefined.


Overfull \hbox (105.88814pt too wide) in alignment at lines 113--121
 [][][] []
 []

Missing character: There is no V in font nullfont!

! LaTeX Error: Unicode character ^^e1^^ba^^ad (U+1EAD)
               not set up for use with LaTeX.

See the LaTeX manual or LaTeX Companion for explanation.
Type  H <return>  for immediate help.
 ...                                              
                                                  
l.122 ^^I^^IV^^e1^^ba^^ad
                         y di^^e1^^bb^^87n t^^c3^^adch c^^e1^^bb^^a7a $\tria...

You may provide a definition with
\DeclareUnicodeCharacter 

Missing character: There is no y in font nullfont!
Missing character: There is no d in font nullfont!
Missing character: There is no i in font nullfont!

! LaTeX Error: Unicode character ^^e1^^bb^^87 (U+1EC7)
               not set up for use with LaTeX.

See the LaTeX manual or LaTeX Companion for explanation.
Type  H <return>  for immediate help.
 ...                                              
                                                  
l.122 ^^I^^IV^^e1^^ba^^ady di^^e1^^bb^^87
                                         n t^^c3^^adch c^^e1^^bb^^a7a $\tria...

You may provide a definition with
\DeclareUnicodeCharacter 

Missing character: There is no n in font nullfont!
Missing character: There is no t in font nullfont!
Missing character: There is no c in font nullfont!
Missing character: There is no h in font nullfont!
Missing character: There is no c in font nullfont!

! LaTeX Error: Unicode character ^^e1^^bb^^a7 (U+1EE7)
               not set up for use with LaTeX.

See the LaTeX manual or LaTeX Companion for explanation.
Type  H <return>  for immediate help.
 ...                                              
                                                  
l.122 ...di^^e1^^bb^^87n t^^c3^^adch c^^e1^^bb^^a7
                                                  a $\triangle A'B'C'$ l^^c3...

You may provide a definition with
\DeclareUnicodeCharacter 

Missing character: There is no a in font nullfont!
Missing character: There is no l in font nullfont!
Missing character: There is no c in font nullfont!
Missing character: There is no m in font nullfont!
Missing character: There is no . in font nullfont!

! LaTeX Error: \begin{document} ended by \end{listEX}.

See the LaTeX manual or LaTeX Companion for explanation.
Type  H <return>  for immediate help.
 ...                                              
                                                  
l.123 ^^I\end{listEX}
                     
Your command was ignored.
Type  I <command> <return>  to replace it with another command,
or  <return>  to continue without it.


! LaTeX Error: \begin{document} ended by \end{ex}.

See the LaTeX manual or LaTeX Companion for explanation.
Type  H <return>  for immediate help.
 ...                                              
                                                  
l.125 \end{ex}
              
Your command was ignored.
Type  I <command> <return>  to replace it with another command,
or  <return>  to continue without it.


Overfull \hbox (2.77779pt too wide) in paragraph at lines 121--126
  \/cmr/m/n/10 ^^S^^P
 []


Overfull \hbox (40.75488pt too wide) in paragraph at lines 121--126
\OMS/cmsy/m/n/10 4\OML/cmm/m/it/10 A[]B[]C[]$
 []


Overfull \hbox (5.00002pt too wide) in paragraph at lines 121--126
\/cmr/m/n/10 ^^Ra
 []


Overfull \hbox (10.00003pt too wide) in paragraph at lines 121--126
\/cmr/m/n/10 54$
 []


Overfull \hbox (4.48613pt too wide) in paragraph at lines 121--126
[]$
 []


! LaTeX Error: Environment ex undefined.

See the LaTeX manual or LaTeX Companion for explanation.
Type  H <return>  for immediate help.
 ...                                              
                                                  
l.128 \begin{ex}
                
Your command was ignored.
Type  I <command> <return>  to replace it with another command,
or  <return>  to continue without it.


! LaTeX Error: Missing \begin{document}.

See the LaTeX manual or LaTeX Companion for explanation.
Type  H <return>  for immediate help.
 ...                                              
                                                  
l.129 ^^IC
          ho h^^c3^^acnh ch^^e1^^bb^^af nh^^e1^^ba^^adt $ABCD$ c^^c3^^b3 $AB...

You're in trouble here.  Try typing  <return>  to proceed.
If that doesn't work, type  X <return>  to quit.

Missing character: There is no C in font nullfont!
Missing character: There is no h in font nullfont!
Missing character: There is no o in font nullfont!
Missing character: There is no h in font nullfont!
Missing character: There is no n in font nullfont!
Missing character: There is no h in font nullfont!
Missing character: There is no c in font nullfont!
Missing character: There is no h in font nullfont!

! LaTeX Error: Unicode character ^^e1^^bb^^af (U+1EEF)
               not set up for use with LaTeX.

See the LaTeX manual or LaTeX Companion for explanation.
Type  H <return>  for immediate help.
 ...                                              
                                                  
l.129 ^^ICho h^^c3^^acnh ch^^e1^^bb^^af
                                        nh^^e1^^ba^^adt $ABCD$ c^^c3^^b3 $AB...

You may provide a definition with
\DeclareUnicodeCharacter 

Missing character: There is no n in font nullfont!
Missing character: There is no h in font nullfont!

! LaTeX Error: Unicode character ^^e1^^ba^^ad (U+1EAD)
               not set up for use with LaTeX.

See the LaTeX manual or LaTeX Companion for explanation.
Type  H <return>  for immediate help.
 ...                                              
                                                  
l.129 ...h^^c3^^acnh ch^^e1^^bb^^af nh^^e1^^ba^^ad
                                                  t $ABCD$ c^^c3^^b3 $AB=12$...

You may provide a definition with
\DeclareUnicodeCharacter 

Missing character: There is no t in font nullfont!
Missing character: There is no c in font nullfont!
Missing character: There is no c in font nullfont!
Missing character: There is no m in font nullfont!
Missing character: There is no , in font nullfont!
Missing character: There is no c in font nullfont!
Missing character: There is no m in font nullfont!
Missing character: There is no , in font nullfont!
Missing character: There is no l in font nullfont!
Missing character: There is no h in font nullfont!
Missing character: There is no n in font nullfont!
Missing character: There is no h in font nullfont!
Missing character: There is no c in font nullfont!
Missing character: There is no h in font nullfont!
Missing character: There is no i in font nullfont!

! LaTeX Error: Unicode character ^^e1^^ba^^bf (U+1EBF)
               not set up for use with LaTeX.

See the LaTeX manual or LaTeX Companion for explanation.
Type  H <return>  for immediate help.
 ...                                              
                                                  
l.129 ...$H$ l^^c3^^a0 h^^c3^^acnh chi^^e1^^ba^^bf
                                                  u c^^e1^^bb^^a7a $A$ l^^c3...

You may provide a definition with
\DeclareUnicodeCharacter 

Missing character: There is no u in font nullfont!
Missing character: There is no c in font nullfont!

! LaTeX Error: Unicode character ^^e1^^bb^^a7 (U+1EE7)
               not set up for use with LaTeX.

See the LaTeX manual or LaTeX Companion for explanation.
Type  H <return>  for immediate help.
 ...                                              
                                                  
l.129 ...^^c3^^acnh chi^^e1^^ba^^bfu c^^e1^^bb^^a7
                                                  a $A$ l^^c3^^aan $BD$.
You may provide a definition with
\DeclareUnicodeCharacter 

Missing character: There is no a in font nullfont!
Missing character: There is no l in font nullfont!
Missing character: There is no n in font nullfont!
Missing character: There is no . in font nullfont!

! LaTeX Error: Environment listEX undefined.

See the LaTeX manual or LaTeX Companion for explanation.
Type  H <return>  for immediate help.
 ...                                              
                                                  
l.130 ^^I\begin{listEX}
                       ^^I
Your command was ignored.
Type  I <command> <return>  to replace it with another command,
or  <return>  to continue without it.


Overfull \hbox (20.0pt too wide) in paragraph at lines 129--131
[]
 []


Overfull \hbox (2.77779pt too wide) in paragraph at lines 129--131
\/cmr/m/n/10 ^^R^^P
 []


Overfull \hbox (32.00626pt too wide) in paragraph at lines 129--131
\OML/cmm/m/it/10 ABCD$
 []


Overfull \hbox (5.00002pt too wide) in paragraph at lines 129--131
\/cmr/m/n/10 ^^So
 []


Overfull \hbox (26.14233pt too wide) in paragraph at lines 129--131
\OML/cmm/m/it/10 AB \/cmr/m/n/10 =
 []


Overfull \hbox (10.00003pt too wide) in paragraph at lines 129--131
\/cmr/m/n/10 12$
 []


Overfull \hbox (26.5048pt too wide) in paragraph at lines 129--131
\OML/cmm/m/it/10 BC \/cmr/m/n/10 =
 []


Overfull \hbox (5.00002pt too wide) in paragraph at lines 129--131
\/cmr/m/n/10 9$
 []


Overfull \hbox (9.12497pt too wide) in paragraph at lines 129--131
\OML/cmm/m/it/10 H$
 []


Overfull \hbox (5.00002pt too wide) in paragraph at lines 129--131
\/cmr/m/n/10 ^^Ra
 []


Overfull \hbox (2.77779pt too wide) in paragraph at lines 129--131
\/cmr/m/n/10 ^^R^^P
 []


Overfull \hbox (7.50002pt too wide) in paragraph at lines 129--131
\OML/cmm/m/it/10 A$
 []


Overfull \hbox (4.44444pt too wide) in paragraph at lines 129--131
\/cmr/m/n/10 ^e
 []


Overfull \hbox (16.64375pt too wide) in paragraph at lines 129--131
\OML/cmm/m/it/10 BD$ 
 []


! LaTeX Error: Lonely \item--perhaps a missing list environment.

See the LaTeX manual or LaTeX Companion for explanation.
Type  H <return>  for immediate help.
 ...                                              
                                                  
l.131 ^^I^^I\item C
                   h^^e1^^bb^^a9ng minh: $\triangle AHB \sim \triangle BCD$.
Try typing  <return>  to proceed.
If that doesn't work, type  X <return>  to quit.

Missing character: There is no C in font nullfont!
Missing character: There is no h in font nullfont!

! LaTeX Error: Unicode character ^^e1^^bb^^a9 (U+1EE9)
               not set up for use with LaTeX.

See the LaTeX manual or LaTeX Companion for explanation.
Type  H <return>  for immediate help.
 ...                                              
                                                  
l.131 ^^I^^I\item Ch^^e1^^bb^^a9
                                ng minh: $\triangle AHB \sim \triangle BCD$.
You may provide a definition with
\DeclareUnicodeCharacter 

Missing character: There is no n in font nullfont!
Missing character: There is no g in font nullfont!
Missing character: There is no m in font nullfont!
Missing character: There is no i in font nullfont!
Missing character: There is no n in font nullfont!
Missing character: There is no h in font nullfont!
Missing character: There is no : in font nullfont!
Missing character: There is no . in font nullfont!

Overfull \hbox (44.1562pt too wide) in paragraph at lines 131--132
\OMS/cmsy/m/n/10 4\OML/cmm/m/it/10 AHB \OMS/cmsy/m/n/10 ^^X
 []


Overfull \hbox (33.39514pt too wide) in paragraph at lines 131--132
\OMS/cmsy/m/n/10 4\OML/cmm/m/it/10 BCD$ 
 []


! LaTeX Error: Lonely \item--perhaps a missing list environment.

See the LaTeX manual or LaTeX Companion for explanation.
Type  H <return>  for immediate help.
 ...                                              
                                                  
l.132 ^^I^^I\item T
                   ^^c3^^adnh di^^e1^^bb^^87n t^^c3^^adch tam gi^^c3^^a1c $A...

Try typing  <return>  to proceed.
If that doesn't work, type  X <return>  to quit.

Missing character: There is no T in font nullfont!
Missing character: There is no n in font nullfont!
Missing character: There is no h in font nullfont!
Missing character: There is no d in font nullfont!
Missing character: There is no i in font nullfont!

! LaTeX Error: Unicode character ^^e1^^bb^^87 (U+1EC7)
               not set up for use with LaTeX.

See the LaTeX manual or LaTeX Companion for explanation.
Type  H <return>  for immediate help.
 ...                                              
                                                  
l.132 ^^I^^I\item T^^c3^^adnh di^^e1^^bb^^87
                                            n t^^c3^^adch tam gi^^c3^^a1c $A...

You may provide a definition with
\DeclareUnicodeCharacter 

Missing character: There is no n in font nullfont!
Missing character: There is no t in font nullfont!
Missing character: There is no c in font nullfont!
Missing character: There is no h in font nullfont!
Missing character: There is no t in font nullfont!
Missing character: There is no a in font nullfont!
Missing character: There is no m in font nullfont!
Missing character: There is no g in font nullfont!
Missing character: There is no i in font nullfont!
Missing character: There is no c in font nullfont!
Missing character: There is no . in font nullfont!

Overfull \hbox (2.77779pt too wide) in paragraph at lines 132--133
\/cmr/m/n/10 ^^S^^P
 []


Overfull \hbox (2.77779pt too wide) in paragraph at lines 132--133
\/cmr/m/n/10 ^^S^^P
 []


Overfull \hbox (5.00002pt too wide) in paragraph at lines 132--133
\/cmr/m/n/10 ^^Sa
 []


Overfull \hbox (24.71179pt too wide) in paragraph at lines 132--133
\OML/cmm/m/it/10 AHB$ 
 []


! LaTeX Error: Lonely \item--perhaps a missing list environment.

See the LaTeX manual or LaTeX Companion for explanation.
Type  H <return>  for immediate help.
 ...                                              
                                                  
l.133 ^^I^^I\item G
                   ^^e1^^bb^^8di $O$ l^^c3^^a0 giao ^^c4^^91i^^e1^^bb^^83m c...

Try typing  <return>  to proceed.
If that doesn't work, type  X <return>  to quit.

Missing character: There is no G in font nullfont!

! LaTeX Error: Unicode character ^^e1^^bb^^8d (U+1ECD)
               not set up for use with LaTeX.

See the LaTeX manual or LaTeX Companion for explanation.
Type  H <return>  for immediate help.
 ...                                              
                                                  
l.133 ^^I^^I\item G^^e1^^bb^^8d
                               i $O$ l^^c3^^a0 giao ^^c4^^91i^^e1^^bb^^83m c...

You may provide a definition with
\DeclareUnicodeCharacter 

Missing character: There is no i in font nullfont!
Missing character: There is no l in font nullfont!
Missing character: There is no g in font nullfont!
Missing character: There is no i in font nullfont!
Missing character: There is no a in font nullfont!
Missing character: There is no o in font nullfont!

! LaTeX Error: Command \dj unavailable in encoding .

See the LaTeX manual or LaTeX Companion for explanation.
Type  H <return>  for immediate help.
 ...                                              
                                                  
l.133 ...^^e1^^bb^^8di $O$ l^^c3^^a0 giao ^^c4^^91
                                                  i^^e1^^bb^^83m c^^e1^^bb^^...

Your command was ignored.
Type  I <command> <return>  to replace it with another command,
or  <return>  to continue without it.

Missing character: There is no i in font nullfont!

! LaTeX Error: Unicode character ^^e1^^bb^^83 (U+1EC3)
               not set up for use with LaTeX.

See the LaTeX manual or LaTeX Companion for explanation.
Type  H <return>  for immediate help.
 ...                                              
                                                  
l.133 ... $O$ l^^c3^^a0 giao ^^c4^^91i^^e1^^bb^^83
                                                  m c^^e1^^bb^^a7a $AC$ v^^c...

You may provide a definition with
\DeclareUnicodeCharacter 

Missing character: There is no m in font nullfont!
Missing character: There is no c in font nullfont!

! LaTeX Error: Unicode character ^^e1^^bb^^a7 (U+1EE7)
               not set up for use with LaTeX.

See the LaTeX manual or LaTeX Companion for explanation.
Type  H <return>  for immediate help.
 ...                                              
                                                  
l.133 ...giao ^^c4^^91i^^e1^^bb^^83m c^^e1^^bb^^a7
                                                  a $AC$ v^^c3^^a0 $BD$. T^^...

You may provide a definition with
\DeclareUnicodeCharacter 

Missing character: There is no a in font nullfont!
Missing character: There is no v in font nullfont!
Missing character: There is no . in font nullfont!
Missing character: There is no T in font nullfont!
Missing character: There is no n in font nullfont!
Missing character: There is no h in font nullfont!
Missing character: There is no d in font nullfont!
Missing character: There is no i in font nullfont!

! LaTeX Error: Unicode character ^^e1^^bb^^87 (U+1EC7)
               not set up for use with LaTeX.

See the LaTeX manual or LaTeX Companion for explanation.
Type  H <return>  for immediate help.
 ...                                              
                                                  
l.133 ...^^c3^^a0 $BD$. T^^c3^^adnh di^^e1^^bb^^87
                                                  n t^^c3^^adch tam gi^^c3^^...

You may provide a definition with
\DeclareUnicodeCharacter 

Missing character: There is no n in font nullfont!
Missing character: There is no t in font nullfont!
Missing character: There is no c in font nullfont!
Missing character: There is no h in font nullfont!
Missing character: There is no t in font nullfont!
Missing character: There is no a in font nullfont!
Missing character: There is no m in font nullfont!
Missing character: There is no g in font nullfont!
Missing character: There is no i in font nullfont!
Missing character: There is no c in font nullfont!
Missing character: There is no . in font nullfont!

! LaTeX Error: \begin{document} ended by \end{listEX}.

See the LaTeX manual or LaTeX Companion for explanation.
Type  H <return>  for immediate help.
 ...                                              
                                                  
l.134 ^^I\end{listEX}
                     
Your command was ignored.
Type  I <command> <return>  to replace it with another command,
or  <return>  to continue without it.

! Undefined control sequence.
l.135 \loigiai
              {
The control sequence at the end of the top line
of your error message was never \def'ed. If you have
misspelled it (e.g., `\hobx'), type `I' and the correct
spelling (e.g., `I\hbox'). Otherwise just continue,
and I'll forget about whatever was undefined.

! Undefined control sequence.
l.136 ^^I\immini
                {
The control sequence at the end of the top line
of your error message was never \def'ed. If you have
misspelled it (e.g., `\hobx'), type `I' and the correct
spelling (e.g., `I\hbox'). Otherwise just continue,
and I'll forget about whatever was undefined.


! LaTeX Error: Environment listEX undefined.

See the LaTeX manual or LaTeX Companion for explanation.
Type  H <return>  for immediate help.
 ...                                              
                                                  
l.137 ^^I^^I\begin{listEX}
                          ^^I
Your command was ignored.
Type  I <command> <return>  to replace it with another command,
or  <return>  to continue without it.


Overfull \hbox (7.90555pt too wide) in paragraph at lines 133--138
\OML/cmm/m/it/10 O$
 []


Overfull \hbox (5.00002pt too wide) in paragraph at lines 133--138
\/cmr/m/n/10 ^^Ra
 []


Overfull \hbox (15.3625pt too wide) in paragraph at lines 133--138
\OML/cmm/m/it/10 AC$
 []


Overfull \hbox (5.00002pt too wide) in paragraph at lines 133--138
\/cmr/m/n/10 ^^Ra
 []


Overfull \hbox (16.64375pt too wide) in paragraph at lines 133--138
\OML/cmm/m/it/10 BD$
 []


Overfull \hbox (2.77779pt too wide) in paragraph at lines 133--138
\/cmr/m/n/10 ^^S^^P
 []


Overfull \hbox (2.77779pt too wide) in paragraph at lines 133--138
\/cmr/m/n/10 ^^S^^P
 []


Overfull \hbox (5.00002pt too wide) in paragraph at lines 133--138
\/cmr/m/n/10 ^^Sa
 []


Overfull \hbox (24.53053pt too wide) in paragraph at lines 133--138
\OML/cmm/m/it/10 AHO$
 []


! LaTeX Error: Lonely \item--perhaps a missing list environment.

See the LaTeX manual or LaTeX Companion for explanation.
Type  H <return>  for immediate help.
 ...                                              
                                                  
l.138 ^^I^^I^^I\item X
                      ^^c3^^a9t $\triangle AHB$ v^^c3^^a0 $\triangle BCD$ c^...

Try typing  <return>  to proceed.
If that doesn't work, type  X <return>  to quit.

Missing character: There is no X in font nullfont!
Missing character: There is no t in font nullfont!
Missing character: There is no v in font nullfont!
Missing character: There is no c in font nullfont!

Overfull \hbox (4.44444pt too wide) in paragraph at lines 138--139
\/cmr/m/n/10 ^^Se
 []


Overfull \hbox (33.6007pt too wide) in paragraph at lines 138--139
\OMS/cmsy/m/n/10 4\OML/cmm/m/it/10 AHB$
 []


Overfull \hbox (5.00002pt too wide) in paragraph at lines 138--139
\/cmr/m/n/10 ^^Ra
 []


Overfull \hbox (33.39514pt too wide) in paragraph at lines 138--139
\OMS/cmsy/m/n/10 4\OML/cmm/m/it/10 BCD$
 []


Overfull \hbox (5.00002pt too wide) in paragraph at lines 138--139
\/cmr/m/n/10 ^^So 
 []

Missing character: There is no ( in font nullfont!
Missing character: There is no l in font nullfont!
Missing character: There is no h in font nullfont!
Missing character: There is no n in font nullfont!
Missing character: There is no h in font nullfont!
Missing character: There is no c in font nullfont!
Missing character: There is no h in font nullfont!
Missing character: There is no i in font nullfont!

! LaTeX Error: Unicode character ^^e1^^ba^^bf (U+1EBF)
               not set up for use with LaTeX.

See the LaTeX manual or LaTeX Companion for explanation.
Type  H <return>  for immediate help.
 ...                                              
                                                  
l.140 ...$H$ l^^c3^^a0 h^^c3^^acnh chi^^e1^^ba^^bf
                                                  u c^^e1^^bb^^a7a $A$ l^^c3...

You may provide a definition with
\DeclareUnicodeCharacter 

Missing character: There is no u in font nullfont!
Missing character: There is no c in font nullfont!

! LaTeX Error: Unicode character ^^e1^^bb^^a7 (U+1EE7)
               not set up for use with LaTeX.

See the LaTeX manual or LaTeX Companion for explanation.
Type  H <return>  for immediate help.
 ...                                              
                                                  
l.140 ...^^c3^^acnh chi^^e1^^ba^^bfu c^^e1^^bb^^a7
                                                  a $A$ l^^c3^^aan $BD$ v^^c...

You may provide a definition with
\DeclareUnicodeCharacter 

Missing character: There is no a in font nullfont!
Missing character: There is no l in font nullfont!
Missing character: There is no n in font nullfont!
Missing character: There is no v in font nullfont!
Missing character: There is no l in font nullfont!
Missing character: There is no m in font nullfont!

! LaTeX Error: Unicode character ^^e1^^bb^^99 (U+1ED9)
               not set up for use with LaTeX.

See the LaTeX manual or LaTeX Companion for explanation.
Type  H <return>  for immediate help.
 ...                                              
                                                  
l.140 ...0 $\widehat{BCD}$ l^^c3^^a0 m^^e1^^bb^^99
                                                  t g^^c3^^b3c c^^e1^^bb^^a7...

You may provide a definition with
\DeclareUnicodeCharacter 

Missing character: There is no t in font nullfont!
Missing character: There is no g in font nullfont!
Missing character: There is no c in font nullfont!
Missing character: There is no c in font nullfont!

! LaTeX Error: Unicode character ^^e1^^bb^^a7 (U+1EE7)
               not set up for use with LaTeX.

See the LaTeX manual or LaTeX Companion for explanation.
Type  H <return>  for immediate help.
 ...                                              
                                                  
l.140 ...0 m^^e1^^bb^^99t g^^c3^^b3c c^^e1^^bb^^a7
                                                  a h^^c3^^acnh ch^^e1^^bb^^...

You may provide a definition with
\DeclareUnicodeCharacter 

Missing character: There is no a in font nullfont!
Missing character: There is no h in font nullfont!
Missing character: There is no n in font nullfont!
Missing character: There is no h in font nullfont!
Missing character: There is no c in font nullfont!
Missing character: There is no h in font nullfont!

! LaTeX Error: Unicode character ^^e1^^bb^^af (U+1EEF)
               not set up for use with LaTeX.

See the LaTeX manual or LaTeX Companion for explanation.
Type  H <return>  for immediate help.
 ...                                              
                                                  
l.140 ...c^^e1^^bb^^a7a h^^c3^^acnh ch^^e1^^bb^^af
                                                   nh^^e1^^ba^^adt).
You may provide a definition with
\DeclareUnicodeCharacter 

Missing character: There is no n in font nullfont!
Missing character: There is no h in font nullfont!

! LaTeX Error: Unicode character ^^e1^^ba^^ad (U+1EAD)
               not set up for use with LaTeX.

See the LaTeX manual or LaTeX Companion for explanation.
Type  H <return>  for immediate help.
 ...                                              
                                                  
l.140 ...h^^c3^^acnh ch^^e1^^bb^^af nh^^e1^^ba^^ad
                                                  t).
You may provide a definition with
\DeclareUnicodeCharacter 

Missing character: There is no t in font nullfont!
Missing character: There is no ) in font nullfont!
Missing character: There is no . in font nullfont!

Overfull \hbox (35.2673pt too wide) in paragraph at lines 140--141
[] \/cmr/m/n/10 =
 []


Overfull \hbox (35.06175pt too wide) in paragraph at lines 140--141
[] \/cmr/m/n/10 =
 []


Overfull \hbox (14.59726pt too wide) in paragraph at lines 140--141
\/cmr/m/n/10 90[]$
 []


Overfull \hbox (9.12497pt too wide) in paragraph at lines 140--141
\OML/cmm/m/it/10 H$
 []


Overfull \hbox (5.00002pt too wide) in paragraph at lines 140--141
\/cmr/m/n/10 ^^Ra
 []


Overfull \hbox (2.77779pt too wide) in paragraph at lines 140--141
\/cmr/m/n/10 ^^R^^P
 []


Overfull \hbox (7.50002pt too wide) in paragraph at lines 140--141
\OML/cmm/m/it/10 A$
 []


Overfull \hbox (4.44444pt too wide) in paragraph at lines 140--141
\/cmr/m/n/10 ^e
 []


Overfull \hbox (16.64375pt too wide) in paragraph at lines 140--141
\OML/cmm/m/it/10 BD$
 []


Overfull \hbox (5.00002pt too wide) in paragraph at lines 140--141
\/cmr/m/n/10 ^^Ra
 []


Overfull \hbox (24.50624pt too wide) in paragraph at lines 140--141
[]$
 []


Overfull \hbox (5.00002pt too wide) in paragraph at lines 140--141
\/cmr/m/n/10 ^^Ra
 []


Overfull \hbox (5.00002pt too wide) in paragraph at lines 140--141
\/cmr/m/n/10 ^^So
 []


Overfull \hbox (2.77779pt too wide) in paragraph at lines 140--141
\/cmr/m/n/10 ^^R^^P 
 []

Missing character: There is no ( in font nullfont!
Missing character: There is no c in font nullfont!
Missing character: There is no n in font nullfont!
Missing character: There is no g in font nullfont!
Missing character: There is no p in font nullfont!
Missing character: There is no h in font nullfont!

! LaTeX Error: Unicode character ^^e1^^bb^^a5 (U+1EE5)
               not set up for use with LaTeX.

See the LaTeX manual or LaTeX Companion for explanation.
Type  H <return>  for immediate help.
 ...                                              
                                                  
l.141 ...widehat{BDC}$ (c^^c3^^b9ng ph^^e1^^bb^^a5
                                                   $\widehat{DBC}$).
You may provide a definition with
\DeclareUnicodeCharacter 

Missing character: There is no ) in font nullfont!
Missing character: There is no . in font nullfont!

Overfull \hbox (35.2673pt too wide) in paragraph at lines 141--142
[] \/cmr/m/n/10 =
 []


Overfull \hbox (24.50624pt too wide) in paragraph at lines 141--142
[]$
 []


Overfull \hbox (5.55557pt too wide) in paragraph at lines 141--142
\/cmr/m/n/10 ^^Ru
 []


Overfull \hbox (24.50624pt too wide) in paragraph at lines 141--142
[]$ 
 []

Missing character: There is no V in font nullfont!

! LaTeX Error: Unicode character ^^e1^^ba^^ad (U+1EAD)
               not set up for use with LaTeX.

See the LaTeX manual or LaTeX Companion for explanation.
Type  H <return>  for immediate help.
 ...                                              
                                                  
l.143 ^^I^^I^^IV^^e1^^ba^^ad
                            y $\triangle AHB\sim \triangle BCD$ (g^^c3^^b3c ...

You may provide a definition with
\DeclareUnicodeCharacter 

Missing character: There is no y in font nullfont!
Missing character: There is no ( in font nullfont!
Missing character: There is no g in font nullfont!
Missing character: There is no c in font nullfont!
Missing character: There is no - in font nullfont!
Missing character: There is no g in font nullfont!
Missing character: There is no c in font nullfont!
Missing character: There is no ) in font nullfont!
Missing character: There is no . in font nullfont!

! LaTeX Error: \begin{document} ended by \end{listEX}.

See the LaTeX manual or LaTeX Companion for explanation.
Type  H <return>  for immediate help.
 ...                                              
                                                  
l.144 ^^I^^I\end{listEX}
                        
Your command was ignored.
Type  I <command> <return>  to replace it with another command,
or  <return>  to continue without it.


! LaTeX Error: Environment tikzpicture undefined.

See the LaTeX manual or LaTeX Companion for explanation.
Type  H <return>  for immediate help.
 ...                                              
                                                  
l.146 ^^I^^I\begin{tikzpicture}
                               
Your command was ignored.
Type  I <command> <return>  to replace it with another command,
or  <return>  to continue without it.

Missing character: There is no ; in font nullfont!
! Undefined control sequence.
l.148 ^^I^^I^^I\path
                    
The control sequence at the end of the top line
of your error message was never \def'ed. If you have
misspelled it (e.g., `\hobx'), type `I' and the correct
spelling (e.g., `I\hbox'). Otherwise just continue,
and I'll forget about whatever was undefined.

Missing character: There is no ( in font nullfont!
Missing character: There is no 0 in font nullfont!
Missing character: There is no , in font nullfont!
Missing character: There is no 0 in font nullfont!
Missing character: There is no ) in font nullfont!
Missing character: There is no c in font nullfont!
Missing character: There is no o in font nullfont!
Missing character: There is no o in font nullfont!
Missing character: There is no r in font nullfont!
Missing character: There is no d in font nullfont!
Missing character: There is no i in font nullfont!
Missing character: There is no n in font nullfont!
Missing character: There is no a in font nullfont!
Missing character: There is no t in font nullfont!
Missing character: There is no e in font nullfont!
Missing character: There is no ( in font nullfont!
Missing character: There is no D in font nullfont!
Missing character: There is no ) in font nullfont!
Missing character: There is no ( in font nullfont!
Missing character: There is no ) in font nullfont!
Missing character: There is no c in font nullfont!
Missing character: There is no o in font nullfont!
Missing character: There is no o in font nullfont!
Missing character: There is no r in font nullfont!
Missing character: There is no d in font nullfont!
Missing character: There is no i in font nullfont!
Missing character: There is no n in font nullfont!
Missing character: There is no a in font nullfont!
Missing character: There is no t in font nullfont!
Missing character: There is no e in font nullfont!
Missing character: There is no ( in font nullfont!
Missing character: There is no C in font nullfont!
Missing character: There is no ) in font nullfont!
Missing character: There is no ( in font nullfont!
Missing character: There is no ) in font nullfont!
Missing character: There is no c in font nullfont!
Missing character: There is no o in font nullfont!
Missing character: There is no o in font nullfont!
Missing character: There is no r in font nullfont!
Missing character: There is no d in font nullfont!
Missing character: There is no i in font nullfont!
Missing character: There is no n in font nullfont!
Missing character: There is no a in font nullfont!
Missing character: There is no t in font nullfont!
Missing character: There is no e in font nullfont!
Missing character: There is no ( in font nullfont!
Missing character: There is no A in font nullfont!
Missing character: There is no ) in font nullfont!
Missing character: There is no ( in font nullfont!
Missing character: There is no ) in font nullfont!
Missing character: There is no c in font nullfont!
Missing character: There is no o in font nullfont!
Missing character: There is no o in font nullfont!
Missing character: There is no r in font nullfont!
Missing character: There is no d in font nullfont!
Missing character: There is no i in font nullfont!
Missing character: There is no n in font nullfont!
Missing character: There is no a in font nullfont!
Missing character: There is no t in font nullfont!
Missing character: There is no e in font nullfont!
Missing character: There is no ( in font nullfont!
Missing character: There is no B in font nullfont!
Missing character: There is no ) in font nullfont!
Missing character: There is no ( in font nullfont!
Missing character: There is no ) in font nullfont!
Missing character: There is no c in font nullfont!
Missing character: There is no o in font nullfont!
Missing character: There is no o in font nullfont!
Missing character: There is no r in font nullfont!
Missing character: There is no d in font nullfont!
Missing character: There is no i in font nullfont!
Missing character: There is no n in font nullfont!
Missing character: There is no a in font nullfont!
Missing character: There is no t in font nullfont!
Missing character: There is no e in font nullfont!
Missing character: There is no ( in font nullfont!
Missing character: There is no H in font nullfont!
Missing character: There is no ) in font nullfont!
Missing character: There is no ( in font nullfont!
Missing character: There is no i in font nullfont!
Missing character: There is no n in font nullfont!
Missing character: There is no t in font nullfont!
Missing character: There is no e in font nullfont!
Missing character: There is no r in font nullfont!
Missing character: There is no s in font nullfont!
Missing character: There is no e in font nullfont!
Missing character: There is no c in font nullfont!
Missing character: There is no t in font nullfont!
Missing character: There is no i in font nullfont!
Missing character: There is no o in font nullfont!
Missing character: There is no n in font nullfont!
Missing character: There is no o in font nullfont!
Missing character: There is no f in font nullfont!
Missing character: There is no A in font nullfont!
Missing character: There is no - in font nullfont!
Missing character: There is no - in font nullfont!
Missing character: There is no C in font nullfont!
Missing character: There is no a in font nullfont!
Missing character: There is no n in font nullfont!
Missing character: There is no d in font nullfont!
Missing character: There is no B in font nullfont!
Missing character: There is no - in font nullfont!
Missing character: There is no - in font nullfont!
Missing character: There is no D in font nullfont!
Missing character: There is no ) in font nullfont!
Missing character: There is no c in font nullfont!
Missing character: There is no o in font nullfont!
Missing character: There is no o in font nullfont!
Missing character: There is no r in font nullfont!
Missing character: There is no d in font nullfont!
Missing character: There is no i in font nullfont!
Missing character: There is no n in font nullfont!
Missing character: There is no a in font nullfont!
Missing character: There is no t in font nullfont!
Missing character: There is no e in font nullfont!
Missing character: There is no ( in font nullfont!
Missing character: There is no O in font nullfont!
Missing character: There is no ) in font nullfont!
Missing character: There is no ; in font nullfont!
! Undefined control sequence.
l.156 ^^I^^I^^I\draw
                    
The control sequence at the end of the top line
of your error message was never \def'ed. If you have
misspelled it (e.g., `\hobx'), type `I' and the correct
spelling (e.g., `I\hbox'). Otherwise just continue,
and I'll forget about whatever was undefined.

Missing character: There is no ( in font nullfont!
Missing character: There is no A in font nullfont!
Missing character: There is no ) in font nullfont!
Missing character: There is no - in font nullfont!
Missing character: There is no - in font nullfont!
Missing character: There is no ( in font nullfont!
Missing character: There is no B in font nullfont!
Missing character: There is no ) in font nullfont!
Missing character: There is no - in font nullfont!
Missing character: There is no - in font nullfont!
Missing character: There is no ( in font nullfont!
Missing character: There is no C in font nullfont!
Missing character: There is no ) in font nullfont!
Missing character: There is no - in font nullfont!
Missing character: There is no - in font nullfont!
Missing character: There is no ( in font nullfont!
Missing character: There is no D in font nullfont!
Missing character: There is no ) in font nullfont!
Missing character: There is no - in font nullfont!
Missing character: There is no - in font nullfont!
Missing character: There is no c in font nullfont!
Missing character: There is no y in font nullfont!
Missing character: There is no c in font nullfont!
Missing character: There is no l in font nullfont!
Missing character: There is no e in font nullfont!
Missing character: There is no ( in font nullfont!
Missing character: There is no B in font nullfont!
Missing character: There is no ) in font nullfont!
Missing character: There is no - in font nullfont!
Missing character: There is no - in font nullfont!
Missing character: There is no ( in font nullfont!
Missing character: There is no D in font nullfont!
Missing character: There is no ) in font nullfont!
Missing character: There is no ( in font nullfont!
Missing character: There is no A in font nullfont!
Missing character: There is no ) in font nullfont!
Missing character: There is no - in font nullfont!
Missing character: There is no - in font nullfont!
Missing character: There is no ( in font nullfont!
Missing character: There is no H in font nullfont!
Missing character: There is no ) in font nullfont!
Missing character: There is no ( in font nullfont!
Missing character: There is no A in font nullfont!
Missing character: There is no ) in font nullfont!
Missing character: There is no - in font nullfont!
Missing character: There is no - in font nullfont!
Missing character: There is no ( in font nullfont!
Missing character: There is no C in font nullfont!
Missing character: There is no ) in font nullfont!
Missing character: There is no ( in font nullfont!
Missing character: There is no B in font nullfont!
Missing character: There is no ) in font nullfont!
Missing character: There is no - in font nullfont!
Missing character: There is no - in font nullfont!
Missing character: There is no ( in font nullfont!
Missing character: There is no D in font nullfont!
Missing character: There is no ) in font nullfont!
Missing character: There is no ; in font nullfont!
! Undefined control sequence.
l.163 ^^I^^I^^I\foreach
                        \x/\g in {A/135,B/45,C/-45,D/-135,H/-45,O/90}
The control sequence at the end of the top line
of your error message was never \def'ed. If you have
misspelled it (e.g., `\hobx'), type `I' and the correct
spelling (e.g., `I\hbox'). Otherwise just continue,
and I'll forget about whatever was undefined.

! Undefined control sequence.
l.163 ^^I^^I^^I\foreach \x
                          /\g in {A/135,B/45,C/-45,D/-135,H/-45,O/90}
The control sequence at the end of the top line
of your error message was never \def'ed. If you have
misspelled it (e.g., `\hobx'), type `I' and the correct
spelling (e.g., `I\hbox'). Otherwise just continue,
and I'll forget about whatever was undefined.

Missing character: There is no / in font nullfont!
! Undefined control sequence.
l.163 ^^I^^I^^I\foreach \x/\g
                              in {A/135,B/45,C/-45,D/-135,H/-45,O/90}
The control sequence at the end of the top line
of your error message was never \def'ed. If you have
misspelled it (e.g., `\hobx'), type `I' and the correct
spelling (e.g., `I\hbox'). Otherwise just continue,
and I'll forget about whatever was undefined.

Missing character: There is no i in font nullfont!
Missing character: There is no n in font nullfont!
Missing character: There is no A in font nullfont!
Missing character: There is no / in font nullfont!
Missing character: There is no 1 in font nullfont!
Missing character: There is no 3 in font nullfont!
Missing character: There is no 5 in font nullfont!
Missing character: There is no , in font nullfont!
Missing character: There is no B in font nullfont!
Missing character: There is no / in font nullfont!
Missing character: There is no 4 in font nullfont!
Missing character: There is no 5 in font nullfont!
Missing character: There is no , in font nullfont!
Missing character: There is no C in font nullfont!
Missing character: There is no / in font nullfont!
Missing character: There is no - in font nullfont!
Missing character: There is no 4 in font nullfont!
Missing character: There is no 5 in font nullfont!
Missing character: There is no , in font nullfont!
Missing character: There is no D in font nullfont!
Missing character: There is no / in font nullfont!
Missing character: There is no - in font nullfont!
Missing character: There is no 1 in font nullfont!
Missing character: There is no 3 in font nullfont!
Missing character: There is no 5 in font nullfont!
Missing character: There is no , in font nullfont!
Missing character: There is no H in font nullfont!
Missing character: There is no / in font nullfont!
Missing character: There is no - in font nullfont!
Missing character: There is no 4 in font nullfont!
Missing character: There is no 5 in font nullfont!
Missing character: There is no , in font nullfont!
Missing character: There is no O in font nullfont!
Missing character: There is no / in font nullfont!
Missing character: There is no 9 in font nullfont!
Missing character: There is no 0 in font nullfont!
! Undefined control sequence.
l.165 ^^I^^I^^I^^I\draw
                        [fill=black](\x) circle (1.5pt) +(\g:3mm) node {$\x$};
The control sequence at the end of the top line
of your error message was never \def'ed. If you have
misspelled it (e.g., `\hobx'), type `I' and the correct
spelling (e.g., `I\hbox'). Otherwise just continue,
and I'll forget about whatever was undefined.

Missing character: There is no [ in font nullfont!
Missing character: There is no f in font nullfont!
Missing character: There is no i in font nullfont!
Missing character: There is no l in font nullfont!
Missing character: There is no l in font nullfont!
Missing character: There is no = in font nullfont!
Missing character: There is no b in font nullfont!
Missing character: There is no l in font nullfont!
Missing character: There is no a in font nullfont!
Missing character: There is no c in font nullfont!
Missing character: There is no k in font nullfont!
Missing character: There is no ] in font nullfont!
Missing character: There is no ( in font nullfont!
! Undefined control sequence.
l.165 ^^I^^I^^I^^I\draw [fill=black](\x
                                       ) circle (1.5pt) +(\g:3mm) node {$\x$};
The control sequence at the end of the top line
of your error message was never \def'ed. If you have
misspelled it (e.g., `\hobx'), type `I' and the correct
spelling (e.g., `I\hbox'). Otherwise just continue,
and I'll forget about whatever was undefined.

Missing character: There is no ) in font nullfont!
Missing character: There is no c in font nullfont!
Missing character: There is no i in font nullfont!
Missing character: There is no r in font nullfont!
Missing character: There is no c in font nullfont!
Missing character: There is no l in font nullfont!
Missing character: There is no e in font nullfont!
Missing character: There is no ( in font nullfont!
Missing character: There is no 1 in font nullfont!
Missing character: There is no . in font nullfont!
Missing character: There is no 5 in font nullfont!
Missing character: There is no p in font nullfont!
Missing character: There is no t in font nullfont!
Missing character: There is no ) in font nullfont!
Missing character: There is no + in font nullfont!
Missing character: There is no ( in font nullfont!
! Undefined control sequence.
l.165 ...draw [fill=black](\x) circle (1.5pt) +(\g
                                                  :3mm) node {$\x$};
The control sequence at the end of the top line
of your error message was never \def'ed. If you have
misspelled it (e.g., `\hobx'), type `I' and the correct
spelling (e.g., `I\hbox'). Otherwise just continue,
and I'll forget about whatever was undefined.

Missing character: There is no : in font nullfont!
Missing character: There is no 3 in font nullfont!
Missing character: There is no m in font nullfont!
Missing character: There is no m in font nullfont!
Missing character: There is no ) in font nullfont!
Missing character: There is no n in font nullfont!
Missing character: There is no o in font nullfont!
Missing character: There is no d in font nullfont!
Missing character: There is no e in font nullfont!
! Undefined control sequence.
<recently read> \x 
                   
l.165 ...k](\x) circle (1.5pt) +(\g:3mm) node {$\x
                                                  $};
The control sequence at the end of the top line
of your error message was never \def'ed. If you have
misspelled it (e.g., `\hobx'), type `I' and the correct
spelling (e.g., `I\hbox'). Otherwise just continue,
and I'll forget about whatever was undefined.

Missing character: There is no ; in font nullfont!

! LaTeX Error: \begin{document} ended by \end{tikzpicture}.

See the LaTeX manual or LaTeX Companion for explanation.
Type  H <return>  for immediate help.
 ...                                              
                                                  
l.167 ^^I^^I\end{tikzpicture}
                             
Your command was ignored.
Type  I <command> <return>  to replace it with another command,
or  <return>  to continue without it.


! LaTeX Error: Environment listEX undefined.

See the LaTeX manual or LaTeX Companion for explanation.
Type  H <return>  for immediate help.
 ...                                              
                                                  
l.169 ^^I\begin{listEX}
                       
Your command was ignored.
Type  I <command> <return>  to replace it with another command,
or  <return>  to continue without it.


Overfull \hbox (44.1562pt too wide) in paragraph at lines 143--171
 $\OMS/cmsy/m/n/10 4\OML/cmm/m/it/10 AHB \OMS/cmsy/m/n/10 ^^X
 []


Overfull \hbox (33.39514pt too wide) in paragraph at lines 143--171
\OMS/cmsy/m/n/10 4\OML/cmm/m/it/10 BCD$
 []


Overfull \hbox (5.00002pt too wide) in paragraph at lines 143--171
\/cmr/m/n/10 ^^So
 []


Overfull \hbox (5.00002pt too wide) in paragraph at lines 143--171
\/cmr/m/n/10 ^^So
 []


Overfull \hbox (24.11255pt too wide) in paragraph at lines 143--171
\/cmr/m/n/10 (\OML/cmm/m/it/10 D\/cmr/m/n/10 ) +
 []


Overfull \hbox (14.44441pt too wide) in paragraph at lines 143--171
\/cmr/m/n/10 (0 :
 []


Overfull \hbox (10.00003pt too wide) in paragraph at lines 143--171
\/cmr/m/n/10 4 \OMS/cmsy/m/n/10 ^^C
 []


Overfull \hbox (8.88892pt too wide) in paragraph at lines 143--171
\/cmr/m/n/10 1)$
 []


Overfull \hbox (24.11255pt too wide) in paragraph at lines 143--171
\/cmr/m/n/10 (\OML/cmm/m/it/10 D\/cmr/m/n/10 ) +
 []


Overfull \hbox (19.44443pt too wide) in paragraph at lines 143--171
\/cmr/m/n/10 (90 :
 []


Overfull \hbox (10.00003pt too wide) in paragraph at lines 143--171
\/cmr/m/n/10 3 \OMS/cmsy/m/n/10 ^^C
 []


Overfull \hbox (8.88892pt too wide) in paragraph at lines 143--171
\/cmr/m/n/10 1)$
 []


Overfull \hbox (23.41809pt too wide) in paragraph at lines 143--171
\/cmr/m/n/10 (\OML/cmm/m/it/10 C\/cmr/m/n/10 ) +
 []


Overfull \hbox (19.44443pt too wide) in paragraph at lines 143--171
\/cmr/m/n/10 (90 :
 []


Overfull \hbox (10.00003pt too wide) in paragraph at lines 143--171
\/cmr/m/n/10 3 \OMS/cmsy/m/n/10 ^^C
 []


Overfull \hbox (8.88892pt too wide) in paragraph at lines 143--171
\/cmr/m/n/10 1)$
 []


Overfull \hbox (53.03275pt too wide) in paragraph at lines 143--171
\/cmr/m/n/10 (\OML/cmm/m/it/10 B\/cmr/m/n/10 )!(\OML/cmm/m/it/10 A\/cmr/m/n/10 
)!(\OML/cmm/m/it/10 D\/cmr/m/n/10 )$
 []


! LaTeX Error: Lonely \item--perhaps a missing list environment.

See the LaTeX manual or LaTeX Companion for explanation.
Type  H <return>  for immediate help.
 ...                                              
                                                  
l.171 ^^I^^I\item T
                   a c^^c3^^b3 v^^c3^^ac $ABCD$ l^^c3^^a0 h^^c3^^acnh ch^^e1...

Try typing  <return>  to proceed.
If that doesn't work, type  X <return>  to quit.

Missing character: There is no T in font nullfont!
Missing character: There is no a in font nullfont!
Missing character: There is no c in font nullfont!
Missing character: There is no v in font nullfont!
Missing character: There is no l in font nullfont!
Missing character: There is no h in font nullfont!
Missing character: There is no n in font nullfont!
Missing character: There is no h in font nullfont!
Missing character: There is no c in font nullfont!
Missing character: There is no h in font nullfont!

! LaTeX Error: Unicode character ^^e1^^bb^^af (U+1EEF)
               not set up for use with LaTeX.

See the LaTeX manual or LaTeX Companion for explanation.
Type  H <return>  for immediate help.
 ...                                              
                                                  
l.171 ...BCD$ l^^c3^^a0 h^^c3^^acnh ch^^e1^^bb^^af
                                                   nh^^e1^^ba^^adt n^^c3^^aa...

You may provide a definition with
\DeclareUnicodeCharacter 

Missing character: There is no n in font nullfont!
Missing character: There is no h in font nullfont!

! LaTeX Error: Unicode character ^^e1^^ba^^ad (U+1EAD)
               not set up for use with LaTeX.

See the LaTeX manual or LaTeX Companion for explanation.
Type  H <return>  for immediate help.
 ...                                              
                                                  
l.171 ...h^^c3^^acnh ch^^e1^^bb^^af nh^^e1^^ba^^ad
                                                  t n^^c3^^aan $AD=BC=9$ cm ...

You may provide a definition with
\DeclareUnicodeCharacter 

Missing character: There is no t in font nullfont!
Missing character: There is no n in font nullfont!
Missing character: There is no n in font nullfont!
Missing character: There is no c in font nullfont!
Missing character: There is no m in font nullfont!
Missing character: There is no v in font nullfont!
Missing character: There is no c in font nullfont!
Missing character: There is no m in font nullfont!
Missing character: There is no . in font nullfont!
Missing character: There is no X in font nullfont!
Missing character: There is no t in font nullfont!
Missing character: There is no v in font nullfont!
Missing character: There is no u in font nullfont!
Missing character: There is no n in font nullfont!
Missing character: There is no g in font nullfont!
Missing character: There is no t in font nullfont!

! LaTeX Error: Unicode character ^^e1^^ba^^a1 (U+1EA1)
               not set up for use with LaTeX.

See the LaTeX manual or LaTeX Companion for explanation.
Type  H <return>  for immediate help.
 ...                                              
                                                  
l.172 ...\triangle BCD$ vu^^c3^^b4ng t^^e1^^ba^^a1
                                                  i $C$. Theo ^^c4^^91^^e1^^...

You may provide a definition with
\DeclareUnicodeCharacter 

Missing character: There is no i in font nullfont!
Missing character: There is no . in font nullfont!
Missing character: There is no T in font nullfont!
Missing character: There is no h in font nullfont!
Missing character: There is no e in font nullfont!
Missing character: There is no o in font nullfont!

! LaTeX Error: Command \dj unavailable in encoding .

See the LaTeX manual or LaTeX Companion for explanation.
Type  H <return>  for immediate help.
 ...                                              
                                                  
l.172 ...3^^b4ng t^^e1^^ba^^a1i $C$. Theo ^^c4^^91
                                                  ^^e1^^bb^^8bnh l^^c3^^bd P...

Your command was ignored.
Type  I <command> <return>  to replace it with another command,
or  <return>  to continue without it.


! LaTeX Error: Unicode character ^^e1^^bb^^8b (U+1ECB)
               not set up for use with LaTeX.

See the LaTeX manual or LaTeX Companion for explanation.
Type  H <return>  for immediate help.
 ...                                              
                                                  
l.172 ...1^^ba^^a1i $C$. Theo ^^c4^^91^^e1^^bb^^8b
                                                  nh l^^c3^^bd Py-ta-go ta c...

You may provide a definition with
\DeclareUnicodeCharacter 

Missing character: There is no n in font nullfont!
Missing character: There is no h in font nullfont!
Missing character: There is no l in font nullfont!
Missing character: There is no P in font nullfont!
Missing character: There is no y in font nullfont!
Missing character: There is no - in font nullfont!
Missing character: There is no t in font nullfont!
Missing character: There is no a in font nullfont!
Missing character: There is no - in font nullfont!
Missing character: There is no g in font nullfont!
Missing character: There is no o in font nullfont!
Missing character: There is no t in font nullfont!
Missing character: There is no a in font nullfont!
Missing character: There is no c in font nullfont!
! Undefined control sequence.
l.173 ^^I^^I\allowdisplaybreaks
                               
The control sequence at the end of the top line
of your error message was never \def'ed. If you have
misspelled it (e.g., `\hobx'), type `I' and the correct
spelling (e.g., `I\hbox'). Otherwise just continue,
and I'll forget about whatever was undefined.


Overfull \hbox (5.00002pt too wide) in paragraph at lines 171--174
\/cmr/m/n/10 ^^So
 []


Overfull \hbox (2.77779pt too wide) in paragraph at lines 171--174
\/cmr/m/n/10 ^^R^^P
 []


Overfull \hbox (32.00626pt too wide) in paragraph at lines 171--174
\OML/cmm/m/it/10 ABCD$
 []


Overfull \hbox (5.00002pt too wide) in paragraph at lines 171--174
\/cmr/m/n/10 ^^Ra
 []


Overfull \hbox (2.77779pt too wide) in paragraph at lines 171--174
\/cmr/m/n/10 ^^R^^P
 []


Overfull \hbox (4.44444pt too wide) in paragraph at lines 171--174
\/cmr/m/n/10 ^e
 []


Overfull \hbox (26.61247pt too wide) in paragraph at lines 171--174
\OML/cmm/m/it/10 AD \/cmr/m/n/10 =
 []


Overfull \hbox (26.5048pt too wide) in paragraph at lines 171--174
\OML/cmm/m/it/10 BC \/cmr/m/n/10 =
 []


Overfull \hbox (5.00002pt too wide) in paragraph at lines 171--174
\/cmr/m/n/10 9$
 []


Overfull \hbox (5.00002pt too wide) in paragraph at lines 171--174
\/cmr/m/n/10 ^^Ra
 []


Overfull \hbox (26.97495pt too wide) in paragraph at lines 171--174
\OML/cmm/m/it/10 CD \/cmr/m/n/10 =
 []


Overfull \hbox (26.14233pt too wide) in paragraph at lines 171--174
\OML/cmm/m/it/10 AB \/cmr/m/n/10 =
 []


Overfull \hbox (10.00003pt too wide) in paragraph at lines 171--174
\/cmr/m/n/10 12$ 
 []


Overfull \hbox (4.44444pt too wide) in paragraph at lines 171--174
\/cmr/m/n/10 ^^Se
 []


Overfull \hbox (33.39514pt too wide) in paragraph at lines 171--174
\OMS/cmsy/m/n/10 4\OML/cmm/m/it/10 BCD$
 []


Overfull \hbox (5.00002pt too wide) in paragraph at lines 171--174
\/cmr/m/n/10 ^o
 []


Overfull \hbox (7.86249pt too wide) in paragraph at lines 171--174
\OML/cmm/m/it/10 C$
 []


Overfull \hbox (5.2778pt too wide) in paragraph at lines 171--174
\/cmr/m/n/10 ^^Sy
 []


Overfull \hbox (5.00002pt too wide) in paragraph at lines 171--174
\/cmr/m/n/10 ^^So 
 []


Overfull \hbox (98.02625pt too wide) in alignment at lines 174--179
 [][][] []
 []

Missing character: There is no V in font nullfont!
Missing character: There is no n in font nullfont!
Missing character: There is no n in font nullfont!
Missing character: There is no t in font nullfont!
Missing character: There is no a in font nullfont!
Missing character: There is no c in font nullfont!
! Undefined control sequence.
l.181 ^^I^^I\allowdisplaybreaks
                               
The control sequence at the end of the top line
of your error message was never \def'ed. If you have
misspelled it (e.g., `\hobx'), type `I' and the correct
spelling (e.g., `I\hbox'). Otherwise just continue,
and I'll forget about whatever was undefined.


Overfull \hbox (2.77779pt too wide) in paragraph at lines 179--182
\/cmr/m/n/10 ^^R^^P
 []


Overfull \hbox (44.1562pt too wide) in paragraph at lines 179--182
\OMS/cmsy/m/n/10 4\OML/cmm/m/it/10 AHB \OMS/cmsy/m/n/10 ^^X
 []


Overfull \hbox (33.39514pt too wide) in paragraph at lines 179--182
\OMS/cmsy/m/n/10 4\OML/cmm/m/it/10 BCD$
 []


Overfull \hbox (4.44444pt too wide) in paragraph at lines 179--182
\/cmr/m/n/10 ^e
 []


Overfull \hbox (5.00002pt too wide) in paragraph at lines 179--182
\/cmr/m/n/10 ^^So 
 []

! Undefined control sequence.
l.183 ^^I^^I^^I&&\dfrac
                       {S_{AHB}}{S_{BCD}}=\left(\dfrac{AB}{BD}\right)^2\\
The control sequence at the end of the top line
of your error message was never \def'ed. If you have
misspelled it (e.g., `\hobx'), type `I' and the correct
spelling (e.g., `I\hbox'). Otherwise just continue,
and I'll forget about whatever was undefined.

! Undefined control sequence.
l.183 ...^I&&\dfrac{S_{AHB}}{S_{BCD}}=\left(\dfrac
                                                  {AB}{BD}\right)^2\\
The control sequence at the end of the top line
of your error message was never \def'ed. If you have
misspelled it (e.g., `\hobx'), type `I' and the correct
spelling (e.g., `I\hbox'). Otherwise just continue,
and I'll forget about whatever was undefined.

! Undefined control sequence.
l.184 ^^I^^I^^I&\Leftrightarrow& \dfrac
                                       {S_{AHB}}{S_{BCD}}=\left(\dfrac{4}{5}...
The control sequence at the end of the top line
of your error message was never \def'ed. If you have
misspelled it (e.g., `\hobx'), type `I' and the correct
spelling (e.g., `I\hbox'). Otherwise just continue,
and I'll forget about whatever was undefined.

! Undefined control sequence.
l.184 ...ow& \dfrac{S_{AHB}}{S_{BCD}}=\left(\dfrac
                                                  {4}{5}\right)^2\\
The control sequence at the end of the top line
of your error message was never \def'ed. If you have
misspelled it (e.g., `\hobx'), type `I' and the correct
spelling (e.g., `I\hbox'). Otherwise just continue,
and I'll forget about whatever was undefined.

! Undefined control sequence.
l.185 ^^I^^I^^I&\Leftrightarrow&\dfrac
                                      {S_{AHB}}{S_{BCD}}=\dfrac{16}{25}\\
The control sequence at the end of the top line
of your error message was never \def'ed. If you have
misspelled it (e.g., `\hobx'), type `I' and the correct
spelling (e.g., `I\hbox'). Otherwise just continue,
and I'll forget about whatever was undefined.

! Undefined control sequence.
l.185 ...ightarrow&\dfrac{S_{AHB}}{S_{BCD}}=\dfrac
                                                  {16}{25}\\
The control sequence at the end of the top line
of your error message was never \def'ed. If you have
misspelled it (e.g., `\hobx'), type `I' and the correct
spelling (e.g., `I\hbox'). Otherwise just continue,
and I'll forget about whatever was undefined.

! Undefined control sequence.
l.186 ^^I^^I^^I&\Leftrightarrow&S_{AHB}=\dfrac
                                              {16}{25}\cdot S_{BCD}\\
The control sequence at the end of the top line
of your error message was never \def'ed. If you have
misspelled it (e.g., `\hobx'), type `I' and the correct
spelling (e.g., `I\hbox'). Otherwise just continue,
and I'll forget about whatever was undefined.

! Undefined control sequence.
l.187 ^^I^^I^^I&\Leftrightarrow&S_{AHB}=\dfrac
                                              {16}{25}\cdot \dfrac{1}{2}\cdo...
The control sequence at the end of the top line
of your error message was never \def'ed. If you have
misspelled it (e.g., `\hobx'), type `I' and the correct
spelling (e.g., `I\hbox'). Otherwise just continue,
and I'll forget about whatever was undefined.

! Undefined control sequence.
l.187 ...tarrow&S_{AHB}=\dfrac{16}{25}\cdot \dfrac
                                                  {1}{2}\cdot BC\cdot CD\\
The control sequence at the end of the top line
of your error message was never \def'ed. If you have
misspelled it (e.g., `\hobx'), type `I' and the correct
spelling (e.g., `I\hbox'). Otherwise just continue,
and I'll forget about whatever was undefined.

! Undefined control sequence.
l.188 ^^I^^I^^I&\Leftrightarrow&S_{AHB}=\dfrac
                                              {16}{25}\cdot \dfrac{1}{2}\cdo...
The control sequence at the end of the top line
of your error message was never \def'ed. If you have
misspelled it (e.g., `\hobx'), type `I' and the correct
spelling (e.g., `I\hbox'). Otherwise just continue,
and I'll forget about whatever was undefined.

! Undefined control sequence.
l.188 ...tarrow&S_{AHB}=\dfrac{16}{25}\cdot \dfrac
                                                  {1}{2}\cdot 9\cdot 12\\
The control sequence at the end of the top line
of your error message was never \def'ed. If you have
misspelled it (e.g., `\hobx'), type `I' and the correct
spelling (e.g., `I\hbox'). Otherwise just continue,
and I'll forget about whatever was undefined.

! Undefined control sequence.
l.189 ^^I^^I^^I&\Leftrightarrow&S_{AHB}=\dfrac
                                              {864}{25}\\
The control sequence at the end of the top line
of your error message was never \def'ed. If you have
misspelled it (e.g., `\hobx'), type `I' and the correct
spelling (e.g., `I\hbox'). Otherwise just continue,
and I'll forget about whatever was undefined.


Overfull \hbox (133.48201pt too wide) in alignment at lines 182--191
 [][][] []
 []


! LaTeX Error: Lonely \item--perhaps a missing list environment.

See the LaTeX manual or LaTeX Companion for explanation.
Type  H <return>  for immediate help.
 ...                                              
                                                  
l.193 ^^I^^IV
             ^^c3^^ac $ABCD$ l^^c3^^a0 h^^c3^^acnh ch^^e1^^bb^^af nh^^e1^^ba...

Try typing  <return>  to proceed.
If that doesn't work, type  X <return>  to quit.

Missing character: There is no V in font nullfont!
Missing character: There is no l in font nullfont!
Missing character: There is no h in font nullfont!
Missing character: There is no n in font nullfont!
Missing character: There is no h in font nullfont!
Missing character: There is no c in font nullfont!
Missing character: There is no h in font nullfont!

! LaTeX Error: Unicode character ^^e1^^bb^^af (U+1EEF)
               not set up for use with LaTeX.

See the LaTeX manual or LaTeX Companion for explanation.
Type  H <return>  for immediate help.
 ...                                              
                                                  
l.193 ...BCD$ l^^c3^^a0 h^^c3^^acnh ch^^e1^^bb^^af
                                                   nh^^e1^^ba^^adt n^^c3^^aa...

You may provide a definition with
\DeclareUnicodeCharacter 

Missing character: There is no n in font nullfont!
Missing character: There is no h in font nullfont!

! LaTeX Error: Unicode character ^^e1^^ba^^ad (U+1EAD)
               not set up for use with LaTeX.

See the LaTeX manual or LaTeX Companion for explanation.
Type  H <return>  for immediate help.
 ...                                              
                                                  
l.193 ...h^^c3^^acnh ch^^e1^^bb^^af nh^^e1^^ba^^ad
                                                  t n^^c3^^aan ta c^^c3^^b3 ...

You may provide a definition with
\DeclareUnicodeCharacter 

Missing character: There is no t in font nullfont!
Missing character: There is no n in font nullfont!
Missing character: There is no n in font nullfont!
Missing character: There is no t in font nullfont!
Missing character: There is no a in font nullfont!
Missing character: There is no c in font nullfont!
Missing character: There is no l in font nullfont!
Missing character: There is no t in font nullfont!
Missing character: There is no r in font nullfont!
Missing character: There is no u in font nullfont!
Missing character: There is no n in font nullfont!
Missing character: There is no g in font nullfont!

! LaTeX Error: Command \dj unavailable in encoding .

See the LaTeX manual or LaTeX Companion for explanation.
Type  H <return>  for immediate help.
 ...                                              
                                                  
l.193 ...ta c^^c3^^b3 $O$ l^^c3^^a0 trung ^^c4^^91
                                                  i^^e1^^bb^^83m c^^e1^^bb^^...

Your command was ignored.
Type  I <command> <return>  to replace it with another command,
or  <return>  to continue without it.

Missing character: There is no i in font nullfont!

! LaTeX Error: Unicode character ^^e1^^bb^^83 (U+1EC3)
               not set up for use with LaTeX.

See the LaTeX manual or LaTeX Companion for explanation.
Type  H <return>  for immediate help.
 ...                                              
                                                  
l.193 ...$O$ l^^c3^^a0 trung ^^c4^^91i^^e1^^bb^^83
                                                  m c^^e1^^bb^^a7a c^^e1^^ba...

You may provide a definition with
\DeclareUnicodeCharacter 

Missing character: There is no m in font nullfont!
Missing character: There is no c in font nullfont!

! LaTeX Error: Unicode character ^^e1^^bb^^a7 (U+1EE7)
               not set up for use with LaTeX.

See the LaTeX manual or LaTeX Companion for explanation.
Type  H <return>  for immediate help.
 ...                                              
                                                  
l.193 ...rung ^^c4^^91i^^e1^^bb^^83m c^^e1^^bb^^a7
                                                  a c^^e1^^ba^^a3 $AC$ v^^c3...

You may provide a definition with
\DeclareUnicodeCharacter 

Missing character: There is no a in font nullfont!
Missing character: There is no c in font nullfont!

! LaTeX Error: Unicode character ^^e1^^ba^^a3 (U+1EA3)
               not set up for use with LaTeX.

See the LaTeX manual or LaTeX Companion for explanation.
Type  H <return>  for immediate help.
 ...                                              
                                                  
l.193 ...^e1^^bb^^83m c^^e1^^bb^^a7a c^^e1^^ba^^a3
                                                   $AC$ v^^c3^^a0 $BD$.\\
You may provide a definition with
\DeclareUnicodeCharacter 

Missing character: There is no v in font nullfont!
Missing character: There is no . in font nullfont!
Missing character: There is no X in font nullfont!
Missing character: There is no t in font nullfont!
Missing character: There is no c in font nullfont!

Overfull \hbox (2.77779pt too wide) in paragraph at lines 193--195
\/cmr/m/n/10 ^^R^^P
 []


Overfull \hbox (32.00626pt too wide) in paragraph at lines 193--195
\OML/cmm/m/it/10 ABCD$
 []


Overfull \hbox (5.00002pt too wide) in paragraph at lines 193--195
\/cmr/m/n/10 ^^Ra
 []


Overfull \hbox (2.77779pt too wide) in paragraph at lines 193--195
\/cmr/m/n/10 ^^R^^P
 []


Overfull \hbox (4.44444pt too wide) in paragraph at lines 193--195
\/cmr/m/n/10 ^e
 []


Overfull \hbox (5.00002pt too wide) in paragraph at lines 193--195
\/cmr/m/n/10 ^^So
 []


Overfull \hbox (7.90555pt too wide) in paragraph at lines 193--195
\OML/cmm/m/it/10 O$
 []


Overfull \hbox (5.00002pt too wide) in paragraph at lines 193--195
\/cmr/m/n/10 ^^Ra
 []


Overfull \hbox (15.3625pt too wide) in paragraph at lines 193--195
\OML/cmm/m/it/10 AC$
 []


Overfull \hbox (5.00002pt too wide) in paragraph at lines 193--195
\/cmr/m/n/10 ^^Ra
 []


Overfull \hbox (16.64375pt too wide) in paragraph at lines 193--195
\OML/cmm/m/it/10 BD$ 
 []


Overfull \hbox (4.44444pt too wide) in paragraph at lines 193--195
\/cmr/m/n/10 ^^Se
 []


Overfull \hbox (32.38127pt too wide) in paragraph at lines 193--195
\OMS/cmsy/m/n/10 4\OML/cmm/m/it/10 AOB$
 []


Overfull \hbox (5.00002pt too wide) in paragraph at lines 193--195
\/cmr/m/n/10 ^^So 
 []

! Undefined control sequence.
l.195 ^^I^^I$$S_{AOB}=\dfrac
                            {1}{2}AH\cdot OB=\dfrac{1}{2}AH\cdot \dfrac{1}{2...
The control sequence at the end of the top line
of your error message was never \def'ed. If you have
misspelled it (e.g., `\hobx'), type `I' and the correct
spelling (e.g., `I\hbox'). Otherwise just continue,
and I'll forget about whatever was undefined.

! Undefined control sequence.
l.195 ...^I$$S_{AOB}=\dfrac{1}{2}AH\cdot OB=\dfrac
                                                  {1}{2}AH\cdot \dfrac{1}{2}...
The control sequence at the end of the top line
of your error message was never \def'ed. If you have
misspelled it (e.g., `\hobx'), type `I' and the correct
spelling (e.g., `I\hbox'). Otherwise just continue,
and I'll forget about whatever was undefined.

! Undefined control sequence.
l.195 ...}{2}AH\cdot OB=\dfrac{1}{2}AH\cdot \dfrac
                                                  {1}{2}\cdot DB=\dfrac{1}{2...
The control sequence at the end of the top line
of your error message was never \def'ed. If you have
misspelled it (e.g., `\hobx'), type `I' and the correct
spelling (e.g., `I\hbox'). Otherwise just continue,
and I'll forget about whatever was undefined.

! Undefined control sequence.
l.195 ...{1}{2}AH\cdot \dfrac{1}{2}\cdot DB=\dfrac
                                                  {1}{2}S_{ABD}=\dfrac{1}{2}...
The control sequence at the end of the top line
of your error message was never \def'ed. If you have
misspelled it (e.g., `\hobx'), type `I' and the correct
spelling (e.g., `I\hbox'). Otherwise just continue,
and I'll forget about whatever was undefined.

! Undefined control sequence.
l.195 ...{1}{2}\cdot DB=\dfrac{1}{2}S_{ABD}=\dfrac
                                                  {1}{2}\cdot \dfrac{1}{2}\c...
The control sequence at the end of the top line
of your error message was never \def'ed. If you have
misspelled it (e.g., `\hobx'), type `I' and the correct
spelling (e.g., `I\hbox'). Otherwise just continue,
and I'll forget about whatever was undefined.

! Undefined control sequence.
l.195 ...rac{1}{2}S_{ABD}=\dfrac{1}{2}\cdot \dfrac
                                                  {1}{2}\cdot9\cdot12=27\tex...
The control sequence at the end of the top line
of your error message was never \def'ed. If you have
misspelled it (e.g., `\hobx'), type `I' and the correct
spelling (e.g., `I\hbox'). Otherwise just continue,
and I'll forget about whatever was undefined.

! Undefined control sequence.
l.195 ...2}\cdot \dfrac{1}{2}\cdot9\cdot12=27\text
                                                  { cm$^2$}.$$
The control sequence at the end of the top line
of your error message was never \def'ed. If you have
misspelled it (e.g., `\hobx'), type `I' and the correct
spelling (e.g., `I\hbox'). Otherwise just continue,
and I'll forget about whatever was undefined.

! Missing } inserted.
<inserted text> 
                }
l.195 ...ot \dfrac{1}{2}\cdot9\cdot12=27\text{ cm$
                                                  ^2$}.$$
I've inserted something that you may have forgotten.
(See the <inserted text> above.)
With luck, this will get me unwedged. But if you
really didn't forget anything, try typing `2' now; then
my insertion and my current dilemma will both disappear.

! Display math should end with $$.
<to be read again> 
                   ^
l.195 ...t \dfrac{1}{2}\cdot9\cdot12=27\text{ cm$^
                                                  2$}.$$
The `$' that I just saw supposedly matches a previous `$$'.
So I shall assume that you typed `$$' both times.


Overfull \hbox (298.4361pt too wide) detected at line 195
\OML/cmm/m/it/10 S[] \/cmr/m/n/10 = 12\OML/cmm/m/it/10 AH \OMS/cmsy/m/n/10 ^^A 
\OML/cmm/m/it/10 OB \/cmr/m/n/10 = 12\OML/cmm/m/it/10 AH \OMS/cmsy/m/n/10 ^^A \
/cmr/m/n/10 12 \OMS/cmsy/m/n/10 ^^A \OML/cmm/m/it/10 DB \/cmr/m/n/10 = 12\OML/c
mm/m/it/10 S[] \/cmr/m/n/10 = 12 \OMS/cmsy/m/n/10 ^^A \/cmr/m/n/10 12 \OMS/cmsy
/m/n/10 ^^A \/cmr/m/n/10 9 \OMS/cmsy/m/n/10 ^^A \/cmr/m/n/10 12 = 27[]
 []

! Missing $ inserted.
<inserted text> 
                $
l.195 ...t \dfrac{1}{2}\cdot9\cdot12=27\text{ cm$^
                                                  2$}.$$
I've inserted a begin-math/end-math symbol since I think
you left one out. Proceed, with fingers crossed.

! Extra }, or forgotten \endgroup.
l.195 ...dfrac{1}{2}\cdot9\cdot12=27\text{ cm$^2$}
                                                  .$$
I've deleted a group-closing symbol because it seems to be
spurious, as in `$x}$'. But perhaps the } is legitimate and
you forgot something else, as in `\hbox{$x}'. In such cases
the way to recover is to insert both the forgotten and the
deleted material, e.g., by typing `I$}'.

Missing character: There is no . in font nullfont!

Overfull \hbox (4.48613pt too wide) in paragraph at lines 195--195
$[]$ 
 []


! LaTeX Error: Unicode character ^^e1^^ba^^ad (U+1EAD)
               not set up for use with LaTeX.

See the LaTeX manual or LaTeX Companion for explanation.
Type  H <return>  for immediate help.
 ...                                              
                                                  
l.196 ^^I^^IV^^e1^^ba^^ad
                         y $S_{AHO}=S_{AHB}-S_{AOB}=34,56-27=7,56$ cm$^2$.
You may provide a definition with
\DeclareUnicodeCharacter 

! Display math should end with $$.
<to be read again> 
                   S
l.196 ^^I^^IV^^e1^^ba^^ady $S
                             _{AHO}=S_{AHB}-S_{AOB}=34,56-27=7,56$ cm$^2$.
The `$' that I just saw supposedly matches a previous `$$'.
So I shall assume that you typed `$$' both times.


Overfull \hbox (13.31715pt too wide) detected at line 196
\OML/cmm/m/it/10 Vy
 []

Missing character: There is no S in font nullfont!
! Missing $ inserted.
<inserted text> 
                $
l.196 ^^I^^IV^^e1^^ba^^ady $S_
                              {AHO}=S_{AHB}-S_{AOB}=34,56-27=7,56$ cm$^2$.
I've inserted a begin-math/end-math symbol since I think
you left one out. Proceed, with fingers crossed.

Missing character: There is no c in font nullfont!
Missing character: There is no m in font nullfont!
Missing character: There is no . in font nullfont!

! LaTeX Error: \begin{document} ended by \end{listEX}.

See the LaTeX manual or LaTeX Companion for explanation.
Type  H <return>  for immediate help.
 ...                                              
                                                  
l.197 ^^I\end{listEX}
                     
Your command was ignored.
Type  I <command> <return>  to replace it with another command,
or  <return>  to continue without it.


! LaTeX Error: \begin{document} ended by \end{ex}.

See the LaTeX manual or LaTeX Companion for explanation.
Type  H <return>  for immediate help.
 ...                                              
                                                  
l.199 \end{ex}
              
Your command was ignored.
Type  I <command> <return>  to replace it with another command,
or  <return>  to continue without it.


Overfull \hbox (30.45192pt too wide) in paragraph at lines 196--200
$[] \/cmr/m/n/10 =
 []


Overfull \hbox (33.89139pt too wide) in paragraph at lines 196--200
\OML/cmm/m/it/10 S[] \OMS/cmsy/m/n/10 ^^@
 []


Overfull \hbox (35.88213pt too wide) in paragraph at lines 196--200
\OML/cmm/m/it/10 S[] \/cmr/m/n/10 =
 []


Overfull \hbox (32.22227pt too wide) in paragraph at lines 196--200
\/cmr/m/n/10 34\OML/cmm/m/it/10 ; \/cmr/m/n/10 56 \OMS/cmsy/m/n/10 ^^@
 []


Overfull \hbox (20.55554pt too wide) in paragraph at lines 196--200
\/cmr/m/n/10 27 =
 []


Overfull \hbox (19.44446pt too wide) in paragraph at lines 196--200
\/cmr/m/n/10 7\OML/cmm/m/it/10 ; \/cmr/m/n/10 56$
 []


Overfull \hbox (4.48613pt too wide) in paragraph at lines 196--200
[]$
 []


! LaTeX Error: Environment ex undefined.

See the LaTeX manual or LaTeX Companion for explanation.
Type  H <return>  for immediate help.
 ...                                              
                                                  
l.202 \begin{ex}
                
Your command was ignored.
Type  I <command> <return>  to replace it with another command,
or  <return>  to continue without it.


! LaTeX Error: Missing \begin{document}.

See the LaTeX manual or LaTeX Companion for explanation.
Type  H <return>  for immediate help.
 ...                                              
                                                  
l.203 ^^IC
          ho tam gi^^c3^^a1c $ABC$ c^^c3^^b3 trung tuy^^e1^^ba^^bfn $AM$. G^...

You're in trouble here.  Try typing  <return>  to proceed.
If that doesn't work, type  X <return>  to quit.

Missing character: There is no C in font nullfont!
Missing character: There is no h in font nullfont!
Missing character: There is no o in font nullfont!
Missing character: There is no t in font nullfont!
Missing character: There is no a in font nullfont!
Missing character: There is no m in font nullfont!
Missing character: There is no g in font nullfont!
Missing character: There is no i in font nullfont!
Missing character: There is no c in font nullfont!
Missing character: There is no c in font nullfont!
Missing character: There is no t in font nullfont!
Missing character: There is no r in font nullfont!
Missing character: There is no u in font nullfont!
Missing character: There is no n in font nullfont!
Missing character: There is no g in font nullfont!
Missing character: There is no t in font nullfont!
Missing character: There is no u in font nullfont!
Missing character: There is no y in font nullfont!

! LaTeX Error: Unicode character ^^e1^^ba^^bf (U+1EBF)
               not set up for use with LaTeX.

See the LaTeX manual or LaTeX Companion for explanation.
Type  H <return>  for immediate help.
 ...                                              
                                                  
l.203 ...a1c $ABC$ c^^c3^^b3 trung tuy^^e1^^ba^^bf
                                                  n $AM$. G^^e1^^bb^^8di $I$...

You may provide a definition with
\DeclareUnicodeCharacter 

Missing character: There is no n in font nullfont!
Missing character: There is no . in font nullfont!
Missing character: There is no G in font nullfont!

! LaTeX Error: Unicode character ^^e1^^bb^^8d (U+1ECD)
               not set up for use with LaTeX.

See the LaTeX manual or LaTeX Companion for explanation.
Type  H <return>  for immediate help.
 ...                                              
                                                  
l.203 ...rung tuy^^e1^^ba^^bfn $AM$. G^^e1^^bb^^8d
                                                  i $I$ l^^c3^^a0 trung ^^c4...

You may provide a definition with
\DeclareUnicodeCharacter 

Missing character: There is no i in font nullfont!
Missing character: There is no l in font nullfont!
Missing character: There is no t in font nullfont!
Missing character: There is no r in font nullfont!
Missing character: There is no u in font nullfont!
Missing character: There is no n in font nullfont!
Missing character: There is no g in font nullfont!

! LaTeX Error: Command \dj unavailable in encoding .

See the LaTeX manual or LaTeX Companion for explanation.
Type  H <return>  for immediate help.
 ...                                              
                                                  
l.203 ...^e1^^bb^^8di $I$ l^^c3^^a0 trung ^^c4^^91
                                                  i^^e1^^bb^^83m c^^e1^^bb^^...

Your command was ignored.
Type  I <command> <return>  to replace it with another command,
or  <return>  to continue without it.

Missing character: There is no i in font nullfont!

! LaTeX Error: Unicode character ^^e1^^bb^^83 (U+1EC3)
               not set up for use with LaTeX.

See the LaTeX manual or LaTeX Companion for explanation.
Type  H <return>  for immediate help.
 ...                                              
                                                  
l.203 ...$I$ l^^c3^^a0 trung ^^c4^^91i^^e1^^bb^^83
                                                  m c^^e1^^bb^^a7a $AM$, $BI...

You may provide a definition with
\DeclareUnicodeCharacter 

Missing character: There is no m in font nullfont!
Missing character: There is no c in font nullfont!

! LaTeX Error: Unicode character ^^e1^^bb^^a7 (U+1EE7)
               not set up for use with LaTeX.

See the LaTeX manual or LaTeX Companion for explanation.
Type  H <return>  for immediate help.
 ...                                              
                                                  
l.203 ...rung ^^c4^^91i^^e1^^bb^^83m c^^e1^^bb^^a7
                                                  a $AM$, $BI$ c^^e1^^ba^^af...

You may provide a definition with
\DeclareUnicodeCharacter 

Missing character: There is no a in font nullfont!
Missing character: There is no , in font nullfont!
Missing character: There is no c in font nullfont!

! LaTeX Error: Unicode character ^^e1^^ba^^af (U+1EAF)
               not set up for use with LaTeX.

See the LaTeX manual or LaTeX Companion for explanation.
Type  H <return>  for immediate help.
 ...                                              
                                                  
l.203 ...m c^^e1^^bb^^a7a $AM$, $BI$ c^^e1^^ba^^af
                                                  t $AC$ t^^e1^^ba^^a1i $E$....

You may provide a definition with
\DeclareUnicodeCharacter 

Missing character: There is no t in font nullfont!
Missing character: There is no t in font nullfont!

! LaTeX Error: Unicode character ^^e1^^ba^^a1 (U+1EA1)
               not set up for use with LaTeX.

See the LaTeX manual or LaTeX Companion for explanation.
Type  H <return>  for immediate help.
 ...                                              
                                                  
l.203 ...$, $BI$ c^^e1^^ba^^aft $AC$ t^^e1^^ba^^a1
                                                  i $E$. G^^e1^^bb^^8di $F$ ...

You may provide a definition with
\DeclareUnicodeCharacter 

Missing character: There is no i in font nullfont!
Missing character: There is no . in font nullfont!
Missing character: There is no G in font nullfont!

! LaTeX Error: Unicode character ^^e1^^bb^^8d (U+1ECD)
               not set up for use with LaTeX.

See the LaTeX manual or LaTeX Companion for explanation.
Type  H <return>  for immediate help.
 ...                                              
                                                  
l.203 ...ft $AC$ t^^e1^^ba^^a1i $E$. G^^e1^^bb^^8d
                                                  i $F$ l^^c3^^a0 trung ^^c4...

You may provide a definition with
\DeclareUnicodeCharacter 

Missing character: There is no i in font nullfont!
Missing character: There is no l in font nullfont!
Missing character: There is no t in font nullfont!
Missing character: There is no r in font nullfont!
Missing character: There is no u in font nullfont!
Missing character: There is no n in font nullfont!
Missing character: There is no g in font nullfont!

! LaTeX Error: Command \dj unavailable in encoding .

See the LaTeX manual or LaTeX Companion for explanation.
Type  H <return>  for immediate help.
 ...                                              
                                                  
l.203 ...^e1^^bb^^8di $F$ l^^c3^^a0 trung ^^c4^^91
                                                  i^^e1^^bb^^83m c^^e1^^bb^^...

Your command was ignored.
Type  I <command> <return>  to replace it with another command,
or  <return>  to continue without it.

Missing character: There is no i in font nullfont!

! LaTeX Error: Unicode character ^^e1^^bb^^83 (U+1EC3)
               not set up for use with LaTeX.

See the LaTeX manual or LaTeX Companion for explanation.
Type  H <return>  for immediate help.
 ...                                              
                                                  
l.203 ...$F$ l^^c3^^a0 trung ^^c4^^91i^^e1^^bb^^83
                                                  m c^^e1^^bb^^a7a $BE$.
You may provide a definition with
\DeclareUnicodeCharacter 

Missing character: There is no m in font nullfont!
Missing character: There is no c in font nullfont!

! LaTeX Error: Unicode character ^^e1^^bb^^a7 (U+1EE7)
               not set up for use with LaTeX.

See the LaTeX manual or LaTeX Companion for explanation.
Type  H <return>  for immediate help.
 ...                                              
                                                  
l.203 ...rung ^^c4^^91i^^e1^^bb^^83m c^^e1^^bb^^a7
                                                  a $BE$.
You may provide a definition with
\DeclareUnicodeCharacter 

Missing character: There is no a in font nullfont!
Missing character: There is no . in font nullfont!

! LaTeX Error: Environment listEX undefined.

See the LaTeX manual or LaTeX Companion for explanation.
Type  H <return>  for immediate help.
 ...                                              
                                                  
l.204 ^^I\begin{listEX}
                       
Your command was ignored.
Type  I <command> <return>  to replace it with another command,
or  <return>  to continue without it.


Overfull \hbox (20.0pt too wide) in paragraph at lines 203--205
[]
 []


Overfull \hbox (5.00002pt too wide) in paragraph at lines 203--205
\/cmr/m/n/10 ^^Sa
 []


Overfull \hbox (23.44931pt too wide) in paragraph at lines 203--205
\OML/cmm/m/it/10 ABC$
 []


Overfull \hbox (5.00002pt too wide) in paragraph at lines 203--205
\/cmr/m/n/10 ^^So
 []


Overfull \hbox (18.29167pt too wide) in paragraph at lines 203--205
\OML/cmm/m/it/10 AM$
 []


Overfull \hbox (5.18054pt too wide) in paragraph at lines 203--205
\OML/cmm/m/it/10 I$
 []


Overfull \hbox (5.00002pt too wide) in paragraph at lines 203--205
\/cmr/m/n/10 ^^Ra
 []


Overfull \hbox (18.29167pt too wide) in paragraph at lines 203--205
\OML/cmm/m/it/10 AM$
 []


Overfull \hbox (13.26735pt too wide) in paragraph at lines 203--205
\OML/cmm/m/it/10 BI$
 []


Overfull \hbox (15.3625pt too wide) in paragraph at lines 203--205
\OML/cmm/m/it/10 AC$
 []


Overfull \hbox (7.95831pt too wide) in paragraph at lines 203--205
\OML/cmm/m/it/10 E$
 []


Overfull \hbox (7.81946pt too wide) in paragraph at lines 203--205
\OML/cmm/m/it/10 F$
 []


Overfull \hbox (5.00002pt too wide) in paragraph at lines 203--205
\/cmr/m/n/10 ^^Ra
 []


Overfull \hbox (16.04512pt too wide) in paragraph at lines 203--205
\OML/cmm/m/it/10 BE$ 
 []


! LaTeX Error: Lonely \item--perhaps a missing list environment.

See the LaTeX manual or LaTeX Companion for explanation.
Type  H <return>  for immediate help.
 ...                                              
                                                  
l.205 ^^I^^I\item C
                   h^^e1^^bb^^a9ng minh $\triangle BFM$ ^^c4^^91^^e1^^bb^^93...

Try typing  <return>  to proceed.
If that doesn't work, type  X <return>  to quit.

Missing character: There is no C in font nullfont!
Missing character: There is no h in font nullfont!

! LaTeX Error: Unicode character ^^e1^^bb^^a9 (U+1EE9)
               not set up for use with LaTeX.

See the LaTeX manual or LaTeX Companion for explanation.
Type  H <return>  for immediate help.
 ...                                              
                                                  
l.205 ^^I^^I\item Ch^^e1^^bb^^a9
                                ng minh $\triangle BFM$ ^^c4^^91^^e1^^bb^^93...

You may provide a definition with
\DeclareUnicodeCharacter 

Missing character: There is no n in font nullfont!
Missing character: There is no g in font nullfont!
Missing character: There is no m in font nullfont!
Missing character: There is no i in font nullfont!
Missing character: There is no n in font nullfont!
Missing character: There is no h in font nullfont!

! LaTeX Error: Command \dj unavailable in encoding .

See the LaTeX manual or LaTeX Companion for explanation.
Type  H <return>  for immediate help.
 ...                                              
                                                  
l.205 ...1^^bb^^a9ng minh $\triangle BFM$ ^^c4^^91
                                                  ^^e1^^bb^^93ng d^^e1^^ba^^...

Your command was ignored.
Type  I <command> <return>  to replace it with another command,
or  <return>  to continue without it.


! LaTeX Error: Unicode character ^^e1^^bb^^93 (U+1ED3)
               not set up for use with LaTeX.

See the LaTeX manual or LaTeX Companion for explanation.
Type  H <return>  for immediate help.
 ...                                              
                                                  
l.205 ...minh $\triangle BFM$ ^^c4^^91^^e1^^bb^^93
                                                  ng d^^e1^^ba^^a1ng $\trian...

You may provide a definition with
\DeclareUnicodeCharacter 

Missing character: There is no n in font nullfont!
Missing character: There is no g in font nullfont!
Missing character: There is no d in font nullfont!

! LaTeX Error: Unicode character ^^e1^^ba^^a1 (U+1EA1)
               not set up for use with LaTeX.

See the LaTeX manual or LaTeX Companion for explanation.
Type  H <return>  for immediate help.
 ...                                              
                                                  
l.205 ...BFM$ ^^c4^^91^^e1^^bb^^93ng d^^e1^^ba^^a1
                                                  ng $\triangle BEC$; $\tria...

You may provide a definition with
\DeclareUnicodeCharacter 

Missing character: There is no n in font nullfont!
Missing character: There is no g in font nullfont!
Missing character: There is no ; in font nullfont!

! LaTeX Error: Command \dj unavailable in encoding .

See the LaTeX manual or LaTeX Companion for explanation.
Type  H <return>  for immediate help.
 ...                                              
                                                  
l.205 ...$\triangle BEC$; $\triangle IFM$ ^^c4^^91
                                                  ^^e1^^bb^^93ng d^^e1^^ba^^...

Your command was ignored.
Type  I <command> <return>  to replace it with another command,
or  <return>  to continue without it.


! LaTeX Error: Unicode character ^^e1^^bb^^93 (U+1ED3)
               not set up for use with LaTeX.

See the LaTeX manual or LaTeX Companion for explanation.
Type  H <return>  for immediate help.
 ...                                              
                                                  
l.205 ...EC$; $\triangle IFM$ ^^c4^^91^^e1^^bb^^93
                                                  ng d^^e1^^ba^^a1ng v^^e1^^...

You may provide a definition with
\DeclareUnicodeCharacter 

Missing character: There is no n in font nullfont!
Missing character: There is no g in font nullfont!
Missing character: There is no d in font nullfont!

! LaTeX Error: Unicode character ^^e1^^ba^^a1 (U+1EA1)
               not set up for use with LaTeX.

See the LaTeX manual or LaTeX Companion for explanation.
Type  H <return>  for immediate help.
 ...                                              
                                                  
l.205 ...IFM$ ^^c4^^91^^e1^^bb^^93ng d^^e1^^ba^^a1
                                                  ng v^^e1^^bb^^9bi $\triang...

You may provide a definition with
\DeclareUnicodeCharacter 

Missing character: There is no n in font nullfont!
Missing character: There is no g in font nullfont!
Missing character: There is no v in font nullfont!

! LaTeX Error: Unicode character ^^e1^^bb^^9b (U+1EDB)
               not set up for use with LaTeX.

See the LaTeX manual or LaTeX Companion for explanation.
Type  H <return>  for immediate help.
 ...                                              
                                                  
l.205 ...1^^bb^^93ng d^^e1^^ba^^a1ng v^^e1^^bb^^9b
                                                  i $\triangle IEA$.
You may provide a definition with
\DeclareUnicodeCharacter 

Missing character: There is no i in font nullfont!
Missing character: There is no . in font nullfont!

Overfull \hbox (35.58682pt too wide) in paragraph at lines 205--206
\OMS/cmsy/m/n/10 4\OML/cmm/m/it/10 BFM$
 []


Overfull \hbox (32.79651pt too wide) in paragraph at lines 205--206
\OMS/cmsy/m/n/10 4\OML/cmm/m/it/10 BEC$
 []


Overfull \hbox (32.68056pt too wide) in paragraph at lines 205--206
\OMS/cmsy/m/n/10 4\OML/cmm/m/it/10 IFM$
 []


Overfull \hbox (29.52777pt too wide) in paragraph at lines 205--206
\OMS/cmsy/m/n/10 4\OML/cmm/m/it/10 IEA$ 
 []


! LaTeX Error: Lonely \item--perhaps a missing list environment.

See the LaTeX manual or LaTeX Companion for explanation.
Type  H <return>  for immediate help.
 ...                                              
                                                  
l.206 ^^I^^I\item T
                   ^^c3^^adnh t^^e1^^bb^^89 s^^e1^^bb^^91 $\dfrac{AE}{AC}$.
Try typing  <return>  to proceed.
If that doesn't work, type  X <return>  to quit.

Missing character: There is no T in font nullfont!
Missing character: There is no n in font nullfont!
Missing character: There is no h in font nullfont!
Missing character: There is no t in font nullfont!

! LaTeX Error: Unicode character ^^e1^^bb^^89 (U+1EC9)
               not set up for use with LaTeX.

See the LaTeX manual or LaTeX Companion for explanation.
Type  H <return>  for immediate help.
 ...                                              
                                                  
l.206 ^^I^^I\item T^^c3^^adnh t^^e1^^bb^^89
                                            s^^e1^^bb^^91 $\dfrac{AE}{AC}$.
You may provide a definition with
\DeclareUnicodeCharacter 

Missing character: There is no s in font nullfont!

! LaTeX Error: Unicode character ^^e1^^bb^^91 (U+1ED1)
               not set up for use with LaTeX.

See the LaTeX manual or LaTeX Companion for explanation.
Type  H <return>  for immediate help.
 ...                                              
                                                  
l.206 ...m T^^c3^^adnh t^^e1^^bb^^89 s^^e1^^bb^^91
                                                   $\dfrac{AE}{AC}$.
You may provide a definition with
\DeclareUnicodeCharacter 

! Undefined control sequence.
<recently read> \dfrac 
                       
l.206 ...^adnh t^^e1^^bb^^89 s^^e1^^bb^^91 $\dfrac
                                                  {AE}{AC}$.
The control sequence at the end of the top line
of your error message was never \def'ed. If you have
misspelled it (e.g., `\hobx'), type `I' and the correct
spelling (e.g., `I\hbox'). Otherwise just continue,
and I'll forget about whatever was undefined.

Missing character: There is no . in font nullfont!

! LaTeX Error: \begin{document} ended by \end{listEX}.

See the LaTeX manual or LaTeX Companion for explanation.
Type  H <return>  for immediate help.
 ...                                              
                                                  
l.207 ^^I\end{listEX}
                     
Your command was ignored.
Type  I <command> <return>  to replace it with another command,
or  <return>  to continue without it.


Overfull \hbox (2.77779pt too wide) in paragraph at lines 206--208
\/cmr/m/n/10 ^^S^^P
 []


Overfull \hbox (30.82083pt too wide) in paragraph at lines 206--208
[][]$
 []

! Undefined control sequence.
l.209 \loigiai
              {
The control sequence at the end of the top line
of your error message was never \def'ed. If you have
misspelled it (e.g., `\hobx'), type `I' and the correct
spelling (e.g., `I\hbox'). Otherwise just continue,
and I'll forget about whatever was undefined.

! Undefined control sequence.
l.210 ^^I\immini
                {
The control sequence at the end of the top line
of your error message was never \def'ed. If you have
misspelled it (e.g., `\hobx'), type `I' and the correct
spelling (e.g., `I\hbox'). Otherwise just continue,
and I'll forget about whatever was undefined.


! LaTeX Error: Missing \begin{document}.

See the LaTeX manual or LaTeX Companion for explanation.
Type  H <return>  for immediate help.
 ...                                              
                                                  
l.211 ^^I^^I\begin{enumerate}
                             
You're in trouble here.  Try typing  <return>  to proceed.
If that doesn't work, type  X <return>  to quit.


Overfull \hbox (20.0pt too wide) in paragraph at lines 211--211
[] 
 []

Missing character: There is no X in font nullfont!
Missing character: There is no t in font nullfont!
Missing character: There is no v in font nullfont!
Missing character: There is no t in font nullfont!
Missing character: There is no a in font nullfont!
Missing character: There is no c in font nullfont!

Overfull \hbox (4.44444pt too wide) in paragraph at lines 212--213
\/cmr/m/n/10 ^^Se
 []


Overfull \hbox (35.58682pt too wide) in paragraph at lines 212--213
\OMS/cmsy/m/n/10 4\OML/cmm/m/it/10 BFM$
 []


Overfull \hbox (5.00002pt too wide) in paragraph at lines 212--213
\/cmr/m/n/10 ^^Ra
 []


Overfull \hbox (32.79651pt too wide) in paragraph at lines 212--213
\OMS/cmsy/m/n/10 4\OML/cmm/m/it/10 BEC$
 []


Overfull \hbox (5.00002pt too wide) in paragraph at lines 212--213
\/cmr/m/n/10 ^^So 
 []

Missing character: There is no G in font nullfont!
Missing character: There is no c in font nullfont!
Missing character: There is no c in font nullfont!
Missing character: There is no h in font nullfont!
Missing character: There is no u in font nullfont!
Missing character: There is no n in font nullfont!
Missing character: There is no g in font nullfont!
Missing character: There is no . in font nullfont!

Overfull \hbox (5.00002pt too wide) in paragraph at lines 214--215
\/cmr/m/n/10 ^^So
 []


Overfull \hbox (26.69792pt too wide) in paragraph at lines 214--215
[]$ 
 []

! Undefined control sequence.
<recently read> \dfrac 
                       
l.215 ^^I^^I^^I^^I\item $\dfrac
                               {BF}{BE}=\dfrac{BM}{BC}=\dfrac{1}{2}$ ($M$ v^...
The control sequence at the end of the top line
of your error message was never \def'ed. If you have
misspelled it (e.g., `\hobx'), type `I' and the correct
spelling (e.g., `I\hbox'). Otherwise just continue,
and I'll forget about whatever was undefined.

! Undefined control sequence.
l.215 ^^I^^I^^I^^I\item $\dfrac{BF}{BE}=\dfrac
                                              {BM}{BC}=\dfrac{1}{2}$ ($M$ v^...
The control sequence at the end of the top line
of your error message was never \def'ed. If you have
misspelled it (e.g., `\hobx'), type `I' and the correct
spelling (e.g., `I\hbox'). Otherwise just continue,
and I'll forget about whatever was undefined.

! Undefined control sequence.
l.215 ...tem $\dfrac{BF}{BE}=\dfrac{BM}{BC}=\dfrac
                                                  {1}{2}$ ($M$ v^^c3^^a0 $F$...
The control sequence at the end of the top line
of your error message was never \def'ed. If you have
misspelled it (e.g., `\hobx'), type `I' and the correct
spelling (e.g., `I\hbox'). Otherwise just continue,
and I'll forget about whatever was undefined.

Missing character: There is no ( in font nullfont!
Missing character: There is no v in font nullfont!
Missing character: There is no l in font nullfont!

! LaTeX Error: Unicode character ^^e1^^ba^^a7 (U+1EA7)
               not set up for use with LaTeX.

See the LaTeX manual or LaTeX Companion for explanation.
Type  H <return>  for immediate help.
 ...                                              
                                                  
l.215 ...c{1}{2}$ ($M$ v^^c3^^a0 $F$ l^^e1^^ba^^a7
                                                  n l^^c6^^b0^^e1^^bb^^a3t l...

You may provide a definition with
\DeclareUnicodeCharacter 

Missing character: There is no n in font nullfont!
Missing character: There is no l in font nullfont!

! LaTeX Error: Unicode character ^^c6^^b0 (U+01B0)
               not set up for use with LaTeX.

See the LaTeX manual or LaTeX Companion for explanation.
Type  H <return>  for immediate help.
 ...                                              
                                                  
l.215 ...M$ v^^c3^^a0 $F$ l^^e1^^ba^^a7n l^^c6^^b0
                                                  ^^e1^^bb^^a3t l^^c3^^a0 tr...

You may provide a definition with
\DeclareUnicodeCharacter 


! LaTeX Error: Unicode character ^^e1^^bb^^a3 (U+1EE3)
               not set up for use with LaTeX.

See the LaTeX manual or LaTeX Companion for explanation.
Type  H <return>  for immediate help.
 ...                                              
                                                  
l.215 ... $F$ l^^e1^^ba^^a7n l^^c6^^b0^^e1^^bb^^a3
                                                  t l^^c3^^a0 trung ^^c4^^91...

You may provide a definition with
\DeclareUnicodeCharacter 

Missing character: There is no t in font nullfont!
Missing character: There is no l in font nullfont!
Missing character: There is no t in font nullfont!
Missing character: There is no r in font nullfont!
Missing character: There is no u in font nullfont!
Missing character: There is no n in font nullfont!
Missing character: There is no g in font nullfont!

! LaTeX Error: Command \dj unavailable in encoding .

See the LaTeX manual or LaTeX Companion for explanation.
Type  H <return>  for immediate help.
 ...                                              
                                                  
l.215 ...^b0^^e1^^bb^^a3t l^^c3^^a0 trung ^^c4^^91
                                                  i^^e1^^bb^^83m c^^e1^^bb^^...

Your command was ignored.
Type  I <command> <return>  to replace it with another command,
or  <return>  to continue without it.

Missing character: There is no i in font nullfont!

! LaTeX Error: Unicode character ^^e1^^bb^^83 (U+1EC3)
               not set up for use with LaTeX.

See the LaTeX manual or LaTeX Companion for explanation.
Type  H <return>  for immediate help.
 ...                                              
                                                  
l.215 ...a3t l^^c3^^a0 trung ^^c4^^91i^^e1^^bb^^83
                                                  m c^^e1^^bb^^a7a $BC$ v^^c...

You may provide a definition with
\DeclareUnicodeCharacter 

Missing character: There is no m in font nullfont!
Missing character: There is no c in font nullfont!

! LaTeX Error: Unicode character ^^e1^^bb^^a7 (U+1EE7)
               not set up for use with LaTeX.

See the LaTeX manual or LaTeX Companion for explanation.
Type  H <return>  for immediate help.
 ...                                              
                                                  
l.215 ...rung ^^c4^^91i^^e1^^bb^^83m c^^e1^^bb^^a7
                                                  a $BC$ v^^c3^^a0 $BE$).
You may provide a definition with
\DeclareUnicodeCharacter 

Missing character: There is no a in font nullfont!
Missing character: There is no v in font nullfont!
Missing character: There is no ) in font nullfont!
Missing character: There is no . in font nullfont!

Overfull \hbox (42.5069pt too wide) in paragraph at lines 215--216
[][] \/cmr/m/n/10 =
 []


Overfull \hbox (45.38327pt too wide) in paragraph at lines 215--216
[][] \/cmr/m/n/10 =
 []


Overfull \hbox (10.00003pt too wide) in paragraph at lines 215--216
\/cmr/m/n/10 12$
 []


Overfull \hbox (10.79166pt too wide) in paragraph at lines 215--216
\OML/cmm/m/it/10 M$
 []


Overfull \hbox (5.00002pt too wide) in paragraph at lines 215--216
\/cmr/m/n/10 ^^Ra
 []


Overfull \hbox (7.81946pt too wide) in paragraph at lines 215--216
\OML/cmm/m/it/10 F$
 []


Overfull \hbox (5.00002pt too wide) in paragraph at lines 215--216
\/cmr/m/n/10 ^^Ra
 []


Overfull \hbox (15.9493pt too wide) in paragraph at lines 215--216
\OML/cmm/m/it/10 BC$
 []


Overfull \hbox (5.00002pt too wide) in paragraph at lines 215--216
\/cmr/m/n/10 ^^Ra
 []


Overfull \hbox (16.04512pt too wide) in paragraph at lines 215--216
\OML/cmm/m/it/10 BE$ 
 []

Missing character: There is no V in font nullfont!

! LaTeX Error: Unicode character ^^e1^^ba^^ad (U+1EAD)
               not set up for use with LaTeX.

See the LaTeX manual or LaTeX Companion for explanation.
Type  H <return>  for immediate help.
 ...                                              
                                                  
l.217 ^^I^^I^^IV^^e1^^ba^^ad
                            y $\triangle BFM\sim \triangle BEC$ (c^^e1^^ba^^...

You may provide a definition with
\DeclareUnicodeCharacter 

Missing character: There is no y in font nullfont!
Missing character: There is no ( in font nullfont!
Missing character: There is no c in font nullfont!

! LaTeX Error: Unicode character ^^e1^^ba^^a1 (U+1EA1)
               not set up for use with LaTeX.

See the LaTeX manual or LaTeX Companion for explanation.
Type  H <return>  for immediate help.
 ...                                              
                                                  
l.217 ...gle BFM\sim \triangle BEC$ (c^^e1^^ba^^a1
                                                  nh - g^^c3^^b3c - c^^e1^^b...

You may provide a definition with
\DeclareUnicodeCharacter 

Missing character: There is no n in font nullfont!
Missing character: There is no h in font nullfont!
Missing character: There is no - in font nullfont!
Missing character: There is no g in font nullfont!
Missing character: There is no c in font nullfont!
Missing character: There is no - in font nullfont!
Missing character: There is no c in font nullfont!

! LaTeX Error: Unicode character ^^e1^^ba^^a1 (U+1EA1)
               not set up for use with LaTeX.

See the LaTeX manual or LaTeX Companion for explanation.
Type  H <return>  for immediate help.
 ...                                              
                                                  
l.217 ...e1^^ba^^a1nh - g^^c3^^b3c - c^^e1^^ba^^a1
                                                  nh).
You may provide a definition with
\DeclareUnicodeCharacter 

Missing character: There is no n in font nullfont!
Missing character: There is no h in font nullfont!
Missing character: There is no ) in font nullfont!
Missing character: There is no . in font nullfont!

Overfull \hbox (46.14233pt too wide) in paragraph at lines 217--218
 $\OMS/cmsy/m/n/10 4\OML/cmm/m/it/10 BFM \OMS/cmsy/m/n/10 ^^X
 []


Overfull \hbox (32.79651pt too wide) in paragraph at lines 217--218
\OMS/cmsy/m/n/10 4\OML/cmm/m/it/10 BEC$
 []


Overfull \hbox (5.00002pt too wide) in paragraph at lines 217--218
\/cmr/m/n/10 ^^So
 []


! LaTeX Error: Environment tikzpicture undefined.

See the LaTeX manual or LaTeX Companion for explanation.
Type  H <return>  for immediate help.
 ...                                              
                                                  
l.220 ^^I^^I\begin{tikzpicture}
                               
Your command was ignored.
Type  I <command> <return>  to replace it with another command,
or  <return>  to continue without it.

! Undefined control sequence.
l.221 ^^I^^I^^I\path
                    
The control sequence at the end of the top line
of your error message was never \def'ed. If you have
misspelled it (e.g., `\hobx'), type `I' and the correct
spelling (e.g., `I\hbox'). Otherwise just continue,
and I'll forget about whatever was undefined.


! LaTeX Error: Missing \begin{document}.

See the LaTeX manual or LaTeX Companion for explanation.
Type  H <return>  for immediate help.
 ...                                              
                                                  
l.222 ^^I^^I^^I^^I(
                   0,0) coordinate (B)
You're in trouble here.  Try typing  <return>  to proceed.
If that doesn't work, type  X <return>  to quit.

Missing character: There is no ( in font nullfont!
Missing character: There is no 0 in font nullfont!
Missing character: There is no , in font nullfont!
Missing character: There is no 0 in font nullfont!
Missing character: There is no ) in font nullfont!
Missing character: There is no c in font nullfont!
Missing character: There is no o in font nullfont!
Missing character: There is no o in font nullfont!
Missing character: There is no r in font nullfont!
Missing character: There is no d in font nullfont!
Missing character: There is no i in font nullfont!
Missing character: There is no n in font nullfont!
Missing character: There is no a in font nullfont!
Missing character: There is no t in font nullfont!
Missing character: There is no e in font nullfont!
Missing character: There is no ( in font nullfont!
Missing character: There is no B in font nullfont!
Missing character: There is no ) in font nullfont!
Missing character: There is no ( in font nullfont!
Missing character: There is no 2 in font nullfont!
Missing character: There is no , in font nullfont!
Missing character: There is no 4 in font nullfont!
Missing character: There is no ) in font nullfont!
Missing character: There is no c in font nullfont!
Missing character: There is no o in font nullfont!
Missing character: There is no o in font nullfont!
Missing character: There is no r in font nullfont!
Missing character: There is no d in font nullfont!
Missing character: There is no i in font nullfont!
Missing character: There is no n in font nullfont!
Missing character: There is no a in font nullfont!
Missing character: There is no t in font nullfont!
Missing character: There is no e in font nullfont!
Missing character: There is no ( in font nullfont!
Missing character: There is no A in font nullfont!
Missing character: There is no ) in font nullfont!
Missing character: There is no ( in font nullfont!
Missing character: There is no 6 in font nullfont!
Missing character: There is no , in font nullfont!
Missing character: There is no 0 in font nullfont!
Missing character: There is no ) in font nullfont!
Missing character: There is no c in font nullfont!
Missing character: There is no o in font nullfont!
Missing character: There is no o in font nullfont!
Missing character: There is no r in font nullfont!
Missing character: There is no d in font nullfont!
Missing character: There is no i in font nullfont!
Missing character: There is no n in font nullfont!
Missing character: There is no a in font nullfont!
Missing character: There is no t in font nullfont!
Missing character: There is no e in font nullfont!
Missing character: There is no ( in font nullfont!
Missing character: There is no C in font nullfont!
Missing character: There is no ) in font nullfont!
Missing character: There is no ( in font nullfont!
Missing character: There is no ) in font nullfont!
Missing character: There is no c in font nullfont!
Missing character: There is no o in font nullfont!
Missing character: There is no o in font nullfont!
Missing character: There is no r in font nullfont!
Missing character: There is no d in font nullfont!
Missing character: There is no i in font nullfont!
Missing character: There is no n in font nullfont!
Missing character: There is no a in font nullfont!
Missing character: There is no t in font nullfont!
Missing character: There is no e in font nullfont!
Missing character: There is no ( in font nullfont!
Missing character: There is no M in font nullfont!
Missing character: There is no ) in font nullfont!
Missing character: There is no ( in font nullfont!
Missing character: There is no ) in font nullfont!
Missing character: There is no c in font nullfont!
Missing character: There is no o in font nullfont!
Missing character: There is no o in font nullfont!
Missing character: There is no r in font nullfont!
Missing character: There is no d in font nullfont!
Missing character: There is no i in font nullfont!
Missing character: There is no n in font nullfont!
Missing character: There is no a in font nullfont!
Missing character: There is no t in font nullfont!
Missing character: There is no e in font nullfont!
Missing character: There is no ( in font nullfont!
Missing character: There is no I in font nullfont!
Missing character: There is no ) in font nullfont!
Missing character: There is no ( in font nullfont!
Missing character: There is no i in font nullfont!
Missing character: There is no n in font nullfont!
Missing character: There is no t in font nullfont!
Missing character: There is no e in font nullfont!
Missing character: There is no r in font nullfont!
Missing character: There is no s in font nullfont!
Missing character: There is no e in font nullfont!
Missing character: There is no c in font nullfont!
Missing character: There is no t in font nullfont!
Missing character: There is no i in font nullfont!
Missing character: There is no o in font nullfont!
Missing character: There is no n in font nullfont!
Missing character: There is no o in font nullfont!
Missing character: There is no f in font nullfont!
Missing character: There is no A in font nullfont!
Missing character: There is no - in font nullfont!
Missing character: There is no - in font nullfont!
Missing character: There is no C in font nullfont!
Missing character: There is no a in font nullfont!
Missing character: There is no n in font nullfont!
Missing character: There is no d in font nullfont!
Missing character: There is no B in font nullfont!
Missing character: There is no - in font nullfont!
Missing character: There is no - in font nullfont!
Missing character: There is no I in font nullfont!
Missing character: There is no ) in font nullfont!
Missing character: There is no c in font nullfont!
Missing character: There is no o in font nullfont!
Missing character: There is no o in font nullfont!
Missing character: There is no r in font nullfont!
Missing character: There is no d in font nullfont!
Missing character: There is no i in font nullfont!
Missing character: There is no n in font nullfont!
Missing character: There is no a in font nullfont!
Missing character: There is no t in font nullfont!
Missing character: There is no e in font nullfont!
Missing character: There is no ( in font nullfont!
Missing character: There is no E in font nullfont!
Missing character: There is no ) in font nullfont!
Missing character: There is no ( in font nullfont!
Missing character: There is no ) in font nullfont!
Missing character: There is no c in font nullfont!
Missing character: There is no o in font nullfont!
Missing character: There is no o in font nullfont!
Missing character: There is no r in font nullfont!
Missing character: There is no d in font nullfont!
Missing character: There is no i in font nullfont!
Missing character: There is no n in font nullfont!
Missing character: There is no a in font nullfont!
Missing character: There is no t in font nullfont!
Missing character: There is no e in font nullfont!
Missing character: There is no ( in font nullfont!
Missing character: There is no F in font nullfont!
Missing character: There is no ) in font nullfont!
Missing character: There is no ; in font nullfont!
! Undefined control sequence.
l.230 ^^I^^I^^I\draw
                    
The control sequence at the end of the top line
of your error message was never \def'ed. If you have
misspelled it (e.g., `\hobx'), type `I' and the correct
spelling (e.g., `I\hbox'). Otherwise just continue,
and I'll forget about whatever was undefined.

Missing character: There is no ( in font nullfont!
Missing character: There is no A in font nullfont!
Missing character: There is no ) in font nullfont!
Missing character: There is no - in font nullfont!
Missing character: There is no - in font nullfont!
Missing character: There is no ( in font nullfont!
Missing character: There is no B in font nullfont!
Missing character: There is no ) in font nullfont!
Missing character: There is no - in font nullfont!
Missing character: There is no - in font nullfont!
Missing character: There is no ( in font nullfont!
Missing character: There is no C in font nullfont!
Missing character: There is no ) in font nullfont!
Missing character: There is no - in font nullfont!
Missing character: There is no - in font nullfont!
Missing character: There is no c in font nullfont!
Missing character: There is no y in font nullfont!
Missing character: There is no c in font nullfont!
Missing character: There is no l in font nullfont!
Missing character: There is no e in font nullfont!
Missing character: There is no ( in font nullfont!
Missing character: There is no A in font nullfont!
Missing character: There is no ) in font nullfont!
Missing character: There is no - in font nullfont!
Missing character: There is no - in font nullfont!
Missing character: There is no ( in font nullfont!
Missing character: There is no M in font nullfont!
Missing character: There is no ) in font nullfont!
Missing character: There is no ( in font nullfont!
Missing character: There is no B in font nullfont!
Missing character: There is no ) in font nullfont!
Missing character: There is no - in font nullfont!
Missing character: There is no - in font nullfont!
Missing character: There is no ( in font nullfont!
Missing character: There is no E in font nullfont!
Missing character: There is no ) in font nullfont!
Missing character: There is no ( in font nullfont!
Missing character: There is no A in font nullfont!
Missing character: There is no ) in font nullfont!
Missing character: There is no - in font nullfont!
Missing character: There is no - in font nullfont!
Missing character: There is no ( in font nullfont!
Missing character: There is no F in font nullfont!
Missing character: There is no ) in font nullfont!
Missing character: There is no ( in font nullfont!
Missing character: There is no F in font nullfont!
Missing character: There is no ) in font nullfont!
Missing character: There is no - in font nullfont!
Missing character: There is no - in font nullfont!
Missing character: There is no ( in font nullfont!
Missing character: There is no M in font nullfont!
Missing character: There is no ) in font nullfont!
Missing character: There is no ; in font nullfont!
! Undefined control sequence.
l.237 ^^I^^I^^I\foreach
                        \x/\g in {A/90,B/-135,C/-45,M/-90,E/45,I/-45,F/135}
The control sequence at the end of the top line
of your error message was never \def'ed. If you have
misspelled it (e.g., `\hobx'), type `I' and the correct
spelling (e.g., `I\hbox'). Otherwise just continue,
and I'll forget about whatever was undefined.

! Undefined control sequence.
l.237 ^^I^^I^^I\foreach \x
                          /\g in {A/90,B/-135,C/-45,M/-90,E/45,I/-45,F/135}
The control sequence at the end of the top line
of your error message was never \def'ed. If you have
misspelled it (e.g., `\hobx'), type `I' and the correct
spelling (e.g., `I\hbox'). Otherwise just continue,
and I'll forget about whatever was undefined.

Missing character: There is no / in font nullfont!
! Undefined control sequence.
l.237 ^^I^^I^^I\foreach \x/\g
                              in {A/90,B/-135,C/-45,M/-90,E/45,I/-45,F/135}
The control sequence at the end of the top line
of your error message was never \def'ed. If you have
misspelled it (e.g., `\hobx'), type `I' and the correct
spelling (e.g., `I\hbox'). Otherwise just continue,
and I'll forget about whatever was undefined.

Missing character: There is no i in font nullfont!
Missing character: There is no n in font nullfont!
Missing character: There is no A in font nullfont!
Missing character: There is no / in font nullfont!
Missing character: There is no 9 in font nullfont!
Missing character: There is no 0 in font nullfont!
Missing character: There is no , in font nullfont!
Missing character: There is no B in font nullfont!
Missing character: There is no / in font nullfont!
Missing character: There is no - in font nullfont!
Missing character: There is no 1 in font nullfont!
Missing character: There is no 3 in font nullfont!
Missing character: There is no 5 in font nullfont!
Missing character: There is no , in font nullfont!
Missing character: There is no C in font nullfont!
Missing character: There is no / in font nullfont!
Missing character: There is no - in font nullfont!
Missing character: There is no 4 in font nullfont!
Missing character: There is no 5 in font nullfont!
Missing character: There is no , in font nullfont!
Missing character: There is no M in font nullfont!
Missing character: There is no / in font nullfont!
Missing character: There is no - in font nullfont!
Missing character: There is no 9 in font nullfont!
Missing character: There is no 0 in font nullfont!
Missing character: There is no , in font nullfont!
Missing character: There is no E in font nullfont!
Missing character: There is no / in font nullfont!
Missing character: There is no 4 in font nullfont!
Missing character: There is no 5 in font nullfont!
Missing character: There is no , in font nullfont!
Missing character: There is no I in font nullfont!
Missing character: There is no / in font nullfont!
Missing character: There is no - in font nullfont!
Missing character: There is no 4 in font nullfont!
Missing character: There is no 5 in font nullfont!
Missing character: There is no , in font nullfont!
Missing character: There is no F in font nullfont!
Missing character: There is no / in font nullfont!
Missing character: There is no 1 in font nullfont!
Missing character: There is no 3 in font nullfont!
Missing character: There is no 5 in font nullfont!
! Undefined control sequence.
l.239 ^^I^^I^^I^^I\draw
                        [fill=black](\x) circle (1.5pt) +(\g:3mm) node {$\x$};
The control sequence at the end of the top line
of your error message was never \def'ed. If you have
misspelled it (e.g., `\hobx'), type `I' and the correct
spelling (e.g., `I\hbox'). Otherwise just continue,
and I'll forget about whatever was undefined.

Missing character: There is no [ in font nullfont!
Missing character: There is no f in font nullfont!
Missing character: There is no i in font nullfont!
Missing character: There is no l in font nullfont!
Missing character: There is no l in font nullfont!
Missing character: There is no = in font nullfont!
Missing character: There is no b in font nullfont!
Missing character: There is no l in font nullfont!
Missing character: There is no a in font nullfont!
Missing character: There is no c in font nullfont!
Missing character: There is no k in font nullfont!
Missing character: There is no ] in font nullfont!
Missing character: There is no ( in font nullfont!
! Undefined control sequence.
l.239 ^^I^^I^^I^^I\draw [fill=black](\x
                                       ) circle (1.5pt) +(\g:3mm) node {$\x$};
The control sequence at the end of the top line
of your error message was never \def'ed. If you have
misspelled it (e.g., `\hobx'), type `I' and the correct
spelling (e.g., `I\hbox'). Otherwise just continue,
and I'll forget about whatever was undefined.

Missing character: There is no ) in font nullfont!
Missing character: There is no c in font nullfont!
Missing character: There is no i in font nullfont!
Missing character: There is no r in font nullfont!
Missing character: There is no c in font nullfont!
Missing character: There is no l in font nullfont!
Missing character: There is no e in font nullfont!
Missing character: There is no ( in font nullfont!
Missing character: There is no 1 in font nullfont!
Missing character: There is no . in font nullfont!
Missing character: There is no 5 in font nullfont!
Missing character: There is no p in font nullfont!
Missing character: There is no t in font nullfont!
Missing character: There is no ) in font nullfont!
Missing character: There is no + in font nullfont!
Missing character: There is no ( in font nullfont!
! Undefined control sequence.
l.239 ...draw [fill=black](\x) circle (1.5pt) +(\g
                                                  :3mm) node {$\x$};
The control sequence at the end of the top line
of your error message was never \def'ed. If you have
misspelled it (e.g., `\hobx'), type `I' and the correct
spelling (e.g., `I\hbox'). Otherwise just continue,
and I'll forget about whatever was undefined.

Missing character: There is no : in font nullfont!
Missing character: There is no 3 in font nullfont!
Missing character: There is no m in font nullfont!
Missing character: There is no m in font nullfont!
Missing character: There is no ) in font nullfont!
Missing character: There is no n in font nullfont!
Missing character: There is no o in font nullfont!
Missing character: There is no d in font nullfont!
Missing character: There is no e in font nullfont!
! Undefined control sequence.
<recently read> \x 
                   
l.239 ...k](\x) circle (1.5pt) +(\g:3mm) node {$\x
                                                  $};
The control sequence at the end of the top line
of your error message was never \def'ed. If you have
misspelled it (e.g., `\hobx'), type `I' and the correct
spelling (e.g., `I\hbox'). Otherwise just continue,
and I'll forget about whatever was undefined.

Missing character: There is no ; in font nullfont!

! LaTeX Error: \begin{document} ended by \end{tikzpicture}.

See the LaTeX manual or LaTeX Companion for explanation.
Type  H <return>  for immediate help.
 ...                                              
                                                  
l.241 ^^I^^I\end{tikzpicture}
                             
Your command was ignored.
Type  I <command> <return>  to replace it with another command,
or  <return>  to continue without it.


! LaTeX Error: Environment listEX undefined.

See the LaTeX manual or LaTeX Companion for explanation.
Type  H <return>  for immediate help.
 ...                                              
                                                  
l.243 ^^I\begin{listEX}
                       
Your command was ignored.
Type  I <command> <return>  to replace it with another command,
or  <return>  to continue without it.


Overfull \hbox (20.0pt too wide) in paragraph at lines 222--244
[]
 []


Overfull \hbox (52.06052pt too wide) in paragraph at lines 222--244
\/cmr/m/n/10 (\OML/cmm/m/it/10 B\/cmr/m/n/10 )!1\OML/cmm/m/it/10 =\/cmr/m/n/10 
2!(\OML/cmm/m/it/10 C\/cmr/m/n/10 )$
 []


Overfull \hbox (54.4029pt too wide) in paragraph at lines 222--244
\/cmr/m/n/10 (\OML/cmm/m/it/10 A\/cmr/m/n/10 )!1\OML/cmm/m/it/10 =\/cmr/m/n/10 
2!(\OML/cmm/m/it/10 M\/cmr/m/n/10 )$
 []


Overfull \hbox (52.15634pt too wide) in paragraph at lines 222--244
\/cmr/m/n/10 (\OML/cmm/m/it/10 B\/cmr/m/n/10 )!1\OML/cmm/m/it/10 =\/cmr/m/n/10 
2!(\OML/cmm/m/it/10 E\/cmr/m/n/10 )$
 []


! LaTeX Error: Lonely \item--perhaps a missing list environment.

See the LaTeX manual or LaTeX Companion for explanation.
Type  H <return>  for immediate help.
 ...                                              
                                                  
l.244 ^^I^^I\item[~]
                     X^^c3^^a9t $\triangle BEC$ c^^c3^^b3 $M$ v^^c3^^a0 $F$ ...

Try typing  <return>  to proceed.
If that doesn't work, type  X <return>  to quit.

Missing character: There is no X in font nullfont!
Missing character: There is no t in font nullfont!
Missing character: There is no c in font nullfont!
Missing character: There is no v in font nullfont!
Missing character: There is no l in font nullfont!

! LaTeX Error: Unicode character ^^e1^^ba^^a7 (U+1EA7)
               not set up for use with LaTeX.

See the LaTeX manual or LaTeX Companion for explanation.
Type  H <return>  for immediate help.
 ...                                              
                                                  
l.244 ...c^^c3^^b3 $M$ v^^c3^^a0 $F$ l^^e1^^ba^^a7
                                                  n l^^c6^^b0^^e1^^bb^^a3t l...

You may provide a definition with
\DeclareUnicodeCharacter 

Missing character: There is no n in font nullfont!
Missing character: There is no l in font nullfont!

! LaTeX Error: Unicode character ^^c6^^b0 (U+01B0)
               not set up for use with LaTeX.

See the LaTeX manual or LaTeX Companion for explanation.
Type  H <return>  for immediate help.
 ...                                              
                                                  
l.244 ...M$ v^^c3^^a0 $F$ l^^e1^^ba^^a7n l^^c6^^b0
                                                  ^^e1^^bb^^a3t l^^c3^^a0 tr...

You may provide a definition with
\DeclareUnicodeCharacter 


! LaTeX Error: Unicode character ^^e1^^bb^^a3 (U+1EE3)
               not set up for use with LaTeX.

See the LaTeX manual or LaTeX Companion for explanation.
Type  H <return>  for immediate help.
 ...                                              
                                                  
l.244 ... $F$ l^^e1^^ba^^a7n l^^c6^^b0^^e1^^bb^^a3
                                                  t l^^c3^^a0 trung ^^c4^^91...

You may provide a definition with
\DeclareUnicodeCharacter 

Missing character: There is no t in font nullfont!
Missing character: There is no l in font nullfont!
Missing character: There is no t in font nullfont!
Missing character: There is no r in font nullfont!
Missing character: There is no u in font nullfont!
Missing character: There is no n in font nullfont!
Missing character: There is no g in font nullfont!

! LaTeX Error: Command \dj unavailable in encoding .

See the LaTeX manual or LaTeX Companion for explanation.
Type  H <return>  for immediate help.
 ...                                              
                                                  
l.244 ...^b0^^e1^^bb^^a3t l^^c3^^a0 trung ^^c4^^91
                                                  i^^e1^^bb^^83m c^^e1^^bb^^...

Your command was ignored.
Type  I <command> <return>  to replace it with another command,
or  <return>  to continue without it.

Missing character: There is no i in font nullfont!

! LaTeX Error: Unicode character ^^e1^^bb^^83 (U+1EC3)
               not set up for use with LaTeX.

See the LaTeX manual or LaTeX Companion for explanation.
Type  H <return>  for immediate help.
 ...                                              
                                                  
l.244 ...a3t l^^c3^^a0 trung ^^c4^^91i^^e1^^bb^^83
                                                  m c^^e1^^bb^^a7a $BC$ v^^c...

You may provide a definition with
\DeclareUnicodeCharacter 

Missing character: There is no m in font nullfont!
Missing character: There is no c in font nullfont!

! LaTeX Error: Unicode character ^^e1^^bb^^a7 (U+1EE7)
               not set up for use with LaTeX.

See the LaTeX manual or LaTeX Companion for explanation.
Type  H <return>  for immediate help.
 ...                                              
                                                  
l.244 ...rung ^^c4^^91i^^e1^^bb^^83m c^^e1^^bb^^a7
                                                  a $BC$ v^^c3^^a0 $BE$ n^^c...

You may provide a definition with
\DeclareUnicodeCharacter 

Missing character: There is no a in font nullfont!
Missing character: There is no v in font nullfont!
Missing character: There is no n in font nullfont!
Missing character: There is no n in font nullfont!
Missing character: There is no t in font nullfont!
Missing character: There is no a in font nullfont!
Missing character: There is no c in font nullfont!
Missing character: There is no l in font nullfont!

! LaTeX Error: Command \dj unavailable in encoding .

See the LaTeX manual or LaTeX Companion for explanation.
Type  H <return>  for immediate help.
 ...                                              
                                                  
l.244 ...^aan ta c^^c3^^b3 $MF$ l^^c3^^a0 ^^c4^^91
                                                  ^^c6^^b0^^e1^^bb^^9dng tru...

Your command was ignored.
Type  I <command> <return>  to replace it with another command,
or  <return>  to continue without it.


! LaTeX Error: Unicode character ^^c6^^b0 (U+01B0)
               not set up for use with LaTeX.

See the LaTeX manual or LaTeX Companion for explanation.
Type  H <return>  for immediate help.
 ...                                              
                                                  
l.244 ...c^^c3^^b3 $MF$ l^^c3^^a0 ^^c4^^91^^c6^^b0
                                                  ^^e1^^bb^^9dng trung b^^c3...

You may provide a definition with
\DeclareUnicodeCharacter 


! LaTeX Error: Unicode character ^^e1^^bb^^9d (U+1EDD)
               not set up for use with LaTeX.

See the LaTeX manual or LaTeX Companion for explanation.
Type  H <return>  for immediate help.
 ...                                              
                                                  
l.244 ...F$ l^^c3^^a0 ^^c4^^91^^c6^^b0^^e1^^bb^^9d
                                                  ng trung b^^c3^^acnh c^^e1...

You may provide a definition with
\DeclareUnicodeCharacter 

Missing character: There is no n in font nullfont!
Missing character: There is no g in font nullfont!
Missing character: There is no t in font nullfont!
Missing character: There is no r in font nullfont!
Missing character: There is no u in font nullfont!
Missing character: There is no n in font nullfont!
Missing character: There is no g in font nullfont!
Missing character: There is no b in font nullfont!
Missing character: There is no n in font nullfont!
Missing character: There is no h in font nullfont!
Missing character: There is no c in font nullfont!

! LaTeX Error: Unicode character ^^e1^^bb^^a7 (U+1EE7)
               not set up for use with LaTeX.

See the LaTeX manual or LaTeX Companion for explanation.
Type  H <return>  for immediate help.
 ...                                              
                                                  
l.244 ...^bb^^9dng trung b^^c3^^acnh c^^e1^^bb^^a7
                                                  a $\triangle BEC$ n^^c3^^a...

You may provide a definition with
\DeclareUnicodeCharacter 

Missing character: There is no a in font nullfont!
Missing character: There is no n in font nullfont!
Missing character: There is no n in font nullfont!
Missing character: There is no v in font nullfont!
! Undefined control sequence.
l.244 ...aan $FM\parallel EC$ v^^c3^^a0 $FM=\dfrac
                                                  {1}{2}EC$.\\
The control sequence at the end of the top line
of your error message was never \def'ed. If you have
misspelled it (e.g., `\hobx'), type `I' and the correct
spelling (e.g., `I\hbox'). Otherwise just continue,
and I'll forget about whatever was undefined.

Missing character: There is no . in font nullfont!
Missing character: There is no X in font nullfont!
Missing character: There is no t in font nullfont!
Missing character: There is no v in font nullfont!
Missing character: There is no c in font nullfont!

Overfull \hbox (4.44444pt too wide) in paragraph at lines 244--246
\/cmr/m/n/10 ^^Se
 []


Overfull \hbox (32.79651pt too wide) in paragraph at lines 244--246
\OMS/cmsy/m/n/10 4\OML/cmm/m/it/10 BEC$
 []


Overfull \hbox (5.00002pt too wide) in paragraph at lines 244--246
\/cmr/m/n/10 ^^So
 []


Overfull \hbox (10.79166pt too wide) in paragraph at lines 244--246
\OML/cmm/m/it/10 M$
 []


Overfull \hbox (5.00002pt too wide) in paragraph at lines 244--246
\/cmr/m/n/10 ^^Ra
 []


Overfull \hbox (7.81946pt too wide) in paragraph at lines 244--246
\OML/cmm/m/it/10 F$
 []


Overfull \hbox (5.00002pt too wide) in paragraph at lines 244--246
\/cmr/m/n/10 ^^Ra
 []


Overfull \hbox (15.9493pt too wide) in paragraph at lines 244--246
\OML/cmm/m/it/10 BC$
 []


Overfull \hbox (5.00002pt too wide) in paragraph at lines 244--246
\/cmr/m/n/10 ^^Ra
 []


Overfull \hbox (16.04512pt too wide) in paragraph at lines 244--246
\OML/cmm/m/it/10 BE$
 []


Overfull \hbox (4.44444pt too wide) in paragraph at lines 244--246
\/cmr/m/n/10 ^e
 []


Overfull \hbox (5.00002pt too wide) in paragraph at lines 244--246
\/cmr/m/n/10 ^^So
 []


Overfull \hbox (18.61111pt too wide) in paragraph at lines 244--246
\OML/cmm/m/it/10 MF$
 []


Overfull \hbox (5.00002pt too wide) in paragraph at lines 244--246
\/cmr/m/n/10 ^^Ra
 []


Overfull \hbox (2.77779pt too wide) in paragraph at lines 244--246
\/cmr/m/n/10 ^^R^^P
 []


Overfull \hbox (32.79651pt too wide) in paragraph at lines 244--246
\OMS/cmsy/m/n/10 4\OML/cmm/m/it/10 BEC$
 []


Overfull \hbox (4.44444pt too wide) in paragraph at lines 244--246
\/cmr/m/n/10 ^e
 []


Overfull \hbox (26.38884pt too wide) in paragraph at lines 244--246
\OML/cmm/m/it/10 FM \OMS/cmsy/m/n/10 k
 []


Overfull \hbox (15.8208pt too wide) in paragraph at lines 244--246
\OML/cmm/m/it/10 EC$
 []


Overfull \hbox (5.00002pt too wide) in paragraph at lines 244--246
\/cmr/m/n/10 ^^Ra
 []


Overfull \hbox (29.16663pt too wide) in paragraph at lines 244--246
\OML/cmm/m/it/10 FM \/cmr/m/n/10 =
 []


Overfull \hbox (25.82083pt too wide) in paragraph at lines 244--246
\/cmr/m/n/10 12\OML/cmm/m/it/10 EC$ 
 []


Overfull \hbox (4.44444pt too wide) in paragraph at lines 244--246
\/cmr/m/n/10 ^^Se
 []


Overfull \hbox (32.68056pt too wide) in paragraph at lines 244--246
\OMS/cmsy/m/n/10 4\OML/cmm/m/it/10 IFM$
 []


Overfull \hbox (5.00002pt too wide) in paragraph at lines 244--246
\/cmr/m/n/10 ^^Ra
 []


Overfull \hbox (29.52777pt too wide) in paragraph at lines 244--246
\OMS/cmsy/m/n/10 4\OML/cmm/m/it/10 IEA$
 []


Overfull \hbox (5.00002pt too wide) in paragraph at lines 244--246
\/cmr/m/n/10 ^^So 
 []

Missing character: There is no ( in font nullfont!

! LaTeX Error: Command \dj unavailable in encoding .

See the LaTeX manual or LaTeX Companion for explanation.
Type  H <return>  for immediate help.
 ...                                              
                                                  
l.247 ...m $\widehat{AIE}=\widehat{MIF}$ (^^c4^^91
                                                  ^^e1^^bb^^91i ^^c4^^91^^e1...

Your command was ignored.
Type  I <command> <return>  to replace it with another command,
or  <return>  to continue without it.


! LaTeX Error: Unicode character ^^e1^^bb^^91 (U+1ED1)
               not set up for use with LaTeX.

See the LaTeX manual or LaTeX Companion for explanation.
Type  H <return>  for immediate help.
 ...                                              
                                                  
l.247 ...AIE}=\widehat{MIF}$ (^^c4^^91^^e1^^bb^^91
                                                  i ^^c4^^91^^e1^^bb^^89nh).
You may provide a definition with
\DeclareUnicodeCharacter 

Missing character: There is no i in font nullfont!

! LaTeX Error: Command \dj unavailable in encoding .

See the LaTeX manual or LaTeX Companion for explanation.
Type  H <return>  for immediate help.
 ...                                              
                                                  
l.247 ...hat{MIF}$ (^^c4^^91^^e1^^bb^^91i ^^c4^^91
                                                  ^^e1^^bb^^89nh).
Your command was ignored.
Type  I <command> <return>  to replace it with another command,
or  <return>  to continue without it.


! LaTeX Error: Unicode character ^^e1^^bb^^89 (U+1EC9)
               not set up for use with LaTeX.

See the LaTeX manual or LaTeX Companion for explanation.
Type  H <return>  for immediate help.
 ...                                              
                                                  
l.247 ...^c4^^91^^e1^^bb^^91i ^^c4^^91^^e1^^bb^^89
                                                  nh).
You may provide a definition with
\DeclareUnicodeCharacter 

Missing character: There is no n in font nullfont!
Missing character: There is no h in font nullfont!
Missing character: There is no ) in font nullfont!
Missing character: There is no . in font nullfont!

Overfull \hbox (31.19438pt too wide) in paragraph at lines 247--248
[] \/cmr/m/n/10 =
 []


Overfull \hbox (23.79166pt too wide) in paragraph at lines 247--248
[]$ 
 []

Missing character: There is no ( in font nullfont!
Missing character: There is no s in font nullfont!
Missing character: There is no o in font nullfont!
Missing character: There is no l in font nullfont!
Missing character: There is no e in font nullfont!
Missing character: There is no - in font nullfont!
Missing character: There is no t in font nullfont!
Missing character: There is no r in font nullfont!
Missing character: There is no o in font nullfont!
Missing character: There is no n in font nullfont!
Missing character: There is no g in font nullfont!
Missing character: There is no v in font nullfont!
Missing character: There is no ) in font nullfont!

Overfull \hbox (31.19438pt too wide) in paragraph at lines 248--249
[] \/cmr/m/n/10 =
 []


Overfull \hbox (23.79166pt too wide) in paragraph at lines 248--249
[]$
 []


Overfull \hbox (5.00002pt too wide) in paragraph at lines 248--249
\/cmr/m/n/10 ^^Ra
 []


Overfull \hbox (26.38884pt too wide) in paragraph at lines 248--249
\OML/cmm/m/it/10 FM \OMS/cmsy/m/n/10 k
 []


Overfull \hbox (15.3625pt too wide) in paragraph at lines 248--249
\OML/cmm/m/it/10 AC$ 
 []

Missing character: There is no V in font nullfont!

! LaTeX Error: Unicode character ^^e1^^ba^^ad (U+1EAD)
               not set up for use with LaTeX.

See the LaTeX manual or LaTeX Companion for explanation.
Type  H <return>  for immediate help.
 ...                                              
                                                  
l.250 ^^I^^IV^^e1^^ba^^ad
                         y $\triangle IFM\sim \triangle IEA$ (g^^c3^^b3c - g...

You may provide a definition with
\DeclareUnicodeCharacter 

Missing character: There is no y in font nullfont!
Missing character: There is no ( in font nullfont!
Missing character: There is no g in font nullfont!
Missing character: There is no c in font nullfont!
Missing character: There is no - in font nullfont!
Missing character: There is no g in font nullfont!
Missing character: There is no c in font nullfont!
Missing character: There is no ) in font nullfont!
Missing character: There is no . in font nullfont!

Overfull \hbox (43.23607pt too wide) in paragraph at lines 250--252
 $\OMS/cmsy/m/n/10 4\OML/cmm/m/it/10 IFM \OMS/cmsy/m/n/10 ^^X
 []


Overfull \hbox (29.52777pt too wide) in paragraph at lines 250--252
\OMS/cmsy/m/n/10 4\OML/cmm/m/it/10 IEA$
 []


Overfull \hbox (5.00002pt too wide) in paragraph at lines 250--252
\/cmr/m/n/10 ^^So
 []


Overfull \hbox (5.00002pt too wide) in paragraph at lines 250--252
\/cmr/m/n/10 ^^So 
 []


! LaTeX Error: Lonely \item--perhaps a missing list environment.

See the LaTeX manual or LaTeX Companion for explanation.
Type  H <return>  for immediate help.
 ...                                              
                                                  
l.252 ^^I^^I\item V
                   ^^c3^^ac $\triangle IFM\sim \triangle IEA$ n^^c3^^aan ta ...

Try typing  <return>  to proceed.
If that doesn't work, type  X <return>  to quit.

Missing character: There is no V in font nullfont!
Missing character: There is no n in font nullfont!
Missing character: There is no n in font nullfont!
Missing character: There is no t in font nullfont!
Missing character: There is no a in font nullfont!
Missing character: There is no c in font nullfont!
! Undefined control sequence.
<recently read> \dfrac 
                       
l.252 ...ngle IEA$ n^^c3^^aan ta c^^c3^^b3 $\dfrac
                                                  {FM}{AE}=\dfrac{IM}{IA}=1$...
The control sequence at the end of the top line
of your error message was never \def'ed. If you have
misspelled it (e.g., `\hobx'), type `I' and the correct
spelling (e.g., `I\hbox'). Otherwise just continue,
and I'll forget about whatever was undefined.

! Undefined control sequence.
l.252 ...^^aan ta c^^c3^^b3 $\dfrac{FM}{AE}=\dfrac
                                                  {IM}{IA}=1$ (v^^c3^^ac $I$...
The control sequence at the end of the top line
of your error message was never \def'ed. If you have
misspelled it (e.g., `\hobx'), type `I' and the correct
spelling (e.g., `I\hbox'). Otherwise just continue,
and I'll forget about whatever was undefined.

Missing character: There is no ( in font nullfont!
Missing character: There is no v in font nullfont!
Missing character: There is no l in font nullfont!
Missing character: There is no t in font nullfont!
Missing character: There is no r in font nullfont!
Missing character: There is no u in font nullfont!
Missing character: There is no n in font nullfont!
Missing character: There is no g in font nullfont!

! LaTeX Error: Command \dj unavailable in encoding .

See the LaTeX manual or LaTeX Companion for explanation.
Type  H <return>  for immediate help.
 ...                                              
                                                  
l.252 ...$ (v^^c3^^ac $I$ l^^c3^^a0 trung ^^c4^^91
                                                  i^^e1^^bb^^83m c^^e1^^bb^^...

Your command was ignored.
Type  I <command> <return>  to replace it with another command,
or  <return>  to continue without it.

Missing character: There is no i in font nullfont!

! LaTeX Error: Unicode character ^^e1^^bb^^83 (U+1EC3)
               not set up for use with LaTeX.

See the LaTeX manual or LaTeX Companion for explanation.
Type  H <return>  for immediate help.
 ...                                              
                                                  
l.252 ...$I$ l^^c3^^a0 trung ^^c4^^91i^^e1^^bb^^83
                                                  m c^^e1^^bb^^a7a $AM$).\\
You may provide a definition with
\DeclareUnicodeCharacter 

Missing character: There is no m in font nullfont!
Missing character: There is no c in font nullfont!

! LaTeX Error: Unicode character ^^e1^^bb^^a7 (U+1EE7)
               not set up for use with LaTeX.

See the LaTeX manual or LaTeX Companion for explanation.
Type  H <return>  for immediate help.
 ...                                              
                                                  
l.252 ...rung ^^c4^^91i^^e1^^bb^^83m c^^e1^^bb^^a7
                                                  a $AM$).\\
You may provide a definition with
\DeclareUnicodeCharacter 

Missing character: There is no a in font nullfont!
Missing character: There is no ) in font nullfont!
Missing character: There is no . in font nullfont!
Missing character: There is no V in font nullfont!

! LaTeX Error: Unicode character ^^e1^^ba^^ad (U+1EAD)
               not set up for use with LaTeX.

See the LaTeX manual or LaTeX Companion for explanation.
Type  H <return>  for immediate help.
 ...                                              
                                                  
l.253 ^^I^^IV^^e1^^ba^^ad
                         y $FM=AE$.\\
You may provide a definition with
\DeclareUnicodeCharacter 

Missing character: There is no y in font nullfont!
Missing character: There is no . in font nullfont!
Missing character: There is no S in font nullfont!
Missing character: There is no u in font nullfont!
Missing character: There is no y in font nullfont!
Missing character: There is no r in font nullfont!
Missing character: There is no a in font nullfont!
! Undefined control sequence.
<recently read> \dfrac 
                       
l.254 ^^I^^ISuy ra $\dfrac
                          {AC}{AE}=\dfrac{AC}{FM}=\dfrac{AE+EC}{FM}=\dfrac{F...
The control sequence at the end of the top line
of your error message was never \def'ed. If you have
misspelled it (e.g., `\hobx'), type `I' and the correct
spelling (e.g., `I\hbox'). Otherwise just continue,
and I'll forget about whatever was undefined.

! Undefined control sequence.
l.254 ^^I^^ISuy ra $\dfrac{AC}{AE}=\dfrac
                                         {AC}{FM}=\dfrac{AE+EC}{FM}=\dfrac{F...
The control sequence at the end of the top line
of your error message was never \def'ed. If you have
misspelled it (e.g., `\hobx'), type `I' and the correct
spelling (e.g., `I\hbox'). Otherwise just continue,
and I'll forget about whatever was undefined.

! Undefined control sequence.
l.254 ... ra $\dfrac{AC}{AE}=\dfrac{AC}{FM}=\dfrac
                                                  {AE+EC}{FM}=\dfrac{FM+EC}{...
The control sequence at the end of the top line
of your error message was never \def'ed. If you have
misspelled it (e.g., `\hobx'), type `I' and the correct
spelling (e.g., `I\hbox'). Otherwise just continue,
and I'll forget about whatever was undefined.

! Undefined control sequence.
l.254 ...}=\dfrac{AC}{FM}=\dfrac{AE+EC}{FM}=\dfrac
                                                  {FM+EC}{FM}=1+\dfrac{EC}{M...
The control sequence at the end of the top line
of your error message was never \def'ed. If you have
misspelled it (e.g., `\hobx'), type `I' and the correct
spelling (e.g., `I\hbox'). Otherwise just continue,
and I'll forget about whatever was undefined.

! Undefined control sequence.
l.254 ...rac{AE+EC}{FM}=\dfrac{FM+EC}{FM}=1+\dfrac
                                                  {EC}{MC}=1+2=3$. V^^e1^^ba...
The control sequence at the end of the top line
of your error message was never \def'ed. If you have
misspelled it (e.g., `\hobx'), type `I' and the correct
spelling (e.g., `I\hbox'). Otherwise just continue,
and I'll forget about whatever was undefined.

Missing character: There is no . in font nullfont!
Missing character: There is no V in font nullfont!

! LaTeX Error: Unicode character ^^e1^^ba^^ad (U+1EAD)
               not set up for use with LaTeX.

See the LaTeX manual or LaTeX Companion for explanation.
Type  H <return>  for immediate help.
 ...                                              
                                                  
l.254 ...M}=1+\dfrac{EC}{MC}=1+2=3$. V^^e1^^ba^^ad
                                                  y $\dfrac{AE}{AC}=\dfrac{1...

You may provide a definition with
\DeclareUnicodeCharacter 

Missing character: There is no y in font nullfont!
! Undefined control sequence.
<recently read> \dfrac 
                       
l.254 ...ac{EC}{MC}=1+2=3$. V^^e1^^ba^^ady $\dfrac
                                                  {AE}{AC}=\dfrac{1}{3}$.
The control sequence at the end of the top line
of your error message was never \def'ed. If you have
misspelled it (e.g., `\hobx'), type `I' and the correct
spelling (e.g., `I\hbox'). Otherwise just continue,
and I'll forget about whatever was undefined.

! Undefined control sequence.
l.254 ...3$. V^^e1^^ba^^ady $\dfrac{AE}{AC}=\dfrac
                                                  {1}{3}$.
The control sequence at the end of the top line
of your error message was never \def'ed. If you have
misspelled it (e.g., `\hobx'), type `I' and the correct
spelling (e.g., `I\hbox'). Otherwise just continue,
and I'll forget about whatever was undefined.

Missing character: There is no . in font nullfont!

! LaTeX Error: \begin{document} ended by \end{listEX}.

See the LaTeX manual or LaTeX Companion for explanation.
Type  H <return>  for immediate help.
 ...                                              
                                                  
l.255 ^^I\end{listEX}
                     
Your command was ignored.
Type  I <command> <return>  to replace it with another command,
or  <return>  to continue without it.


! LaTeX Error: \begin{document} ended by \end{ex}.

See the LaTeX manual or LaTeX Companion for explanation.
Type  H <return>  for immediate help.
 ...                                              
                                                  
l.257 \end{ex}
              
Your command was ignored.
Type  I <command> <return>  to replace it with another command,
or  <return>  to continue without it.


Overfull \hbox (2.77779pt too wide) in paragraph at lines 252--258
\/cmr/m/n/10 ^^R^^P
 []


Overfull \hbox (43.23607pt too wide) in paragraph at lines 252--258
\OMS/cmsy/m/n/10 4\OML/cmm/m/it/10 IFM \OMS/cmsy/m/n/10 ^^X
 []


Overfull \hbox (29.52777pt too wide) in paragraph at lines 252--258
\OMS/cmsy/m/n/10 4\OML/cmm/m/it/10 IEA$
 []


Overfull \hbox (4.44444pt too wide) in paragraph at lines 252--258
\/cmr/m/n/10 ^e
 []


Overfull \hbox (5.00002pt too wide) in paragraph at lines 252--258
\/cmr/m/n/10 ^^So
 []


Overfull \hbox (44.62495pt too wide) in paragraph at lines 252--258
[][] \/cmr/m/n/10 =
 []


Overfull \hbox (39.20827pt too wide) in paragraph at lines 252--258
[][] \/cmr/m/n/10 =
 []


Overfull \hbox (5.00002pt too wide) in paragraph at lines 252--258
\/cmr/m/n/10 1$
 []


Overfull \hbox (2.77779pt too wide) in paragraph at lines 252--258
\/cmr/m/n/10 ^^R^^P
 []


Overfull \hbox (5.18054pt too wide) in paragraph at lines 252--258
\OML/cmm/m/it/10 I$
 []


Overfull \hbox (5.00002pt too wide) in paragraph at lines 252--258
\/cmr/m/n/10 ^^Ra
 []


Overfull \hbox (18.29167pt too wide) in paragraph at lines 252--258
\OML/cmm/m/it/10 AM$ 
 []


Overfull \hbox (29.16663pt too wide) in paragraph at lines 252--258
\OML/cmm/m/it/10 FM \/cmr/m/n/10 =
 []


Overfull \hbox (15.45833pt too wide) in paragraph at lines 252--258
\OML/cmm/m/it/10 AE$ 
 []


Overfull \hbox (41.37634pt too wide) in paragraph at lines 252--258
[][] \/cmr/m/n/10 =
 []


Overfull \hbox (44.52913pt too wide) in paragraph at lines 252--258
[][] \/cmr/m/n/10 =
 []


Overfull \hbox (72.6679pt too wide) in paragraph at lines 252--258
[][] \/cmr/m/n/10 =
 []


Overfull \hbox (75.82068pt too wide) in paragraph at lines 252--258
[][] \/cmr/m/n/10 =
 []


Overfull \hbox (12.77782pt too wide) in paragraph at lines 252--258
\/cmr/m/n/10 1 +
 []


Overfull \hbox (45.03046pt too wide) in paragraph at lines 252--258
[][] \/cmr/m/n/10 =
 []


Overfull \hbox (12.77782pt too wide) in paragraph at lines 252--258
\/cmr/m/n/10 1 +
 []


Overfull \hbox (15.55553pt too wide) in paragraph at lines 252--258
\/cmr/m/n/10 2 =
 []


Overfull \hbox (5.00002pt too wide) in paragraph at lines 252--258
\/cmr/m/n/10 3$
 []


Overfull \hbox (41.37634pt too wide) in paragraph at lines 252--258
[][] \/cmr/m/n/10 =
 []


Overfull \hbox (10.00003pt too wide) in paragraph at lines 252--258
\/cmr/m/n/10 13$
 []


! LaTeX Error: Environment ex undefined.

See the LaTeX manual or LaTeX Companion for explanation.
Type  H <return>  for immediate help.
 ...                                              
                                                  
l.332 \begin{ex}
                
Your command was ignored.
Type  I <command> <return>  to replace it with another command,
or  <return>  to continue without it.


! LaTeX Error: Missing \begin{document}.

See the LaTeX manual or LaTeX Companion for explanation.
Type  H <return>  for immediate help.
 ...                                              
                                                  
l.334 ^^I^^IC
             ho tam gi^^c3^^a1c $ABC$ c^^c3^^b3 $3$ g^^c3^^b3c nh^^e1^^bb^^8...

You're in trouble here.  Try typing  <return>  to proceed.
If that doesn't work, type  X <return>  to quit.

Missing character: There is no C in font nullfont!
Missing character: There is no h in font nullfont!
Missing character: There is no o in font nullfont!
Missing character: There is no t in font nullfont!
Missing character: There is no a in font nullfont!
Missing character: There is no m in font nullfont!
Missing character: There is no g in font nullfont!
Missing character: There is no i in font nullfont!
Missing character: There is no c in font nullfont!
Missing character: There is no c in font nullfont!
Missing character: There is no g in font nullfont!
Missing character: There is no c in font nullfont!
Missing character: There is no n in font nullfont!
Missing character: There is no h in font nullfont!

! LaTeX Error: Unicode character ^^e1^^bb^^8d (U+1ECD)
               not set up for use with LaTeX.

See the LaTeX manual or LaTeX Companion for explanation.
Type  H <return>  for immediate help.
 ...                                              
                                                  
l.334 ...$ c^^c3^^b3 $3$ g^^c3^^b3c nh^^e1^^bb^^8d
                                                  n. V^^e1^^ba^^bd ba ^^c4^^...

You may provide a definition with
\DeclareUnicodeCharacter 

Missing character: There is no n in font nullfont!
Missing character: There is no . in font nullfont!
Missing character: There is no V in font nullfont!

! LaTeX Error: Unicode character ^^e1^^ba^^bd (U+1EBD)
               not set up for use with LaTeX.

See the LaTeX manual or LaTeX Companion for explanation.
Type  H <return>  for immediate help.
 ...                                              
                                                  
l.334 ...g^^c3^^b3c nh^^e1^^bb^^8dn. V^^e1^^ba^^bd
                                                   ba ^^c4^^91^^c6^^b0^^e1^^...

You may provide a definition with
\DeclareUnicodeCharacter 

Missing character: There is no b in font nullfont!
Missing character: There is no a in font nullfont!

! LaTeX Error: Command \dj unavailable in encoding .

See the LaTeX manual or LaTeX Companion for explanation.
Type  H <return>  for immediate help.
 ...                                              
                                                  
l.334 ...h^^e1^^bb^^8dn. V^^e1^^ba^^bd ba ^^c4^^91
                                                  ^^c6^^b0^^e1^^bb^^9dng cao...

Your command was ignored.
Type  I <command> <return>  to replace it with another command,
or  <return>  to continue without it.


! LaTeX Error: Unicode character ^^c6^^b0 (U+01B0)
               not set up for use with LaTeX.

See the LaTeX manual or LaTeX Companion for explanation.
Type  H <return>  for immediate help.
 ...                                              
                                                  
l.334 ...b^^8dn. V^^e1^^ba^^bd ba ^^c4^^91^^c6^^b0
                                                  ^^e1^^bb^^9dng cao $AD$, $...

You may provide a definition with
\DeclareUnicodeCharacter 


! LaTeX Error: Unicode character ^^e1^^bb^^9d (U+1EDD)
               not set up for use with LaTeX.

See the LaTeX manual or LaTeX Companion for explanation.
Type  H <return>  for immediate help.
 ...                                              
                                                  
l.334 ...1^^ba^^bd ba ^^c4^^91^^c6^^b0^^e1^^bb^^9d
                                                  ng cao $AD$, $BE$, $CF$ c^...

You may provide a definition with
\DeclareUnicodeCharacter 

Missing character: There is no n in font nullfont!
Missing character: There is no g in font nullfont!
Missing character: There is no c in font nullfont!
Missing character: There is no a in font nullfont!
Missing character: There is no o in font nullfont!
Missing character: There is no , in font nullfont!
Missing character: There is no , in font nullfont!
Missing character: There is no c in font nullfont!

! LaTeX Error: Unicode character ^^e1^^ba^^af (U+1EAF)
               not set up for use with LaTeX.

See the LaTeX manual or LaTeX Companion for explanation.
Type  H <return>  for immediate help.
 ...                                              
                                                  
l.334 ...^^9dng cao $AD$, $BE$, $CF$ c^^e1^^ba^^af
                                                  t nhau t^^e1^^ba^^a1i $H$
You may provide a definition with
\DeclareUnicodeCharacter 

Missing character: There is no t in font nullfont!
Missing character: There is no n in font nullfont!
Missing character: There is no h in font nullfont!
Missing character: There is no a in font nullfont!
Missing character: There is no u in font nullfont!
Missing character: There is no t in font nullfont!

! LaTeX Error: Unicode character ^^e1^^ba^^a1 (U+1EA1)
               not set up for use with LaTeX.

See the LaTeX manual or LaTeX Companion for explanation.
Type  H <return>  for immediate help.
 ...                                              
                                                  
l.334 ...$, $CF$ c^^e1^^ba^^aft nhau t^^e1^^ba^^a1
                                                  i $H$
You may provide a definition with
\DeclareUnicodeCharacter 

Missing character: There is no i in font nullfont!

Overfull \hbox (20.0pt too wide) in paragraph at lines 334--335
[]
 []


Overfull \hbox (5.00002pt too wide) in paragraph at lines 334--335
\/cmr/m/n/10 ^^Sa
 []


Overfull \hbox (23.44931pt too wide) in paragraph at lines 334--335
\OML/cmm/m/it/10 ABC$
 []


Overfull \hbox (5.00002pt too wide) in paragraph at lines 334--335
\/cmr/m/n/10 ^^So
 []


Overfull \hbox (5.00002pt too wide) in paragraph at lines 334--335
\/cmr/m/n/10 3$
 []


Overfull \hbox (5.00002pt too wide) in paragraph at lines 334--335
\/cmr/m/n/10 ^^So
 []


Overfull \hbox (16.05696pt too wide) in paragraph at lines 334--335
\OML/cmm/m/it/10 AD$
 []


Overfull \hbox (16.04512pt too wide) in paragraph at lines 334--335
\OML/cmm/m/it/10 BE$
 []


Overfull \hbox (15.68195pt too wide) in paragraph at lines 334--335
\OML/cmm/m/it/10 CF$
 []


Overfull \hbox (9.12497pt too wide) in paragraph at lines 334--335
\OML/cmm/m/it/10 H$ 
 []

Missing character: There is no C in font nullfont!
Missing character: There is no h in font nullfont!

! LaTeX Error: Unicode character ^^e1^^bb^^a9 (U+1EE9)
               not set up for use with LaTeX.

See the LaTeX manual or LaTeX Companion for explanation.
Type  H <return>  for immediate help.
 ...                                              
                                                  
l.336 ^^I^^I^^I\item Ch^^e1^^bb^^a9
                                   ng minh $\triangle AEB\sim\triangle AFC$.
You may provide a definition with
\DeclareUnicodeCharacter 

Missing character: There is no n in font nullfont!
Missing character: There is no g in font nullfont!
Missing character: There is no m in font nullfont!
Missing character: There is no i in font nullfont!
Missing character: There is no n in font nullfont!
Missing character: There is no h in font nullfont!
Missing character: There is no . in font nullfont!

Overfull \hbox (42.98955pt too wide) in paragraph at lines 336--337
\OMS/cmsy/m/n/10 4\OML/cmm/m/it/10 AEB \OMS/cmsy/m/n/10 ^^X
 []


Overfull \hbox (32.07086pt too wide) in paragraph at lines 336--337
\OMS/cmsy/m/n/10 4\OML/cmm/m/it/10 AFC$ 
 []

Missing character: There is no C in font nullfont!
Missing character: There is no h in font nullfont!

! LaTeX Error: Unicode character ^^e1^^bb^^a9 (U+1EE9)
               not set up for use with LaTeX.

See the LaTeX manual or LaTeX Companion for explanation.
Type  H <return>  for immediate help.
 ...                                              
                                                  
l.337 ^^I^^I^^I\item Ch^^e1^^bb^^a9
                                   ng minh $\widehat{AFE}=\widehat{ACB}$.
You may provide a definition with
\DeclareUnicodeCharacter 

Missing character: There is no n in font nullfont!
Missing character: There is no g in font nullfont!
Missing character: There is no m in font nullfont!
Missing character: There is no i in font nullfont!
Missing character: There is no n in font nullfont!
Missing character: There is no h in font nullfont!
Missing character: There is no . in font nullfont!

Overfull \hbox (33.8333pt too wide) in paragraph at lines 337--338
[] \/cmr/m/n/10 =
 []


Overfull \hbox (23.44931pt too wide) in paragraph at lines 337--338
[]$ 
 []

Missing character: There is no C in font nullfont!
Missing character: There is no h in font nullfont!

! LaTeX Error: Unicode character ^^e1^^bb^^a9 (U+1EE9)
               not set up for use with LaTeX.

See the LaTeX manual or LaTeX Companion for explanation.
Type  H <return>  for immediate help.
 ...                                              
                                                  
l.338 ^^I^^I^^I\item Ch^^e1^^bb^^a9
                                   ng minh $HB\cdot HE=HF\cdot HC$ v^^c3^^a0...

You may provide a definition with
\DeclareUnicodeCharacter 

Missing character: There is no n in font nullfont!
Missing character: There is no g in font nullfont!
Missing character: There is no m in font nullfont!
Missing character: There is no i in font nullfont!
Missing character: There is no n in font nullfont!
Missing character: There is no h in font nullfont!
Missing character: There is no v in font nullfont!
Missing character: There is no . in font nullfont!

Overfull \hbox (19.98956pt too wide) in paragraph at lines 338--339
\OML/cmm/m/it/10 HB \OMS/cmsy/m/n/10 ^^A
 []


Overfull \hbox (27.6388pt too wide) in paragraph at lines 338--339
\OML/cmm/m/it/10 HE \/cmr/m/n/10 =
 []


Overfull \hbox (19.72221pt too wide) in paragraph at lines 338--339
\OML/cmm/m/it/10 HF \OMS/cmsy/m/n/10 ^^A
 []


Overfull \hbox (16.98746pt too wide) in paragraph at lines 338--339
\OML/cmm/m/it/10 HC$
 []


Overfull \hbox (5.00002pt too wide) in paragraph at lines 338--339
\/cmr/m/n/10 ^^Ra
 []


Overfull \hbox (34.42009pt too wide) in paragraph at lines 338--339
[] \/cmr/m/n/10 =
 []


Overfull \hbox (23.76875pt too wide) in paragraph at lines 338--339
[]$ 
 []

Missing character: There is no G in font nullfont!

! LaTeX Error: Unicode character ^^e1^^bb^^8d (U+1ECD)
               not set up for use with LaTeX.

See the LaTeX manual or LaTeX Companion for explanation.
Type  H <return>  for immediate help.
 ...                                              
                                                  
l.339 ^^I^^I^^I\item G^^e1^^bb^^8d
                                  i $M$ l^^c3^^a0 trung ^^c4^^91i^^e1^^bb^^8...

You may provide a definition with
\DeclareUnicodeCharacter 

Missing character: There is no i in font nullfont!
Missing character: There is no l in font nullfont!
Missing character: There is no t in font nullfont!
Missing character: There is no r in font nullfont!
Missing character: There is no u in font nullfont!
Missing character: There is no n in font nullfont!
Missing character: There is no g in font nullfont!

! LaTeX Error: Command \dj unavailable in encoding .

See the LaTeX manual or LaTeX Companion for explanation.
Type  H <return>  for immediate help.
 ...                                              
                                                  
l.339 ...^e1^^bb^^8di $M$ l^^c3^^a0 trung ^^c4^^91
                                                  i^^e1^^bb^^83m c^^e1^^bb^^...

Your command was ignored.
Type  I <command> <return>  to replace it with another command,
or  <return>  to continue without it.

Missing character: There is no i in font nullfont!

! LaTeX Error: Unicode character ^^e1^^bb^^83 (U+1EC3)
               not set up for use with LaTeX.

See the LaTeX manual or LaTeX Companion for explanation.
Type  H <return>  for immediate help.
 ...                                              
                                                  
l.339 ...$M$ l^^c3^^a0 trung ^^c4^^91i^^e1^^bb^^83
                                                  m c^^e1^^bb^^a7a $BC$, ^^c...

You may provide a definition with
\DeclareUnicodeCharacter 

Missing character: There is no m in font nullfont!
Missing character: There is no c in font nullfont!

! LaTeX Error: Unicode character ^^e1^^bb^^a7 (U+1EE7)
               not set up for use with LaTeX.

See the LaTeX manual or LaTeX Companion for explanation.
Type  H <return>  for immediate help.
 ...                                              
                                                  
l.339 ...rung ^^c4^^91i^^e1^^bb^^83m c^^e1^^bb^^a7
                                                  a $BC$, ^^c4^^91^^c6^^b0^^...

You may provide a definition with
\DeclareUnicodeCharacter 

Missing character: There is no a in font nullfont!
Missing character: There is no , in font nullfont!

! LaTeX Error: Command \dj unavailable in encoding .

See the LaTeX manual or LaTeX Companion for explanation.
Type  H <return>  for immediate help.
 ...                                              
                                                  
l.339 ...e1^^bb^^83m c^^e1^^bb^^a7a $BC$, ^^c4^^91
                                                  ^^c6^^b0^^e1^^bb^^9dng th^...

Your command was ignored.
Type  I <command> <return>  to replace it with another command,
or  <return>  to continue without it.


! LaTeX Error: Unicode character ^^c6^^b0 (U+01B0)
               not set up for use with LaTeX.

See the LaTeX manual or LaTeX Companion for explanation.
Type  H <return>  for immediate help.
 ...                                              
                                                  
l.339 ...83m c^^e1^^bb^^a7a $BC$, ^^c4^^91^^c6^^b0
                                                  ^^e1^^bb^^9dng th^^e1^^ba^...

You may provide a definition with
\DeclareUnicodeCharacter 


! LaTeX Error: Unicode character ^^e1^^bb^^9d (U+1EDD)
               not set up for use with LaTeX.

See the LaTeX manual or LaTeX Companion for explanation.
Type  H <return>  for immediate help.
 ...                                              
                                                  
l.339 ...b^^a7a $BC$, ^^c4^^91^^c6^^b0^^e1^^bb^^9d
                                                  ng th^^e1^^ba^^b3ng ^^c4^^...

You may provide a definition with
\DeclareUnicodeCharacter 

Missing character: There is no n in font nullfont!
Missing character: There is no g in font nullfont!
Missing character: There is no t in font nullfont!
Missing character: There is no h in font nullfont!

! LaTeX Error: Unicode character ^^e1^^ba^^b3 (U+1EB3)
               not set up for use with LaTeX.

See the LaTeX manual or LaTeX Companion for explanation.
Type  H <return>  for immediate help.
 ...                                              
                                                  
l.339 ...^^91^^c6^^b0^^e1^^bb^^9dng th^^e1^^ba^^b3
                                                  ng ^^c4^^91i qua $H$ vu^^c...

You may provide a definition with
\DeclareUnicodeCharacter 

Missing character: There is no n in font nullfont!
Missing character: There is no g in font nullfont!

! LaTeX Error: Command \dj unavailable in encoding .

See the LaTeX manual or LaTeX Companion for explanation.
Type  H <return>  for immediate help.
 ...                                              
                                                  
l.339 ...0^^e1^^bb^^9dng th^^e1^^ba^^b3ng ^^c4^^91
                                                  i qua $H$ vu^^c3^^b4ng g^^...

Your command was ignored.
Type  I <command> <return>  to replace it with another command,
or  <return>  to continue without it.

Missing character: There is no i in font nullfont!
Missing character: There is no q in font nullfont!
Missing character: There is no u in font nullfont!
Missing character: There is no a in font nullfont!
Missing character: There is no v in font nullfont!
Missing character: There is no u in font nullfont!
Missing character: There is no n in font nullfont!
Missing character: There is no g in font nullfont!
Missing character: There is no g in font nullfont!
Missing character: There is no c in font nullfont!
Missing character: There is no v in font nullfont!

! LaTeX Error: Unicode character ^^e1^^bb^^9b (U+1EDB)
               not set up for use with LaTeX.

See the LaTeX manual or LaTeX Companion for explanation.
Type  H <return>  for immediate help.
 ...                                              
                                                  
l.339 ...$H$ vu^^c3^^b4ng g^^c3^^b3c v^^e1^^bb^^9b
                                                  i $MH$ c^^e1^^ba^^aft $AB$...

You may provide a definition with
\DeclareUnicodeCharacter 

Missing character: There is no i in font nullfont!
Missing character: There is no c in font nullfont!

! LaTeX Error: Unicode character ^^e1^^ba^^af (U+1EAF)
               not set up for use with LaTeX.

See the LaTeX manual or LaTeX Companion for explanation.
Type  H <return>  for immediate help.
 ...                                              
                                                  
l.339 ...c3^^b3c v^^e1^^bb^^9bi $MH$ c^^e1^^ba^^af
                                                  t $AB$, $AC$ l^^e1^^ba^^a7...

You may provide a definition with
\DeclareUnicodeCharacter 

Missing character: There is no t in font nullfont!
Missing character: There is no , in font nullfont!
Missing character: There is no l in font nullfont!

! LaTeX Error: Unicode character ^^e1^^ba^^a7 (U+1EA7)
               not set up for use with LaTeX.

See the LaTeX manual or LaTeX Companion for explanation.
Type  H <return>  for immediate help.
 ...                                              
                                                  
l.339 ...$ c^^e1^^ba^^aft $AB$, $AC$ l^^e1^^ba^^a7
                                                  n l^^c6^^b0^^e1^^bb^^a3t t...

You may provide a definition with
\DeclareUnicodeCharacter 

Missing character: There is no n in font nullfont!
Missing character: There is no l in font nullfont!

! LaTeX Error: Unicode character ^^c6^^b0 (U+01B0)
               not set up for use with LaTeX.

See the LaTeX manual or LaTeX Companion for explanation.
Type  H <return>  for immediate help.
 ...                                              
                                                  
l.339 ...^^aft $AB$, $AC$ l^^e1^^ba^^a7n l^^c6^^b0
                                                  ^^e1^^bb^^a3t t^^e1^^ba^^a...

You may provide a definition with
\DeclareUnicodeCharacter 


! LaTeX Error: Unicode character ^^e1^^bb^^a3 (U+1EE3)
               not set up for use with LaTeX.

See the LaTeX manual or LaTeX Companion for explanation.
Type  H <return>  for immediate help.
 ...                                              
                                                  
l.339 ...$AC$ l^^e1^^ba^^a7n l^^c6^^b0^^e1^^bb^^a3
                                                  t t^^e1^^ba^^a1i $P$, $Q$....

You may provide a definition with
\DeclareUnicodeCharacter 

Missing character: There is no t in font nullfont!
Missing character: There is no t in font nullfont!

! LaTeX Error: Unicode character ^^e1^^ba^^a1 (U+1EA1)
               not set up for use with LaTeX.

See the LaTeX manual or LaTeX Companion for explanation.
Type  H <return>  for immediate help.
 ...                                              
                                                  
l.339 ...^a7n l^^c6^^b0^^e1^^bb^^a3t t^^e1^^ba^^a1
                                                  i $P$, $Q$. Ch^^e1^^bb^^a9...

You may provide a definition with
\DeclareUnicodeCharacter 

Missing character: There is no i in font nullfont!
Missing character: There is no , in font nullfont!
Missing character: There is no . in font nullfont!
Missing character: There is no C in font nullfont!
Missing character: There is no h in font nullfont!

! LaTeX Error: Unicode character ^^e1^^bb^^a9 (U+1EE9)
               not set up for use with LaTeX.

See the LaTeX manual or LaTeX Companion for explanation.
Type  H <return>  for immediate help.
 ...                                              
                                                  
l.339 ...t t^^e1^^ba^^a1i $P$, $Q$. Ch^^e1^^bb^^a9
                                                  ng minh $HP=HQ$.
You may provide a definition with
\DeclareUnicodeCharacter 

Missing character: There is no n in font nullfont!
Missing character: There is no g in font nullfont!
Missing character: There is no m in font nullfont!
Missing character: There is no i in font nullfont!
Missing character: There is no n in font nullfont!
Missing character: There is no h in font nullfont!
Missing character: There is no . in font nullfont!

Overfull \hbox (10.79166pt too wide) in paragraph at lines 339--340
\OML/cmm/m/it/10 M$
 []


Overfull \hbox (5.00002pt too wide) in paragraph at lines 339--340
\/cmr/m/n/10 ^^Ra
 []


Overfull \hbox (15.9493pt too wide) in paragraph at lines 339--340
\OML/cmm/m/it/10 BC$
 []


Overfull \hbox (9.12497pt too wide) in paragraph at lines 339--340
\OML/cmm/m/it/10 H$
 []


Overfull \hbox (5.00002pt too wide) in paragraph at lines 339--340
\/cmr/m/n/10 ^o
 []


Overfull \hbox (5.00002pt too wide) in paragraph at lines 339--340
\/cmr/m/n/10 ^^So
 []


Overfull \hbox (19.91663pt too wide) in paragraph at lines 339--340
\OML/cmm/m/it/10 MH$
 []


Overfull \hbox (15.58682pt too wide) in paragraph at lines 339--340
\OML/cmm/m/it/10 AB$
 []


Overfull \hbox (15.3625pt too wide) in paragraph at lines 339--340
\OML/cmm/m/it/10 AC$
 []


Overfull \hbox (7.80904pt too wide) in paragraph at lines 339--340
\OML/cmm/m/it/10 P$
 []


Overfull \hbox (7.90555pt too wide) in paragraph at lines 339--340
\OML/cmm/m/it/10 Q$
 []


Overfull \hbox (27.48952pt too wide) in paragraph at lines 339--340
\OML/cmm/m/it/10 HP \/cmr/m/n/10 =
 []


Overfull \hbox (17.03052pt too wide) in paragraph at lines 339--340
\OML/cmm/m/it/10 HQ$ 
 []

! Undefined control sequence.
l.373 ^^I\loigiai
                 {
The control sequence at the end of the top line
of your error message was never \def'ed. If you have
misspelled it (e.g., `\hobx'), type `I' and the correct
spelling (e.g., `I\hbox'). Otherwise just continue,
and I'll forget about whatever was undefined.

! Undefined control sequence.
l.374 ^^I^^I\immini
                   {
The control sequence at the end of the top line
of your error message was never \def'ed. If you have
misspelled it (e.g., `\hobx'), type `I' and the correct
spelling (e.g., `I\hbox'). Otherwise just continue,
and I'll forget about whatever was undefined.

Missing character: There is no X in font nullfont!
Missing character: There is no t in font nullfont!
Missing character: There is no v in font nullfont!
Missing character: There is no u in font nullfont!
Missing character: There is no n in font nullfont!
Missing character: There is no g in font nullfont!
Missing character: There is no t in font nullfont!

! LaTeX Error: Unicode character ^^e1^^ba^^a1 (U+1EA1)
               not set up for use with LaTeX.

See the LaTeX manual or LaTeX Companion for explanation.
Type  H <return>  for immediate help.
 ...                                              
                                                  
l.376 ...\triangle AEB$ vu^^c3^^b4ng t^^e1^^ba^^a1
                                                  i $E$ v^^c3^^a0 $\triangle...

You may provide a definition with
\DeclareUnicodeCharacter 

Missing character: There is no i in font nullfont!
Missing character: There is no v in font nullfont!
Missing character: There is no v in font nullfont!
Missing character: There is no u in font nullfont!
Missing character: There is no n in font nullfont!
Missing character: There is no g in font nullfont!
Missing character: There is no t in font nullfont!

! LaTeX Error: Unicode character ^^e1^^ba^^a1 (U+1EA1)
               not set up for use with LaTeX.

See the LaTeX manual or LaTeX Companion for explanation.
Type  H <return>  for immediate help.
 ...                                              
                                                  
l.376 ...\triangle AFC$ vu^^c3^^b4ng t^^e1^^ba^^a1
                                                  i $F$ c^^c3^^b3
You may provide a definition with
\DeclareUnicodeCharacter 

Missing character: There is no i in font nullfont!
Missing character: There is no c in font nullfont!

Overfull \hbox (4.44444pt too wide) in paragraph at lines 376--377
\/cmr/m/n/10 ^^Se
 []


Overfull \hbox (32.43404pt too wide) in paragraph at lines 376--377
\OMS/cmsy/m/n/10 4\OML/cmm/m/it/10 AEB$
 []


Overfull \hbox (5.00002pt too wide) in paragraph at lines 376--377
\/cmr/m/n/10 ^o
 []


Overfull \hbox (7.95831pt too wide) in paragraph at lines 376--377
\OML/cmm/m/it/10 E$
 []


Overfull \hbox (5.00002pt too wide) in paragraph at lines 376--377
\/cmr/m/n/10 ^^Ra
 []


Overfull \hbox (32.07086pt too wide) in paragraph at lines 376--377
\OMS/cmsy/m/n/10 4\OML/cmm/m/it/10 AFC$
 []


Overfull \hbox (5.00002pt too wide) in paragraph at lines 376--377
\/cmr/m/n/10 ^o
 []


Overfull \hbox (7.81946pt too wide) in paragraph at lines 376--377
\OML/cmm/m/it/10 F$
 []


Overfull \hbox (5.00002pt too wide) in paragraph at lines 376--377
\/cmr/m/n/10 ^^So 
 []

Missing character: There is no . in font nullfont!

Overfull \hbox (34.10065pt too wide) in paragraph at lines 378--379
[] \/cmr/m/n/10 =
 []


Overfull \hbox (33.73747pt too wide) in paragraph at lines 378--379
[] \/cmr/m/n/10 =
 []


Overfull \hbox (14.59726pt too wide) in paragraph at lines 378--379
\/cmr/m/n/10 90[]$ 
 []

Missing character: There is no G in font nullfont!
Missing character: There is no c in font nullfont!
Missing character: There is no c in font nullfont!
Missing character: There is no h in font nullfont!
Missing character: There is no u in font nullfont!
Missing character: There is no n in font nullfont!
Missing character: There is no g in font nullfont!
Missing character: There is no . in font nullfont!

Overfull \hbox (5.00002pt too wide) in paragraph at lines 379--380
\/cmr/m/n/10 ^^So
 []


Overfull \hbox (23.44931pt too wide) in paragraph at lines 379--380
[]$ 
 []

Missing character: There is no V in font nullfont!

! LaTeX Error: Unicode character ^^e1^^ba^^ad (U+1EAD)
               not set up for use with LaTeX.

See the LaTeX manual or LaTeX Companion for explanation.
Type  H <return>  for immediate help.
 ...                                              
                                                  
l.381 ^^I^^I^^I^^IV^^e1^^ba^^ad
                               y $\triangle AEB\sim\triangle AFC$ (g^^c3^^b3...

You may provide a definition with
\DeclareUnicodeCharacter 

Missing character: There is no y in font nullfont!
Missing character: There is no ( in font nullfont!
Missing character: There is no g in font nullfont!
Missing character: There is no c in font nullfont!
Missing character: There is no - in font nullfont!
Missing character: There is no g in font nullfont!
Missing character: There is no c in font nullfont!
Missing character: There is no ) in font nullfont!
Missing character: There is no . in font nullfont!

Overfull \hbox (42.98955pt too wide) in paragraph at lines 381--382
 $\OMS/cmsy/m/n/10 4\OML/cmm/m/it/10 AEB \OMS/cmsy/m/n/10 ^^X
 []


Overfull \hbox (32.07086pt too wide) in paragraph at lines 381--382
\OMS/cmsy/m/n/10 4\OML/cmm/m/it/10 AFC$
 []


Overfull \hbox (5.00002pt too wide) in paragraph at lines 381--382
\/cmr/m/n/10 ^^So
 []


Overfull \hbox (5.00002pt too wide) in paragraph at lines 381--382
\/cmr/m/n/10 ^^So 
 []


! LaTeX Error: Environment tikzpicture undefined.

See the LaTeX manual or LaTeX Companion for explanation.
Type  H <return>  for immediate help.
 ...                                              
                                                  
l.384 ^^I^^I^^I\begin{tikzpicture}
                                  [scale=1, line join=round, line cap=round,...

Your command was ignored.
Type  I <command> <return>  to replace it with another command,
or  <return>  to continue without it.

Missing character: There is no [ in font nullfont!
Missing character: There is no s in font nullfont!
Missing character: There is no c in font nullfont!
Missing character: There is no a in font nullfont!
Missing character: There is no l in font nullfont!
Missing character: There is no e in font nullfont!
Missing character: There is no = in font nullfont!
Missing character: There is no 1 in font nullfont!
Missing character: There is no , in font nullfont!
Missing character: There is no l in font nullfont!
Missing character: There is no i in font nullfont!
Missing character: There is no n in font nullfont!
Missing character: There is no e in font nullfont!
Missing character: There is no j in font nullfont!
Missing character: There is no o in font nullfont!
Missing character: There is no i in font nullfont!
Missing character: There is no n in font nullfont!
Missing character: There is no = in font nullfont!
Missing character: There is no r in font nullfont!
Missing character: There is no o in font nullfont!
Missing character: There is no u in font nullfont!
Missing character: There is no n in font nullfont!
Missing character: There is no d in font nullfont!
Missing character: There is no , in font nullfont!
Missing character: There is no l in font nullfont!
Missing character: There is no i in font nullfont!
Missing character: There is no n in font nullfont!
Missing character: There is no e in font nullfont!
Missing character: There is no c in font nullfont!
Missing character: There is no a in font nullfont!
Missing character: There is no p in font nullfont!
Missing character: There is no = in font nullfont!
Missing character: There is no r in font nullfont!
Missing character: There is no o in font nullfont!
Missing character: There is no u in font nullfont!
Missing character: There is no n in font nullfont!
Missing character: There is no d in font nullfont!
Missing character: There is no , in font nullfont!
Missing character: There is no > in font nullfont!
Missing character: There is no = in font nullfont!
Missing character: There is no s in font nullfont!
Missing character: There is no t in font nullfont!
Missing character: There is no e in font nullfont!
Missing character: There is no a in font nullfont!
Missing character: There is no l in font nullfont!
Missing character: There is no t in font nullfont!
Missing character: There is no h in font nullfont!
Missing character: There is no ] in font nullfont!
! Undefined control sequence.
l.386 ^^I^^I^^I\tkzInit
                       [ymin=-0.5,ymax=4.5,xmin=-0.5,xmax=6.5]
The control sequence at the end of the top line
of your error message was never \def'ed. If you have
misspelled it (e.g., `\hobx'), type `I' and the correct
spelling (e.g., `I\hbox'). Otherwise just continue,
and I'll forget about whatever was undefined.

Missing character: There is no [ in font nullfont!
Missing character: There is no y in font nullfont!
Missing character: There is no m in font nullfont!
Missing character: There is no i in font nullfont!
Missing character: There is no n in font nullfont!
Missing character: There is no = in font nullfont!
Missing character: There is no - in font nullfont!
Missing character: There is no 0 in font nullfont!
Missing character: There is no . in font nullfont!
Missing character: There is no 5 in font nullfont!
Missing character: There is no , in font nullfont!
Missing character: There is no y in font nullfont!
Missing character: There is no m in font nullfont!
Missing character: There is no a in font nullfont!
Missing character: There is no x in font nullfont!
Missing character: There is no = in font nullfont!
Missing character: There is no 4 in font nullfont!
Missing character: There is no . in font nullfont!
Missing character: There is no 5 in font nullfont!
Missing character: There is no , in font nullfont!
Missing character: There is no x in font nullfont!
Missing character: There is no m in font nullfont!
Missing character: There is no i in font nullfont!
Missing character: There is no n in font nullfont!
Missing character: There is no = in font nullfont!
Missing character: There is no - in font nullfont!
Missing character: There is no 0 in font nullfont!
Missing character: There is no . in font nullfont!
Missing character: There is no 5 in font nullfont!
Missing character: There is no , in font nullfont!
Missing character: There is no x in font nullfont!
Missing character: There is no m in font nullfont!
Missing character: There is no a in font nullfont!
Missing character: There is no x in font nullfont!
Missing character: There is no = in font nullfont!
Missing character: There is no 6 in font nullfont!
Missing character: There is no . in font nullfont!
Missing character: There is no 5 in font nullfont!
Missing character: There is no ] in font nullfont!
! Undefined control sequence.
l.389 ^^I^^I^^I\tkzClip
                       
The control sequence at the end of the top line
of your error message was never \def'ed. If you have
misspelled it (e.g., `\hobx'), type `I' and the correct
spelling (e.g., `I\hbox'). Otherwise just continue,
and I'll forget about whatever was undefined.

! Undefined control sequence.
l.390 ^^I^^I^^I\tkzSetUpPoint
                             [color=black,fill=black,size=6]
The control sequence at the end of the top line
of your error message was never \def'ed. If you have
misspelled it (e.g., `\hobx'), type `I' and the correct
spelling (e.g., `I\hbox'). Otherwise just continue,
and I'll forget about whatever was undefined.

Missing character: There is no [ in font nullfont!
Missing character: There is no c in font nullfont!
Missing character: There is no o in font nullfont!
Missing character: There is no l in font nullfont!
Missing character: There is no o in font nullfont!
Missing character: There is no r in font nullfont!
Missing character: There is no = in font nullfont!
Missing character: There is no b in font nullfont!
Missing character: There is no l in font nullfont!
Missing character: There is no a in font nullfont!
Missing character: There is no c in font nullfont!
Missing character: There is no k in font nullfont!
Missing character: There is no , in font nullfont!
Missing character: There is no f in font nullfont!
Missing character: There is no i in font nullfont!
Missing character: There is no l in font nullfont!
Missing character: There is no l in font nullfont!
Missing character: There is no = in font nullfont!
Missing character: There is no b in font nullfont!
Missing character: There is no l in font nullfont!
Missing character: There is no a in font nullfont!
Missing character: There is no c in font nullfont!
Missing character: There is no k in font nullfont!
Missing character: There is no , in font nullfont!
Missing character: There is no s in font nullfont!
Missing character: There is no i in font nullfont!
Missing character: There is no z in font nullfont!
Missing character: There is no e in font nullfont!
Missing character: There is no = in font nullfont!
Missing character: There is no 6 in font nullfont!
Missing character: There is no ] in font nullfont!
! Undefined control sequence.
l.392 ^^I^^I^^I\tkzDefPoints
                            {0/0/B,2/4/A,6/0/C}
The control sequence at the end of the top line
of your error message was never \def'ed. If you have
misspelled it (e.g., `\hobx'), type `I' and the correct
spelling (e.g., `I\hbox'). Otherwise just continue,
and I'll forget about whatever was undefined.

Missing character: There is no 0 in font nullfont!
Missing character: There is no / in font nullfont!
Missing character: There is no 0 in font nullfont!
Missing character: There is no / in font nullfont!
Missing character: There is no B in font nullfont!
Missing character: There is no , in font nullfont!
Missing character: There is no 2 in font nullfont!
Missing character: There is no / in font nullfont!
Missing character: There is no 4 in font nullfont!
Missing character: There is no / in font nullfont!
Missing character: There is no A in font nullfont!
Missing character: There is no , in font nullfont!
Missing character: There is no 6 in font nullfont!
Missing character: There is no / in font nullfont!
Missing character: There is no 0 in font nullfont!
Missing character: There is no / in font nullfont!
Missing character: There is no C in font nullfont!
! Undefined control sequence.
l.393 ^^I^^I^^I\tkzDrawPolygon
                              (A,B,C)
The control sequence at the end of the top line
of your error message was never \def'ed. If you have
misspelled it (e.g., `\hobx'), type `I' and the correct
spelling (e.g., `I\hbox'). Otherwise just continue,
and I'll forget about whatever was undefined.

Missing character: There is no ( in font nullfont!
Missing character: There is no A in font nullfont!
Missing character: There is no , in font nullfont!
Missing character: There is no B in font nullfont!
Missing character: There is no , in font nullfont!
Missing character: There is no C in font nullfont!
Missing character: There is no ) in font nullfont!
! Undefined control sequence.
l.394 ^^I^^I^^I\tkzDrawAltitude
                               (B,C)(A)\tkzGetPoint{D}
The control sequence at the end of the top line
of your error message was never \def'ed. If you have
misspelled it (e.g., `\hobx'), type `I' and the correct
spelling (e.g., `I\hbox'). Otherwise just continue,
and I'll forget about whatever was undefined.

Missing character: There is no ( in font nullfont!
Missing character: There is no B in font nullfont!
Missing character: There is no , in font nullfont!
Missing character: There is no C in font nullfont!
Missing character: There is no ) in font nullfont!
Missing character: There is no ( in font nullfont!
Missing character: There is no A in font nullfont!
Missing character: There is no ) in font nullfont!
! Undefined control sequence.
l.394 ...^I^^I\tkzDrawAltitude(B,C)(A)\tkzGetPoint
                                                  {D}
The control sequence at the end of the top line
of your error message was never \def'ed. If you have
misspelled it (e.g., `\hobx'), type `I' and the correct
spelling (e.g., `I\hbox'). Otherwise just continue,
and I'll forget about whatever was undefined.

Missing character: There is no D in font nullfont!
! Undefined control sequence.
l.395 ^^I^^I^^I\tkzDrawAltitude
                               (A,C)(B)\tkzGetPoint{E}
The control sequence at the end of the top line
of your error message was never \def'ed. If you have
misspelled it (e.g., `\hobx'), type `I' and the correct
spelling (e.g., `I\hbox'). Otherwise just continue,
and I'll forget about whatever was undefined.

Missing character: There is no ( in font nullfont!
Missing character: There is no A in font nullfont!
Missing character: There is no , in font nullfont!
Missing character: There is no C in font nullfont!
Missing character: There is no ) in font nullfont!
Missing character: There is no ( in font nullfont!
Missing character: There is no B in font nullfont!
Missing character: There is no ) in font nullfont!
! Undefined control sequence.
l.395 ...^I^^I\tkzDrawAltitude(A,C)(B)\tkzGetPoint
                                                  {E}
The control sequence at the end of the top line
of your error message was never \def'ed. If you have
misspelled it (e.g., `\hobx'), type `I' and the correct
spelling (e.g., `I\hbox'). Otherwise just continue,
and I'll forget about whatever was undefined.

Missing character: There is no E in font nullfont!
! Undefined control sequence.
l.396 ^^I^^I^^I\tkzDrawAltitude
                               (A,B)(C)\tkzGetPoint{F}
The control sequence at the end of the top line
of your error message was never \def'ed. If you have
misspelled it (e.g., `\hobx'), type `I' and the correct
spelling (e.g., `I\hbox'). Otherwise just continue,
and I'll forget about whatever was undefined.

Missing character: There is no ( in font nullfont!
Missing character: There is no A in font nullfont!
Missing character: There is no , in font nullfont!
Missing character: There is no B in font nullfont!
Missing character: There is no ) in font nullfont!
Missing character: There is no ( in font nullfont!
Missing character: There is no C in font nullfont!
Missing character: There is no ) in font nullfont!
! Undefined control sequence.
l.396 ...^I^^I\tkzDrawAltitude(A,B)(C)\tkzGetPoint
                                                  {F}
The control sequence at the end of the top line
of your error message was never \def'ed. If you have
misspelled it (e.g., `\hobx'), type `I' and the correct
spelling (e.g., `I\hbox'). Otherwise just continue,
and I'll forget about whatever was undefined.

Missing character: There is no F in font nullfont!
! Undefined control sequence.
l.397 ^^I^^I^^I\tkzDefMidPoint
                              (B,C)\tkzGetPoint{M}
The control sequence at the end of the top line
of your error message was never \def'ed. If you have
misspelled it (e.g., `\hobx'), type `I' and the correct
spelling (e.g., `I\hbox'). Otherwise just continue,
and I'll forget about whatever was undefined.

Missing character: There is no ( in font nullfont!
Missing character: There is no B in font nullfont!
Missing character: There is no , in font nullfont!
Missing character: There is no C in font nullfont!
Missing character: There is no ) in font nullfont!
! Undefined control sequence.
l.397 ^^I^^I^^I\tkzDefMidPoint(B,C)\tkzGetPoint
                                               {M}
The control sequence at the end of the top line
of your error message was never \def'ed. If you have
misspelled it (e.g., `\hobx'), type `I' and the correct
spelling (e.g., `I\hbox'). Otherwise just continue,
and I'll forget about whatever was undefined.

Missing character: There is no M in font nullfont!
! Undefined control sequence.
l.398 ^^I^^I^^I\tkzInterLL
                          (A,D)(C,F)\tkzGetPoint{H}
The control sequence at the end of the top line
of your error message was never \def'ed. If you have
misspelled it (e.g., `\hobx'), type `I' and the correct
spelling (e.g., `I\hbox'). Otherwise just continue,
and I'll forget about whatever was undefined.

Missing character: There is no ( in font nullfont!
Missing character: There is no A in font nullfont!
Missing character: There is no , in font nullfont!
Missing character: There is no D in font nullfont!
Missing character: There is no ) in font nullfont!
Missing character: There is no ( in font nullfont!
Missing character: There is no C in font nullfont!
Missing character: There is no , in font nullfont!
Missing character: There is no F in font nullfont!
Missing character: There is no ) in font nullfont!
! Undefined control sequence.
l.398 ^^I^^I^^I\tkzInterLL(A,D)(C,F)\tkzGetPoint
                                                {H}
The control sequence at the end of the top line
of your error message was never \def'ed. If you have
misspelled it (e.g., `\hobx'), type `I' and the correct
spelling (e.g., `I\hbox'). Otherwise just continue,
and I'll forget about whatever was undefined.

Missing character: There is no H in font nullfont!
! Undefined control sequence.
l.399 ^^I^^I^^I\tkzDefLine
                          [orthogonal=through H](H,M) \tkzGetPoint{p}
The control sequence at the end of the top line
of your error message was never \def'ed. If you have
misspelled it (e.g., `\hobx'), type `I' and the correct
spelling (e.g., `I\hbox'). Otherwise just continue,
and I'll forget about whatever was undefined.

Missing character: There is no [ in font nullfont!
Missing character: There is no o in font nullfont!
Missing character: There is no r in font nullfont!
Missing character: There is no t in font nullfont!
Missing character: There is no h in font nullfont!
Missing character: There is no o in font nullfont!
Missing character: There is no g in font nullfont!
Missing character: There is no o in font nullfont!
Missing character: There is no n in font nullfont!
Missing character: There is no a in font nullfont!
Missing character: There is no l in font nullfont!
Missing character: There is no = in font nullfont!
Missing character: There is no t in font nullfont!
Missing character: There is no h in font nullfont!
Missing character: There is no r in font nullfont!
Missing character: There is no o in font nullfont!
Missing character: There is no u in font nullfont!
Missing character: There is no g in font nullfont!
Missing character: There is no h in font nullfont!
Missing character: There is no H in font nullfont!
Missing character: There is no ] in font nullfont!
Missing character: There is no ( in font nullfont!
Missing character: There is no H in font nullfont!
Missing character: There is no , in font nullfont!
Missing character: There is no M in font nullfont!
Missing character: There is no ) in font nullfont!
! Undefined control sequence.
l.399 ...e[orthogonal=through H](H,M) \tkzGetPoint
                                                  {p}
The control sequence at the end of the top line
of your error message was never \def'ed. If you have
misspelled it (e.g., `\hobx'), type `I' and the correct
spelling (e.g., `I\hbox'). Otherwise just continue,
and I'll forget about whatever was undefined.

Missing character: There is no p in font nullfont!
! Undefined control sequence.
l.400 ^^I^^I^^I\tkzInterLL
                          (H,p)(A,B)\tkzGetPoint{P}
The control sequence at the end of the top line
of your error message was never \def'ed. If you have
misspelled it (e.g., `\hobx'), type `I' and the correct
spelling (e.g., `I\hbox'). Otherwise just continue,
and I'll forget about whatever was undefined.

Missing character: There is no ( in font nullfont!
Missing character: There is no H in font nullfont!
Missing character: There is no , in font nullfont!
Missing character: There is no p in font nullfont!
Missing character: There is no ) in font nullfont!
Missing character: There is no ( in font nullfont!
Missing character: There is no A in font nullfont!
Missing character: There is no , in font nullfont!
Missing character: There is no B in font nullfont!
Missing character: There is no ) in font nullfont!
! Undefined control sequence.
l.400 ^^I^^I^^I\tkzInterLL(H,p)(A,B)\tkzGetPoint
                                                {P}
The control sequence at the end of the top line
of your error message was never \def'ed. If you have
misspelled it (e.g., `\hobx'), type `I' and the correct
spelling (e.g., `I\hbox'). Otherwise just continue,
and I'll forget about whatever was undefined.

Missing character: There is no P in font nullfont!
! Undefined control sequence.
l.401 ^^I^^I^^I\tkzInterLL
                          (H,p)(A,C)\tkzGetPoint{Q}
The control sequence at the end of the top line
of your error message was never \def'ed. If you have
misspelled it (e.g., `\hobx'), type `I' and the correct
spelling (e.g., `I\hbox'). Otherwise just continue,
and I'll forget about whatever was undefined.

Missing character: There is no ( in font nullfont!
Missing character: There is no H in font nullfont!
Missing character: There is no , in font nullfont!
Missing character: There is no p in font nullfont!
Missing character: There is no ) in font nullfont!
Missing character: There is no ( in font nullfont!
Missing character: There is no A in font nullfont!
Missing character: There is no , in font nullfont!
Missing character: There is no C in font nullfont!
Missing character: There is no ) in font nullfont!
! Undefined control sequence.
l.401 ^^I^^I^^I\tkzInterLL(H,p)(A,C)\tkzGetPoint
                                                {Q}
The control sequence at the end of the top line
of your error message was never \def'ed. If you have
misspelled it (e.g., `\hobx'), type `I' and the correct
spelling (e.g., `I\hbox'). Otherwise just continue,
and I'll forget about whatever was undefined.

Missing character: There is no Q in font nullfont!
! Undefined control sequence.
l.402 ^^I^^I^^I\tkzMarkRightAngles
                                  [fill=gray!20](B,F,C A,D,C B,E,C)
The control sequence at the end of the top line
of your error message was never \def'ed. If you have
misspelled it (e.g., `\hobx'), type `I' and the correct
spelling (e.g., `I\hbox'). Otherwise just continue,
and I'll forget about whatever was undefined.

Missing character: There is no [ in font nullfont!
Missing character: There is no f in font nullfont!
Missing character: There is no i in font nullfont!
Missing character: There is no l in font nullfont!
Missing character: There is no l in font nullfont!
Missing character: There is no = in font nullfont!
Missing character: There is no g in font nullfont!
Missing character: There is no r in font nullfont!
Missing character: There is no a in font nullfont!
Missing character: There is no y in font nullfont!
Missing character: There is no ! in font nullfont!
Missing character: There is no 2 in font nullfont!
Missing character: There is no 0 in font nullfont!
Missing character: There is no ] in font nullfont!
Missing character: There is no ( in font nullfont!
Missing character: There is no B in font nullfont!
Missing character: There is no , in font nullfont!
Missing character: There is no F in font nullfont!
Missing character: There is no , in font nullfont!
Missing character: There is no C in font nullfont!
Missing character: There is no A in font nullfont!
Missing character: There is no , in font nullfont!
Missing character: There is no D in font nullfont!
Missing character: There is no , in font nullfont!
Missing character: There is no C in font nullfont!
Missing character: There is no B in font nullfont!
Missing character: There is no , in font nullfont!
Missing character: There is no E in font nullfont!
Missing character: There is no , in font nullfont!
Missing character: There is no C in font nullfont!
Missing character: There is no ) in font nullfont!
! Undefined control sequence.
l.403 ^^I^^I^^I\tkzDrawPoints
                             (A,B,C,D,E,F,M,H,P,Q)
The control sequence at the end of the top line
of your error message was never \def'ed. If you have
misspelled it (e.g., `\hobx'), type `I' and the correct
spelling (e.g., `I\hbox'). Otherwise just continue,
and I'll forget about whatever was undefined.

Missing character: There is no ( in font nullfont!
Missing character: There is no A in font nullfont!
Missing character: There is no , in font nullfont!
Missing character: There is no B in font nullfont!
Missing character: There is no , in font nullfont!
Missing character: There is no C in font nullfont!
Missing character: There is no , in font nullfont!
Missing character: There is no D in font nullfont!
Missing character: There is no , in font nullfont!
Missing character: There is no E in font nullfont!
Missing character: There is no , in font nullfont!
Missing character: There is no F in font nullfont!
Missing character: There is no , in font nullfont!
Missing character: There is no M in font nullfont!
Missing character: There is no , in font nullfont!
Missing character: There is no H in font nullfont!
Missing character: There is no , in font nullfont!
Missing character: There is no P in font nullfont!
Missing character: There is no , in font nullfont!
Missing character: There is no Q in font nullfont!
Missing character: There is no ) in font nullfont!
! Undefined control sequence.
l.404 ^^I^^I^^I\tkzDrawSegments
                               (E,F H,M P,Q)
The control sequence at the end of the top line
of your error message was never \def'ed. If you have
misspelled it (e.g., `\hobx'), type `I' and the correct
spelling (e.g., `I\hbox'). Otherwise just continue,
and I'll forget about whatever was undefined.

Missing character: There is no ( in font nullfont!
Missing character: There is no E in font nullfont!
Missing character: There is no , in font nullfont!
Missing character: There is no F in font nullfont!
Missing character: There is no H in font nullfont!
Missing character: There is no , in font nullfont!
Missing character: There is no M in font nullfont!
Missing character: There is no P in font nullfont!
Missing character: There is no , in font nullfont!
Missing character: There is no Q in font nullfont!
Missing character: There is no ) in font nullfont!
! Undefined control sequence.
l.405 ^^I^^I^^I\tkzLabelPoints
                              [above](A)
The control sequence at the end of the top line
of your error message was never \def'ed. If you have
misspelled it (e.g., `\hobx'), type `I' and the correct
spelling (e.g., `I\hbox'). Otherwise just continue,
and I'll forget about whatever was undefined.

Missing character: There is no [ in font nullfont!
Missing character: There is no a in font nullfont!
Missing character: There is no b in font nullfont!
Missing character: There is no o in font nullfont!
Missing character: There is no v in font nullfont!
Missing character: There is no e in font nullfont!
Missing character: There is no ] in font nullfont!
Missing character: There is no ( in font nullfont!
Missing character: There is no A in font nullfont!
Missing character: There is no ) in font nullfont!
! Undefined control sequence.
l.406 ^^I^^I^^I\tkzLabelPoints
                              [below](D,M)
The control sequence at the end of the top line
of your error message was never \def'ed. If you have
misspelled it (e.g., `\hobx'), type `I' and the correct
spelling (e.g., `I\hbox'). Otherwise just continue,
and I'll forget about whatever was undefined.

Missing character: There is no [ in font nullfont!
Missing character: There is no b in font nullfont!
Missing character: There is no e in font nullfont!
Missing character: There is no l in font nullfont!
Missing character: There is no o in font nullfont!
Missing character: There is no w in font nullfont!
Missing character: There is no ] in font nullfont!
Missing character: There is no ( in font nullfont!
Missing character: There is no D in font nullfont!
Missing character: There is no , in font nullfont!
Missing character: There is no M in font nullfont!
Missing character: There is no ) in font nullfont!
! Undefined control sequence.
l.407 ^^I^^I^^I\tkzLabelPoints
                              [right](H)
The control sequence at the end of the top line
of your error message was never \def'ed. If you have
misspelled it (e.g., `\hobx'), type `I' and the correct
spelling (e.g., `I\hbox'). Otherwise just continue,
and I'll forget about whatever was undefined.

Missing character: There is no [ in font nullfont!
Missing character: There is no r in font nullfont!
Missing character: There is no i in font nullfont!
Missing character: There is no g in font nullfont!
Missing character: There is no h in font nullfont!
Missing character: There is no t in font nullfont!
Missing character: There is no ] in font nullfont!
Missing character: There is no ( in font nullfont!
Missing character: There is no H in font nullfont!
Missing character: There is no ) in font nullfont!
! Undefined control sequence.
l.408 ^^I^^I^^I\tkzLabelPoints
                              [left]()
The control sequence at the end of the top line
of your error message was never \def'ed. If you have
misspelled it (e.g., `\hobx'), type `I' and the correct
spelling (e.g., `I\hbox'). Otherwise just continue,
and I'll forget about whatever was undefined.

Missing character: There is no [ in font nullfont!
Missing character: There is no l in font nullfont!
Missing character: There is no e in font nullfont!
Missing character: There is no f in font nullfont!
Missing character: There is no t in font nullfont!
Missing character: There is no ] in font nullfont!
Missing character: There is no ( in font nullfont!
Missing character: There is no ) in font nullfont!
! Undefined control sequence.
l.409 ^^I^^I^^I\tkzLabelPoints
                              [above right](E,Q)
The control sequence at the end of the top line
of your error message was never \def'ed. If you have
misspelled it (e.g., `\hobx'), type `I' and the correct
spelling (e.g., `I\hbox'). Otherwise just continue,
and I'll forget about whatever was undefined.

Missing character: There is no [ in font nullfont!
Missing character: There is no a in font nullfont!
Missing character: There is no b in font nullfont!
Missing character: There is no o in font nullfont!
Missing character: There is no v in font nullfont!
Missing character: There is no e in font nullfont!
Missing character: There is no r in font nullfont!
Missing character: There is no i in font nullfont!
Missing character: There is no g in font nullfont!
Missing character: There is no h in font nullfont!
Missing character: There is no t in font nullfont!
Missing character: There is no ] in font nullfont!
Missing character: There is no ( in font nullfont!
Missing character: There is no E in font nullfont!
Missing character: There is no , in font nullfont!
Missing character: There is no Q in font nullfont!
Missing character: There is no ) in font nullfont!
! Undefined control sequence.
l.410 ^^I^^I^^I\tkzLabelPoints
                              [above left](F)
The control sequence at the end of the top line
of your error message was never \def'ed. If you have
misspelled it (e.g., `\hobx'), type `I' and the correct
spelling (e.g., `I\hbox'). Otherwise just continue,
and I'll forget about whatever was undefined.

Missing character: There is no [ in font nullfont!
Missing character: There is no a in font nullfont!
Missing character: There is no b in font nullfont!
Missing character: There is no o in font nullfont!
Missing character: There is no v in font nullfont!
Missing character: There is no e in font nullfont!
Missing character: There is no l in font nullfont!
Missing character: There is no e in font nullfont!
Missing character: There is no f in font nullfont!
Missing character: There is no t in font nullfont!
Missing character: There is no ] in font nullfont!
Missing character: There is no ( in font nullfont!
Missing character: There is no F in font nullfont!
Missing character: There is no ) in font nullfont!
! Undefined control sequence.
l.411 ^^I^^I^^I\tkzLabelPoints
                              [below right](C)
The control sequence at the end of the top line
of your error message was never \def'ed. If you have
misspelled it (e.g., `\hobx'), type `I' and the correct
spelling (e.g., `I\hbox'). Otherwise just continue,
and I'll forget about whatever was undefined.

Missing character: There is no [ in font nullfont!
Missing character: There is no b in font nullfont!
Missing character: There is no e in font nullfont!
Missing character: There is no l in font nullfont!
Missing character: There is no o in font nullfont!
Missing character: There is no w in font nullfont!
Missing character: There is no r in font nullfont!
Missing character: There is no i in font nullfont!
Missing character: There is no g in font nullfont!
Missing character: There is no h in font nullfont!
Missing character: There is no t in font nullfont!
Missing character: There is no ] in font nullfont!
Missing character: There is no ( in font nullfont!
Missing character: There is no C in font nullfont!
Missing character: There is no ) in font nullfont!
! Undefined control sequence.
l.412 ^^I^^I^^I\tkzLabelPoints
                              [below left](B,P)
The control sequence at the end of the top line
of your error message was never \def'ed. If you have
misspelled it (e.g., `\hobx'), type `I' and the correct
spelling (e.g., `I\hbox'). Otherwise just continue,
and I'll forget about whatever was undefined.

Missing character: There is no [ in font nullfont!
Missing character: There is no b in font nullfont!
Missing character: There is no e in font nullfont!
Missing character: There is no l in font nullfont!
Missing character: There is no o in font nullfont!
Missing character: There is no w in font nullfont!
Missing character: There is no l in font nullfont!
Missing character: There is no e in font nullfont!
Missing character: There is no f in font nullfont!
Missing character: There is no t in font nullfont!
Missing character: There is no ] in font nullfont!
Missing character: There is no ( in font nullfont!
Missing character: There is no B in font nullfont!
Missing character: There is no , in font nullfont!
Missing character: There is no P in font nullfont!
Missing character: There is no ) in font nullfont!

! LaTeX Error: \begin{document} ended by \end{tikzpicture}.

See the LaTeX manual or LaTeX Companion for explanation.
Type  H <return>  for immediate help.
 ...                                              
                                                  
l.413 ^^I^^I^^I\end{tikzpicture}
                                
Your command was ignored.
Type  I <command> <return>  to replace it with another command,
or  <return>  to continue without it.

Missing character: There is no T in font nullfont!
Missing character: There is no a in font nullfont!
Missing character: There is no c in font nullfont!
! Undefined control sequence.
l.417 ...^b3 $\triangle AEB\sim\triangle AFC \text
                                                  {  (cmt)}\Rightarrow\dfrac...
The control sequence at the end of the top line
of your error message was never \def'ed. If you have
misspelled it (e.g., `\hobx'), type `I' and the correct
spelling (e.g., `I\hbox'). Otherwise just continue,
and I'll forget about whatever was undefined.

! Undefined control sequence.
l.417 ...angle AFC \text{  (cmt)}\Rightarrow\dfrac
                                                  {AE}{AF}=\dfrac{AB}{AC}\Ri...
The control sequence at the end of the top line
of your error message was never \def'ed. If you have
misspelled it (e.g., `\hobx'), type `I' and the correct
spelling (e.g., `I\hbox'). Otherwise just continue,
and I'll forget about whatever was undefined.

! Undefined control sequence.
l.417 ...{  (cmt)}\Rightarrow\dfrac{AE}{AF}=\dfrac
                                                  {AB}{AC}\Rightarrow\dfrac{...
The control sequence at the end of the top line
of your error message was never \def'ed. If you have
misspelled it (e.g., `\hobx'), type `I' and the correct
spelling (e.g., `I\hbox'). Otherwise just continue,
and I'll forget about whatever was undefined.

! Undefined control sequence.
l.417 ...c{AE}{AF}=\dfrac{AB}{AC}\Rightarrow\dfrac
                                                  {AE}{AB}=\dfrac{AF}{AC}$.\\
The control sequence at the end of the top line
of your error message was never \def'ed. If you have
misspelled it (e.g., `\hobx'), type `I' and the correct
spelling (e.g., `I\hbox'). Otherwise just continue,
and I'll forget about whatever was undefined.

! Undefined control sequence.
l.417 ...c{AB}{AC}\Rightarrow\dfrac{AE}{AB}=\dfrac
                                                  {AF}{AC}$.\\
The control sequence at the end of the top line
of your error message was never \def'ed. If you have
misspelled it (e.g., `\hobx'), type `I' and the correct
spelling (e.g., `I\hbox'). Otherwise just continue,
and I'll forget about whatever was undefined.

Missing character: There is no . in font nullfont!
Missing character: There is no X in font nullfont!
Missing character: There is no t in font nullfont!
Missing character: There is no v in font nullfont!
Missing character: There is no c in font nullfont!

Overfull \hbox (5.00002pt too wide) in paragraph at lines 417--419
\/cmr/m/n/10 ^^So
 []


Overfull \hbox (42.98955pt too wide) in paragraph at lines 417--419
\OMS/cmsy/m/n/10 4\OML/cmm/m/it/10 AEB \OMS/cmsy/m/n/10 ^^X
 []


Overfull \hbox (69.3452pt too wide) in paragraph at lines 417--419
\OMS/cmsy/m/n/10 4\OML/cmm/m/it/10 AFC[] \OMS/cmsy/m/n/10 )
 []


Overfull \hbox (41.33331pt too wide) in paragraph at lines 417--419
[][] \/cmr/m/n/10 =
 []


Overfull \hbox (43.72705pt too wide) in paragraph at lines 417--419
[][] \OMS/cmsy/m/n/10 )
 []


Overfull \hbox (41.60066pt too wide) in paragraph at lines 417--419
[][] \/cmr/m/n/10 =
 []


Overfull \hbox (30.68198pt too wide) in paragraph at lines 417--419
[][]$ 
 []


Overfull \hbox (4.44444pt too wide) in paragraph at lines 417--419
\/cmr/m/n/10 ^^Se
 []


Overfull \hbox (32.16669pt too wide) in paragraph at lines 417--419
\OMS/cmsy/m/n/10 4\OML/cmm/m/it/10 AEF$
 []


Overfull \hbox (5.00002pt too wide) in paragraph at lines 417--419
\/cmr/m/n/10 ^^Ra
 []


Overfull \hbox (32.33821pt too wide) in paragraph at lines 417--419
\OMS/cmsy/m/n/10 4\OML/cmm/m/it/10 ABC$
 []


Overfull \hbox (5.00002pt too wide) in paragraph at lines 417--419
\/cmr/m/n/10 ^^So 
 []

Missing character: There is no G in font nullfont!
Missing character: There is no c in font nullfont!
Missing character: There is no c in font nullfont!
Missing character: There is no h in font nullfont!
Missing character: There is no u in font nullfont!
Missing character: There is no n in font nullfont!
Missing character: There is no g in font nullfont!
Missing character: There is no . in font nullfont!

Overfull \hbox (5.00002pt too wide) in paragraph at lines 420--421
\/cmr/m/n/10 ^^So
 []


Overfull \hbox (23.44931pt too wide) in paragraph at lines 420--421
[]$ 
 []

! Undefined control sequence.
<recently read> \dfrac 
                       
l.421 ^^I^^I^^I^^I\item $\dfrac
                               {AE}{AB}=\dfrac{AF}{AC}$. (ch^^e1^^bb^^a9ng m...
The control sequence at the end of the top line
of your error message was never \def'ed. If you have
misspelled it (e.g., `\hobx'), type `I' and the correct
spelling (e.g., `I\hbox'). Otherwise just continue,
and I'll forget about whatever was undefined.

! Undefined control sequence.
l.421 ^^I^^I^^I^^I\item $\dfrac{AE}{AB}=\dfrac
                                              {AF}{AC}$. (ch^^e1^^bb^^a9ng m...
The control sequence at the end of the top line
of your error message was never \def'ed. If you have
misspelled it (e.g., `\hobx'), type `I' and the correct
spelling (e.g., `I\hbox'). Otherwise just continue,
and I'll forget about whatever was undefined.

Missing character: There is no . in font nullfont!
Missing character: There is no ( in font nullfont!
Missing character: There is no c in font nullfont!
Missing character: There is no h in font nullfont!

! LaTeX Error: Unicode character ^^e1^^bb^^a9 (U+1EE9)
               not set up for use with LaTeX.

See the LaTeX manual or LaTeX Companion for explanation.
Type  H <return>  for immediate help.
 ...                                              
                                                  
l.421 ...{AE}{AB}=\dfrac{AF}{AC}$. (ch^^e1^^bb^^a9
                                                  ng minh tr^^c3^^aan)
You may provide a definition with
\DeclareUnicodeCharacter 

Missing character: There is no n in font nullfont!
Missing character: There is no g in font nullfont!
Missing character: There is no m in font nullfont!
Missing character: There is no i in font nullfont!
Missing character: There is no n in font nullfont!
Missing character: There is no h in font nullfont!
Missing character: There is no t in font nullfont!
Missing character: There is no r in font nullfont!
Missing character: There is no n in font nullfont!
Missing character: There is no ) in font nullfont!

Overfull \hbox (41.60066pt too wide) in paragraph at lines 421--422
[][] \/cmr/m/n/10 =
 []


Overfull \hbox (30.68198pt too wide) in paragraph at lines 421--422
[][]$
 []


Overfull \hbox (4.44444pt too wide) in paragraph at lines 421--422
\/cmr/m/n/10 ^e 
 []

Missing character: There is no V in font nullfont!

! LaTeX Error: Unicode character ^^e1^^ba^^ad (U+1EAD)
               not set up for use with LaTeX.

See the LaTeX manual or LaTeX Companion for explanation.
Type  H <return>  for immediate help.
 ...                                              
                                                  
l.423 ^^I^^I^^IV^^e1^^ba^^ad
                            y $\triangle AEF\sim\triangle ABC$ (c^^e1^^ba^^a...

You may provide a definition with
\DeclareUnicodeCharacter 

Missing character: There is no y in font nullfont!
Missing character: There is no ( in font nullfont!
Missing character: There is no c in font nullfont!

! LaTeX Error: Unicode character ^^e1^^ba^^a1 (U+1EA1)
               not set up for use with LaTeX.

See the LaTeX manual or LaTeX Companion for explanation.
Type  H <return>  for immediate help.
 ...                                              
                                                  
l.423 ...ngle AEF\sim\triangle ABC$ (c^^e1^^ba^^a1
                                                  nh - g^^c3^^b3c - c^^e1^^b...

You may provide a definition with
\DeclareUnicodeCharacter 

Missing character: There is no n in font nullfont!
Missing character: There is no h in font nullfont!
Missing character: There is no - in font nullfont!
Missing character: There is no g in font nullfont!
Missing character: There is no c in font nullfont!
Missing character: There is no - in font nullfont!
Missing character: There is no c in font nullfont!

! LaTeX Error: Unicode character ^^e1^^ba^^a1 (U+1EA1)
               not set up for use with LaTeX.

See the LaTeX manual or LaTeX Companion for explanation.
Type  H <return>  for immediate help.
 ...                                              
                                                  
l.423 ...e1^^ba^^a1nh - g^^c3^^b3c - c^^e1^^ba^^a1
                                                  nh).\\
You may provide a definition with
\DeclareUnicodeCharacter 

Missing character: There is no n in font nullfont!
Missing character: There is no h in font nullfont!
Missing character: There is no ) in font nullfont!
Missing character: There is no . in font nullfont!
Missing character: There is no V in font nullfont!

! LaTeX Error: Unicode character ^^e1^^ba^^ad (U+1EAD)
               not set up for use with LaTeX.

See the LaTeX manual or LaTeX Companion for explanation.
Type  H <return>  for immediate help.
 ...                                              
                                                  
l.424 ^^I^^I^^IV^^e1^^ba^^ad
                            y $\widehat{AFE}=\widehat{ACB}$ (hai g^^c3^^b3c ...

You may provide a definition with
\DeclareUnicodeCharacter 

Missing character: There is no y in font nullfont!
Missing character: There is no ( in font nullfont!
Missing character: There is no h in font nullfont!
Missing character: There is no a in font nullfont!
Missing character: There is no i in font nullfont!
Missing character: There is no g in font nullfont!
Missing character: There is no c in font nullfont!
Missing character: There is no t in font nullfont!

! LaTeX Error: Unicode character ^^c6^^b0 (U+01B0)
               not set up for use with LaTeX.

See the LaTeX manual or LaTeX Companion for explanation.
Type  H <return>  for immediate help.
 ...                                              
                                                  
l.424 ...=\widehat{ACB}$ (hai g^^c3^^b3c t^^c6^^b0
                                                  ^^c6^^a1ng ^^e1^^bb^^a9ng).
You may provide a definition with
\DeclareUnicodeCharacter 


! LaTeX Error: Unicode character ^^c6^^a1 (U+01A1)
               not set up for use with LaTeX.

See the LaTeX manual or LaTeX Companion for explanation.
Type  H <return>  for immediate help.
 ...                                              
                                                  
l.424 ...t{ACB}$ (hai g^^c3^^b3c t^^c6^^b0^^c6^^a1
                                                  ng ^^e1^^bb^^a9ng).
You may provide a definition with
\DeclareUnicodeCharacter 

Missing character: There is no n in font nullfont!
Missing character: There is no g in font nullfont!

! LaTeX Error: Unicode character ^^e1^^bb^^a9 (U+1EE9)
               not set up for use with LaTeX.

See the LaTeX manual or LaTeX Companion for explanation.
Type  H <return>  for immediate help.
 ...                                              
                                                  
l.424 ...^c3^^b3c t^^c6^^b0^^c6^^a1ng ^^e1^^bb^^a9
                                                  ng).
You may provide a definition with
\DeclareUnicodeCharacter 

Missing character: There is no n in font nullfont!
Missing character: There is no g in font nullfont!
Missing character: There is no ) in font nullfont!
Missing character: There is no . in font nullfont!

Overfull \hbox (42.7222pt too wide) in paragraph at lines 423--425
 $\OMS/cmsy/m/n/10 4\OML/cmm/m/it/10 AEF \OMS/cmsy/m/n/10 ^^X
 []


Overfull \hbox (32.33821pt too wide) in paragraph at lines 423--425
\OMS/cmsy/m/n/10 4\OML/cmm/m/it/10 ABC$
 []


Overfull \hbox (5.00002pt too wide) in paragraph at lines 423--425
\/cmr/m/n/10 ^^So
 []


Overfull \hbox (33.8333pt too wide) in paragraph at lines 423--425
[] \/cmr/m/n/10 =
 []


Overfull \hbox (23.44931pt too wide) in paragraph at lines 423--425
[]$
 []


Overfull \hbox (5.00002pt too wide) in paragraph at lines 423--425
\/cmr/m/n/10 ^^So 
 []

Missing character: There is no X in font nullfont!
Missing character: There is no t in font nullfont!
Missing character: There is no v in font nullfont!
Missing character: There is no u in font nullfont!
Missing character: There is no n in font nullfont!
Missing character: There is no g in font nullfont!
Missing character: There is no t in font nullfont!

! LaTeX Error: Unicode character ^^e1^^ba^^a1 (U+1EA1)
               not set up for use with LaTeX.

See the LaTeX manual or LaTeX Companion for explanation.
Type  H <return>  for immediate help.
 ...                                              
                                                  
l.425 ...\triangle HFB$ vu^^c3^^b4ng t^^e1^^ba^^a1
                                                  i $F$ v^^c3^^a0 $\triangle...

You may provide a definition with
\DeclareUnicodeCharacter 

Missing character: There is no i in font nullfont!
Missing character: There is no v in font nullfont!
Missing character: There is no v in font nullfont!
Missing character: There is no u in font nullfont!
Missing character: There is no n in font nullfont!
Missing character: There is no g in font nullfont!
Missing character: There is no t in font nullfont!

! LaTeX Error: Unicode character ^^e1^^ba^^a1 (U+1EA1)
               not set up for use with LaTeX.

See the LaTeX manual or LaTeX Companion for explanation.
Type  H <return>  for immediate help.
 ...                                              
                                                  
l.425 ...\triangle HEC$ vu^^c3^^b4ng t^^e1^^ba^^a1
                                                  i $E$ c^^c3^^b3
You may provide a definition with
\DeclareUnicodeCharacter 

Missing character: There is no i in font nullfont!
Missing character: There is no c in font nullfont!

Overfull \hbox (4.44444pt too wide) in paragraph at lines 425--426
\/cmr/m/n/10 ^^Se
 []


Overfull \hbox (33.92014pt too wide) in paragraph at lines 425--426
\OMS/cmsy/m/n/10 4\OML/cmm/m/it/10 HFB$
 []


Overfull \hbox (5.00002pt too wide) in paragraph at lines 425--426
\/cmr/m/n/10 ^o
 []


Overfull \hbox (7.81946pt too wide) in paragraph at lines 425--426
\OML/cmm/m/it/10 F$
 []


Overfull \hbox (5.00002pt too wide) in paragraph at lines 425--426
\/cmr/m/n/10 ^^Ra
 []


Overfull \hbox (33.83467pt too wide) in paragraph at lines 425--426
\OMS/cmsy/m/n/10 4\OML/cmm/m/it/10 HEC$
 []


Overfull \hbox (5.00002pt too wide) in paragraph at lines 425--426
\/cmr/m/n/10 ^o
 []


Overfull \hbox (7.95831pt too wide) in paragraph at lines 425--426
\OML/cmm/m/it/10 E$
 []


Overfull \hbox (5.00002pt too wide) in paragraph at lines 425--426
\/cmr/m/n/10 ^^So 
 []

Missing character: There is no . in font nullfont!

Overfull \hbox (35.58675pt too wide) in paragraph at lines 427--428
[] \/cmr/m/n/10 =
 []


Overfull \hbox (35.50128pt too wide) in paragraph at lines 427--428
[] \/cmr/m/n/10 =
 []


Overfull \hbox (14.59726pt too wide) in paragraph at lines 427--428
\/cmr/m/n/10 90[]$ 
 []

Missing character: There is no . in font nullfont!
Missing character: There is no ( in font nullfont!

! LaTeX Error: Command \dj unavailable in encoding .

See the LaTeX manual or LaTeX Companion for explanation.
Type  H <return>  for immediate help.
 ...                                              
                                                  
l.428 ... $\widehat{FHB}=\widehat{EHC}$. (^^c4^^91
                                                  ^^e1^^bb^^91i ^^c4^^91^^e1...

Your command was ignored.
Type  I <command> <return>  to replace it with another command,
or  <return>  to continue without it.


! LaTeX Error: Unicode character ^^e1^^bb^^91 (U+1ED1)
               not set up for use with LaTeX.

See the LaTeX manual or LaTeX Companion for explanation.
Type  H <return>  for immediate help.
 ...                                              
                                                  
l.428 ...HB}=\widehat{EHC}$. (^^c4^^91^^e1^^bb^^91
                                                  i ^^c4^^91^^e1^^bb^^89nh)
You may provide a definition with
\DeclareUnicodeCharacter 

Missing character: There is no i in font nullfont!

! LaTeX Error: Command \dj unavailable in encoding .

See the LaTeX manual or LaTeX Companion for explanation.
Type  H <return>  for immediate help.
 ...                                              
                                                  
l.428 ...at{EHC}$. (^^c4^^91^^e1^^bb^^91i ^^c4^^91
                                                  ^^e1^^bb^^89nh)
Your command was ignored.
Type  I <command> <return>  to replace it with another command,
or  <return>  to continue without it.


! LaTeX Error: Unicode character ^^e1^^bb^^89 (U+1EC9)
               not set up for use with LaTeX.

See the LaTeX manual or LaTeX Companion for explanation.
Type  H <return>  for immediate help.
 ...                                              
                                                  
l.428 ...^c4^^91^^e1^^bb^^91i ^^c4^^91^^e1^^bb^^89
                                                  nh)
You may provide a definition with
\DeclareUnicodeCharacter 

Missing character: There is no n in font nullfont!
Missing character: There is no h in font nullfont!
Missing character: There is no ) in font nullfont!

Overfull \hbox (35.58675pt too wide) in paragraph at lines 428--429
[] \/cmr/m/n/10 =
 []


Overfull \hbox (24.94577pt too wide) in paragraph at lines 428--429
[]$
 []

Missing character: There is no V in font nullfont!

! LaTeX Error: Unicode character ^^e1^^ba^^ad (U+1EAD)
               not set up for use with LaTeX.

See the LaTeX manual or LaTeX Companion for explanation.
Type  H <return>  for immediate help.
 ...                                              
                                                  
l.430 ^^I^^I^^IV^^e1^^ba^^ad
                            y $\triangle HFB\sim\triangle HEC$ (g^^c3^^b3c -...

You may provide a definition with
\DeclareUnicodeCharacter 

Missing character: There is no y in font nullfont!
Missing character: There is no ( in font nullfont!
Missing character: There is no g in font nullfont!
Missing character: There is no c in font nullfont!
Missing character: There is no - in font nullfont!
Missing character: There is no g in font nullfont!
Missing character: There is no c in font nullfont!
Missing character: There is no ) in font nullfont!
Missing character: There is no . in font nullfont!
Missing character: There is no V in font nullfont!

! LaTeX Error: Unicode character ^^e1^^ba^^ad (U+1EAD)
               not set up for use with LaTeX.

See the LaTeX manual or LaTeX Companion for explanation.
Type  H <return>  for immediate help.
 ...                                              
                                                  
l.431 ^^I^^I^^IV^^e1^^ba^^ad
                            y ta c^^c3^^b3 $\dfrac{HF}{HE}=\dfrac{HB}{HC}\Ri...

You may provide a definition with
\DeclareUnicodeCharacter 

Missing character: There is no y in font nullfont!
Missing character: There is no t in font nullfont!
Missing character: There is no a in font nullfont!
Missing character: There is no c in font nullfont!
! Undefined control sequence.
<recently read> \dfrac 
                       
l.431 ^^I^^I^^IV^^e1^^ba^^ady ta c^^c3^^b3 $\dfrac
                                                  {HF}{HE}=\dfrac{HB}{HC}\Ri...
The control sequence at the end of the top line
of your error message was never \def'ed. If you have
misspelled it (e.g., `\hobx'), type `I' and the correct
spelling (e.g., `I\hbox'). Otherwise just continue,
and I'll forget about whatever was undefined.

! Undefined control sequence.
l.431 ...^^ady ta c^^c3^^b3 $\dfrac{HF}{HE}=\dfrac
                                                  {HB}{HC}\Rightarrow HF\cdo...
The control sequence at the end of the top line
of your error message was never \def'ed. If you have
misspelled it (e.g., `\hobx'), type `I' and the correct
spelling (e.g., `I\hbox'). Otherwise just continue,
and I'll forget about whatever was undefined.

Missing character: There is no . in font nullfont!
Missing character: There is no T in font nullfont!
Missing character: There is no a in font nullfont!
Missing character: There is no c in font nullfont!
! Undefined control sequence.
<recently read> \dfrac 
                       
l.432 ^^I^^I^^ITa c^^c3^^b3 $\dfrac
                                   {HF}{HE}=\dfrac{HB}{HC}\Rightarrow \dfrac...
The control sequence at the end of the top line
of your error message was never \def'ed. If you have
misspelled it (e.g., `\hobx'), type `I' and the correct
spelling (e.g., `I\hbox'). Otherwise just continue,
and I'll forget about whatever was undefined.

! Undefined control sequence.
l.432 ^^I^^I^^ITa c^^c3^^b3 $\dfrac{HF}{HE}=\dfrac
                                                  {HB}{HC}\Rightarrow \dfrac...
The control sequence at the end of the top line
of your error message was never \def'ed. If you have
misspelled it (e.g., `\hobx'), type `I' and the correct
spelling (e.g., `I\hbox'). Otherwise just continue,
and I'll forget about whatever was undefined.

! Undefined control sequence.
l.432 ...{HF}{HE}=\dfrac{HB}{HC}\Rightarrow \dfrac
                                                  {HF}{HB}=\dfrac{HE}{HC}$.\\
The control sequence at the end of the top line
of your error message was never \def'ed. If you have
misspelled it (e.g., `\hobx'), type `I' and the correct
spelling (e.g., `I\hbox'). Otherwise just continue,
and I'll forget about whatever was undefined.

! Undefined control sequence.
l.432 ...{HB}{HC}\Rightarrow \dfrac{HF}{HB}=\dfrac
                                                  {HE}{HC}$.\\
The control sequence at the end of the top line
of your error message was never \def'ed. If you have
misspelled it (e.g., `\hobx'), type `I' and the correct
spelling (e.g., `I\hbox'). Otherwise just continue,
and I'll forget about whatever was undefined.

Missing character: There is no . in font nullfont!
Missing character: There is no X in font nullfont!
Missing character: There is no t in font nullfont!
Missing character: There is no v in font nullfont!
Missing character: There is no c in font nullfont!

Overfull \hbox (44.47565pt too wide) in paragraph at lines 430--434
 $\OMS/cmsy/m/n/10 4\OML/cmm/m/it/10 HFB \OMS/cmsy/m/n/10 ^^X
 []


Overfull \hbox (33.83467pt too wide) in paragraph at lines 430--434
\OMS/cmsy/m/n/10 4\OML/cmm/m/it/10 HEC$
 []


Overfull \hbox (5.00002pt too wide) in paragraph at lines 430--434
\/cmr/m/n/10 ^^So
 []


Overfull \hbox (5.00002pt too wide) in paragraph at lines 430--434
\/cmr/m/n/10 ^^So 
 []


Overfull \hbox (5.00002pt too wide) in paragraph at lines 430--434
\/cmr/m/n/10 ^^So
 []


Overfull \hbox (44.58322pt too wide) in paragraph at lines 430--434
[][] \/cmr/m/n/10 =
 []


Overfull \hbox (46.97696pt too wide) in paragraph at lines 430--434
[][] \OMS/cmsy/m/n/10 )
 []


Overfull \hbox (19.72221pt too wide) in paragraph at lines 430--434
\OML/cmm/m/it/10 HF \OMS/cmsy/m/n/10 ^^A
 []


Overfull \hbox (27.54297pt too wide) in paragraph at lines 430--434
\OML/cmm/m/it/10 HC \/cmr/m/n/10 =
 []


Overfull \hbox (19.86107pt too wide) in paragraph at lines 430--434
\OML/cmm/m/it/10 HE \OMS/cmsy/m/n/10 ^^A
 []


Overfull \hbox (17.21178pt too wide) in paragraph at lines 430--434
\OML/cmm/m/it/10 HB$ 
 []


Overfull \hbox (5.00002pt too wide) in paragraph at lines 430--434
\/cmr/m/n/10 ^^So
 []


Overfull \hbox (44.58322pt too wide) in paragraph at lines 430--434
[][] \/cmr/m/n/10 =
 []


Overfull \hbox (46.97696pt too wide) in paragraph at lines 430--434
[][] \OMS/cmsy/m/n/10 )
 []


Overfull \hbox (44.71172pt too wide) in paragraph at lines 430--434
[][] \/cmr/m/n/10 =
 []


Overfull \hbox (34.07074pt too wide) in paragraph at lines 430--434
[][]$ 
 []


Overfull \hbox (4.44444pt too wide) in paragraph at lines 430--434
\/cmr/m/n/10 ^^Se
 []


Overfull \hbox (33.79164pt too wide) in paragraph at lines 430--434
\OMS/cmsy/m/n/10 4\OML/cmm/m/it/10 HEF$
 []


Overfull \hbox (5.00002pt too wide) in paragraph at lines 430--434
\/cmr/m/n/10 ^^Ra
 []


Overfull \hbox (33.96317pt too wide) in paragraph at lines 430--434
\OMS/cmsy/m/n/10 4\OML/cmm/m/it/10 HCB$
 []


Overfull \hbox (5.00002pt too wide) in paragraph at lines 430--434
\/cmr/m/n/10 ^^So 
 []

Missing character: There is no . in font nullfont!
Missing character: There is no ( in font nullfont!

! LaTeX Error: Command \dj unavailable in encoding .

See the LaTeX manual or LaTeX Companion for explanation.
Type  H <return>  for immediate help.
 ...                                              
                                                  
l.435 ... $\widehat{EHF}=\widehat{CHB}$. (^^c4^^91
                                                  ^^e1^^bb^^91i ^^c4^^91^^e1...

Your command was ignored.
Type  I <command> <return>  to replace it with another command,
or  <return>  to continue without it.


! LaTeX Error: Unicode character ^^e1^^bb^^91 (U+1ED1)
               not set up for use with LaTeX.

See the LaTeX manual or LaTeX Companion for explanation.
Type  H <return>  for immediate help.
 ...                                              
                                                  
l.435 ...HF}=\widehat{CHB}$. (^^c4^^91^^e1^^bb^^91
                                                  i ^^c4^^91^^e1^^bb^^89nh)
You may provide a definition with
\DeclareUnicodeCharacter 

Missing character: There is no i in font nullfont!

! LaTeX Error: Command \dj unavailable in encoding .

See the LaTeX manual or LaTeX Companion for explanation.
Type  H <return>  for immediate help.
 ...                                              
                                                  
l.435 ...at{CHB}$. (^^c4^^91^^e1^^bb^^91i ^^c4^^91
                                                  ^^e1^^bb^^89nh)
Your command was ignored.
Type  I <command> <return>  to replace it with another command,
or  <return>  to continue without it.


! LaTeX Error: Unicode character ^^e1^^bb^^89 (U+1EC9)
               not set up for use with LaTeX.

See the LaTeX manual or LaTeX Companion for explanation.
Type  H <return>  for immediate help.
 ...                                              
                                                  
l.435 ...^c4^^91^^e1^^bb^^91i ^^c4^^91^^e1^^bb^^89
                                                  nh)
You may provide a definition with
\DeclareUnicodeCharacter 

Missing character: There is no n in font nullfont!
Missing character: There is no h in font nullfont!
Missing character: There is no ) in font nullfont!

Overfull \hbox (35.45825pt too wide) in paragraph at lines 435--436
[] \/cmr/m/n/10 =
 []


Overfull \hbox (25.07426pt too wide) in paragraph at lines 435--436
[]$ 
 []

! Undefined control sequence.
<recently read> \dfrac 
                       
l.436 ^^I^^I^^I^^I\item $\dfrac
                               {HF}{HB}=\dfrac{HE}{HC}$. (ch^^e1^^bb^^a9ng m...
The control sequence at the end of the top line
of your error message was never \def'ed. If you have
misspelled it (e.g., `\hobx'), type `I' and the correct
spelling (e.g., `I\hbox'). Otherwise just continue,
and I'll forget about whatever was undefined.

! Undefined control sequence.
l.436 ^^I^^I^^I^^I\item $\dfrac{HF}{HB}=\dfrac
                                              {HE}{HC}$. (ch^^e1^^bb^^a9ng m...
The control sequence at the end of the top line
of your error message was never \def'ed. If you have
misspelled it (e.g., `\hobx'), type `I' and the correct
spelling (e.g., `I\hbox'). Otherwise just continue,
and I'll forget about whatever was undefined.

Missing character: There is no . in font nullfont!
Missing character: There is no ( in font nullfont!
Missing character: There is no c in font nullfont!
Missing character: There is no h in font nullfont!

! LaTeX Error: Unicode character ^^e1^^bb^^a9 (U+1EE9)
               not set up for use with LaTeX.

See the LaTeX manual or LaTeX Companion for explanation.
Type  H <return>  for immediate help.
 ...                                              
                                                  
l.436 ...{HF}{HB}=\dfrac{HE}{HC}$. (ch^^e1^^bb^^a9
                                                  ng minh tr^^c3^^aan)
You may provide a definition with
\DeclareUnicodeCharacter 

Missing character: There is no n in font nullfont!
Missing character: There is no g in font nullfont!
Missing character: There is no m in font nullfont!
Missing character: There is no i in font nullfont!
Missing character: There is no n in font nullfont!
Missing character: There is no h in font nullfont!
Missing character: There is no t in font nullfont!
Missing character: There is no r in font nullfont!
Missing character: There is no n in font nullfont!
Missing character: There is no ) in font nullfont!

Overfull \hbox (44.71172pt too wide) in paragraph at lines 436--437
[][] \/cmr/m/n/10 =
 []


Overfull \hbox (34.07074pt too wide) in paragraph at lines 436--437
[][]$
 []


Overfull \hbox (4.44444pt too wide) in paragraph at lines 436--437
\/cmr/m/n/10 ^e 
 []

Missing character: There is no V in font nullfont!

! LaTeX Error: Unicode character ^^e1^^ba^^ad (U+1EAD)
               not set up for use with LaTeX.

See the LaTeX manual or LaTeX Companion for explanation.
Type  H <return>  for immediate help.
 ...                                              
                                                  
l.438 ^^I^^I^^IV^^e1^^ba^^ad
                            y $\triangle EHF\sim\triangle CHB$ (c^^e1^^ba^^a...

You may provide a definition with
\DeclareUnicodeCharacter 

Missing character: There is no y in font nullfont!
Missing character: There is no ( in font nullfont!
Missing character: There is no c in font nullfont!

! LaTeX Error: Unicode character ^^e1^^ba^^a1 (U+1EA1)
               not set up for use with LaTeX.

See the LaTeX manual or LaTeX Companion for explanation.
Type  H <return>  for immediate help.
 ...                                              
                                                  
l.438 ...ngle EHF\sim\triangle CHB$ (c^^e1^^ba^^a1
                                                  nh - g^^c3^^b3c - c^^e1^^b...

You may provide a definition with
\DeclareUnicodeCharacter 

Missing character: There is no n in font nullfont!
Missing character: There is no h in font nullfont!
Missing character: There is no - in font nullfont!
Missing character: There is no g in font nullfont!
Missing character: There is no c in font nullfont!
Missing character: There is no - in font nullfont!
Missing character: There is no c in font nullfont!

! LaTeX Error: Unicode character ^^e1^^ba^^a1 (U+1EA1)
               not set up for use with LaTeX.

See the LaTeX manual or LaTeX Companion for explanation.
Type  H <return>  for immediate help.
 ...                                              
                                                  
l.438 ...e1^^ba^^a1nh - g^^c3^^b3c - c^^e1^^ba^^a1
                                                  nh).\\
You may provide a definition with
\DeclareUnicodeCharacter 

Missing character: There is no n in font nullfont!
Missing character: There is no h in font nullfont!
Missing character: There is no ) in font nullfont!
Missing character: There is no . in font nullfont!
Missing character: There is no V in font nullfont!

! LaTeX Error: Unicode character ^^e1^^ba^^ad (U+1EAD)
               not set up for use with LaTeX.

See the LaTeX manual or LaTeX Companion for explanation.
Type  H <return>  for immediate help.
 ...                                              
                                                  
l.439 ^^I^^I^^IV^^e1^^ba^^ad
                            y $\widehat{FEH}=\widehat{CH}$ (hai g^^c3^^b3c t...

You may provide a definition with
\DeclareUnicodeCharacter 

Missing character: There is no y in font nullfont!
Missing character: There is no ( in font nullfont!
Missing character: There is no h in font nullfont!
Missing character: There is no a in font nullfont!
Missing character: There is no i in font nullfont!
Missing character: There is no g in font nullfont!
Missing character: There is no c in font nullfont!
Missing character: There is no t in font nullfont!

! LaTeX Error: Unicode character ^^c6^^b0 (U+01B0)
               not set up for use with LaTeX.

See the LaTeX manual or LaTeX Companion for explanation.
Type  H <return>  for immediate help.
 ...                                              
                                                  
l.439 ...}=\widehat{CH}$ (hai g^^c3^^b3c t^^c6^^b0
                                                  ^^c6^^a1ng ^^e1^^bb^^a9ng)...

You may provide a definition with
\DeclareUnicodeCharacter 


! LaTeX Error: Unicode character ^^c6^^a1 (U+01A1)
               not set up for use with LaTeX.

See the LaTeX manual or LaTeX Companion for explanation.
Type  H <return>  for immediate help.
 ...                                              
                                                  
l.439 ...at{CH}$ (hai g^^c3^^b3c t^^c6^^b0^^c6^^a1
                                                  ng ^^e1^^bb^^a9ng) $\Right...

You may provide a definition with
\DeclareUnicodeCharacter 

Missing character: There is no n in font nullfont!
Missing character: There is no g in font nullfont!

! LaTeX Error: Unicode character ^^e1^^bb^^a9 (U+1EE9)
               not set up for use with LaTeX.

See the LaTeX manual or LaTeX Companion for explanation.
Type  H <return>  for immediate help.
 ...                                              
                                                  
l.439 ...^c3^^b3c t^^c6^^b0^^c6^^a1ng ^^e1^^bb^^a9
                                                  ng) $\Rightarrow \widehat{...

You may provide a definition with
\DeclareUnicodeCharacter 

Missing character: There is no n in font nullfont!
Missing character: There is no g in font nullfont!
Missing character: There is no ) in font nullfont!
Missing character: There is no . in font nullfont!

Overfull \hbox (44.34715pt too wide) in paragraph at lines 438--441
 $\OMS/cmsy/m/n/10 4\OML/cmm/m/it/10 EHF \OMS/cmsy/m/n/10 ^^X
 []


Overfull \hbox (33.96317pt too wide) in paragraph at lines 438--441
\OMS/cmsy/m/n/10 4\OML/cmm/m/it/10 CHB$
 []


Overfull \hbox (5.00002pt too wide) in paragraph at lines 438--441
\/cmr/m/n/10 ^^So
 []


Overfull \hbox (35.45825pt too wide) in paragraph at lines 438--441
[] \/cmr/m/n/10 =
 []


Overfull \hbox (16.98746pt too wide) in paragraph at lines 438--441
[]$
 []


Overfull \hbox (5.00002pt too wide) in paragraph at lines 438--441
\/cmr/m/n/10 ^^So
 []


Overfull \hbox (10.00002pt too wide) in paragraph at lines 438--441
\OMS/cmsy/m/n/10 )
 []


Overfull \hbox (34.42009pt too wide) in paragraph at lines 438--441
[] \/cmr/m/n/10 =
 []


Overfull \hbox (23.76875pt too wide) in paragraph at lines 438--441
[]$ 
 []

Missing character: There is no T in font nullfont!
Missing character: There is no a in font nullfont!
Missing character: There is no c in font nullfont!

Overfull \hbox (25.41081pt too wide) in paragraph at lines 441--443
\OT1/cmr/bx/it/10 C^^Sach
 []


Overfull \hbox (9.46657pt too wide) in paragraph at lines 441--443
\OT1/cmr/bx/it/10 1:
 []


Overfull \hbox (5.00002pt too wide) in paragraph at lines 441--443
\/cmr/m/n/10 ^^So 
 []

Missing character: There is no ( in font nullfont!

! LaTeX Error: Command \dj unavailable in encoding .

See the LaTeX manual or LaTeX Companion for explanation.
Type  H <return>  for immediate help.
 ...                                              
                                                  
l.444 ...m $\widehat{AHE}=\widehat{BHD}$ (^^c4^^91
                                                  ^^e1^^bb^^91i ^^c4^^91^^e1...

Your command was ignored.
Type  I <command> <return>  to replace it with another command,
or  <return>  to continue without it.


! LaTeX Error: Unicode character ^^e1^^bb^^91 (U+1ED1)
               not set up for use with LaTeX.

See the LaTeX manual or LaTeX Companion for explanation.
Type  H <return>  for immediate help.
 ...                                              
                                                  
l.444 ...AHE}=\widehat{BHD}$ (^^c4^^91^^e1^^bb^^91
                                                  i ^^c4^^91^^e1^^bb^^89nh).
You may provide a definition with
\DeclareUnicodeCharacter 

Missing character: There is no i in font nullfont!

! LaTeX Error: Command \dj unavailable in encoding .

See the LaTeX manual or LaTeX Companion for explanation.
Type  H <return>  for immediate help.
 ...                                              
                                                  
l.444 ...hat{BHD}$ (^^c4^^91^^e1^^bb^^91i ^^c4^^91
                                                  ^^e1^^bb^^89nh).
Your command was ignored.
Type  I <command> <return>  to replace it with another command,
or  <return>  to continue without it.


! LaTeX Error: Unicode character ^^e1^^bb^^89 (U+1EC9)
               not set up for use with LaTeX.

See the LaTeX manual or LaTeX Companion for explanation.
Type  H <return>  for immediate help.
 ...                                              
                                                  
l.444 ...^c4^^91^^e1^^bb^^91i ^^c4^^91^^e1^^bb^^89
                                                  nh).
You may provide a definition with
\DeclareUnicodeCharacter 

Missing character: There is no n in font nullfont!
Missing character: There is no h in font nullfont!
Missing character: There is no ) in font nullfont!
Missing character: There is no . in font nullfont!

Overfull \hbox (35.13881pt too wide) in paragraph at lines 444--445
[] \/cmr/m/n/10 =
 []


Overfull \hbox (25.76872pt too wide) in paragraph at lines 444--445
[]$ 
 []

Missing character: There is no ( in font nullfont!
Missing character: There is no h in font nullfont!
Missing character: There is no a in font nullfont!
Missing character: There is no i in font nullfont!
Missing character: There is no g in font nullfont!
Missing character: There is no c in font nullfont!
Missing character: There is no n in font nullfont!
Missing character: There is no h in font nullfont!

! LaTeX Error: Unicode character ^^e1^^bb^^8d (U+1ECD)
               not set up for use with LaTeX.

See the LaTeX manual or LaTeX Companion for explanation.
Type  H <return>  for immediate help.
 ...                                              
                                                  
l.445 ...=90^\circ$ (hai g^^c3^^b3c nh^^e1^^bb^^8d
                                                  n trong $\triangle AHE$ vu...

You may provide a definition with
\DeclareUnicodeCharacter 

Missing character: There is no n in font nullfont!
Missing character: There is no t in font nullfont!
Missing character: There is no r in font nullfont!
Missing character: There is no o in font nullfont!
Missing character: There is no n in font nullfont!
Missing character: There is no g in font nullfont!
Missing character: There is no v in font nullfont!
Missing character: There is no u in font nullfont!
Missing character: There is no n in font nullfont!
Missing character: There is no g in font nullfont!
Missing character: There is no t in font nullfont!

! LaTeX Error: Unicode character ^^e1^^ba^^a1 (U+1EA1)
               not set up for use with LaTeX.

See the LaTeX manual or LaTeX Companion for explanation.
Type  H <return>  for immediate help.
 ...                                              
                                                  
l.445 ...\triangle AHE$ vu^^c3^^b4ng t^^e1^^ba^^a1
                                                  i $E$).
You may provide a definition with
\DeclareUnicodeCharacter 

Missing character: There is no i in font nullfont!
Missing character: There is no ) in font nullfont!
Missing character: There is no . in font nullfont!

Overfull \hbox (32.3611pt too wide) in paragraph at lines 445--446
[] \/cmr/m/n/10 +
 []


Overfull \hbox (35.13881pt too wide) in paragraph at lines 445--446
[] \/cmr/m/n/10 =
 []


Overfull \hbox (14.59726pt too wide) in paragraph at lines 445--446
\/cmr/m/n/10 90[]$
 []


Overfull \hbox (5.00002pt too wide) in paragraph at lines 445--446
\/cmr/m/n/10 ^^So
 []


Overfull \hbox (33.4722pt too wide) in paragraph at lines 445--446
\OMS/cmsy/m/n/10 4\OML/cmm/m/it/10 AHE$
 []


Overfull \hbox (5.00002pt too wide) in paragraph at lines 445--446
\/cmr/m/n/10 ^o
 []


Overfull \hbox (7.95831pt too wide) in paragraph at lines 445--446
\OML/cmm/m/it/10 E$ 
 []

Missing character: There is no ( in font nullfont!
Missing character: There is no h in font nullfont!
Missing character: There is no a in font nullfont!
Missing character: There is no i in font nullfont!
Missing character: There is no g in font nullfont!
Missing character: There is no c in font nullfont!
Missing character: There is no n in font nullfont!
Missing character: There is no h in font nullfont!

! LaTeX Error: Unicode character ^^e1^^bb^^8d (U+1ECD)
               not set up for use with LaTeX.

See the LaTeX manual or LaTeX Companion for explanation.
Type  H <return>  for immediate help.
 ...                                              
                                                  
l.446 ...=90^\circ$ (hai g^^c3^^b3c nh^^e1^^bb^^8d
                                                  n trong $\triangle BHD$ vu...

You may provide a definition with
\DeclareUnicodeCharacter 

Missing character: There is no n in font nullfont!
Missing character: There is no t in font nullfont!
Missing character: There is no r in font nullfont!
Missing character: There is no o in font nullfont!
Missing character: There is no n in font nullfont!
Missing character: There is no g in font nullfont!
Missing character: There is no v in font nullfont!
Missing character: There is no u in font nullfont!
Missing character: There is no n in font nullfont!
Missing character: There is no g in font nullfont!
Missing character: There is no t in font nullfont!

! LaTeX Error: Unicode character ^^e1^^ba^^a1 (U+1EA1)
               not set up for use with LaTeX.

See the LaTeX manual or LaTeX Companion for explanation.
Type  H <return>  for immediate help.
 ...                                              
                                                  
l.446 ...\triangle BHD$ vu^^c3^^b4ng t^^e1^^ba^^a1
                                                  i $D$).
You may provide a definition with
\DeclareUnicodeCharacter 

Missing character: There is no i in font nullfont!
Missing character: There is no ) in font nullfont!
Missing character: There is no . in font nullfont!

Overfull \hbox (33.54652pt too wide) in paragraph at lines 446--447
[] \/cmr/m/n/10 +
 []


Overfull \hbox (36.32423pt too wide) in paragraph at lines 446--447
[] \/cmr/m/n/10 =
 []


Overfull \hbox (14.59726pt too wide) in paragraph at lines 446--447
\/cmr/m/n/10 90[]$
 []


Overfull \hbox (5.00002pt too wide) in paragraph at lines 446--447
\/cmr/m/n/10 ^^So
 []


Overfull \hbox (34.65762pt too wide) in paragraph at lines 446--447
\OMS/cmsy/m/n/10 4\OML/cmm/m/it/10 BHD$
 []


Overfull \hbox (5.00002pt too wide) in paragraph at lines 446--447
\/cmr/m/n/10 ^o
 []


Overfull \hbox (8.55695pt too wide) in paragraph at lines 446--447
\OML/cmm/m/it/10 D$ 
 []

Missing character: There is no V in font nullfont!

! LaTeX Error: Unicode character ^^e1^^ba^^ad (U+1EAD)
               not set up for use with LaTeX.

See the LaTeX manual or LaTeX Companion for explanation.
Type  H <return>  for immediate help.
 ...                                              
                                                  
l.448 ^^I^^I^^IV^^e1^^ba^^ad
                            y $\widehat{EAH}=\widehat{HBD}$.\\
You may provide a definition with
\DeclareUnicodeCharacter 

Missing character: There is no y in font nullfont!
Missing character: There is no . in font nullfont!
Missing character: There is no T in font nullfont!
Missing character: There is no a in font nullfont!
Missing character: There is no c in font nullfont!

Overfull \hbox (35.13881pt too wide) in paragraph at lines 448--450
 $[] \/cmr/m/n/10 =
 []


Overfull \hbox (25.76872pt too wide) in paragraph at lines 448--450
[]$ 
 []


Overfull \hbox (5.00002pt too wide) in paragraph at lines 448--450
\/cmr/m/n/10 ^^So 
 []

Missing character: There is no ( in font nullfont!

! LaTeX Error: Command \dj unavailable in encoding .

See the LaTeX manual or LaTeX Companion for explanation.
Type  H <return>  for immediate help.
 ...                                              
                                                  
l.451 ...m $\widehat{EHQ}=\widehat{PHB}$ (^^c4^^91
                                                  ^^e1^^bb^^91i ^^c4^^91^^e1...

Your command was ignored.
Type  I <command> <return>  to replace it with another command,
or  <return>  to continue without it.


! LaTeX Error: Unicode character ^^e1^^bb^^91 (U+1ED1)
               not set up for use with LaTeX.

See the LaTeX manual or LaTeX Companion for explanation.
Type  H <return>  for immediate help.
 ...                                              
                                                  
l.451 ...EHQ}=\widehat{PHB}$ (^^c4^^91^^e1^^bb^^91
                                                  i ^^c4^^91^^e1^^bb^^89nh).
You may provide a definition with
\DeclareUnicodeCharacter 

Missing character: There is no i in font nullfont!

! LaTeX Error: Command \dj unavailable in encoding .

See the LaTeX manual or LaTeX Companion for explanation.
Type  H <return>  for immediate help.
 ...                                              
                                                  
l.451 ...hat{PHB}$ (^^c4^^91^^e1^^bb^^91i ^^c4^^91
                                                  ^^e1^^bb^^89nh).
Your command was ignored.
Type  I <command> <return>  to replace it with another command,
or  <return>  to continue without it.


! LaTeX Error: Unicode character ^^e1^^bb^^89 (U+1EC9)
               not set up for use with LaTeX.

See the LaTeX manual or LaTeX Companion for explanation.
Type  H <return>  for immediate help.
 ...                                              
                                                  
l.451 ...^c4^^91^^e1^^bb^^91i ^^c4^^91^^e1^^bb^^89
                                                  nh).
You may provide a definition with
\DeclareUnicodeCharacter 

Missing character: There is no n in font nullfont!
Missing character: There is no h in font nullfont!
Missing character: There is no ) in font nullfont!
Missing character: There is no . in font nullfont!

Overfull \hbox (35.54434pt too wide) in paragraph at lines 451--452
[] \/cmr/m/n/10 =
 []


Overfull \hbox (25.02081pt too wide) in paragraph at lines 451--452
[]$ 
 []

Missing character: There is no ( in font nullfont!
Missing character: There is no h in font nullfont!
Missing character: There is no a in font nullfont!
Missing character: There is no i in font nullfont!
Missing character: There is no g in font nullfont!
Missing character: There is no c in font nullfont!
Missing character: There is no n in font nullfont!
Missing character: There is no h in font nullfont!

! LaTeX Error: Unicode character ^^e1^^bb^^8d (U+1ECD)
               not set up for use with LaTeX.

See the LaTeX manual or LaTeX Companion for explanation.
Type  H <return>  for immediate help.
 ...                                              
                                                  
l.452 ...=90^\circ$ (hai g^^c3^^b3c nh^^e1^^bb^^8d
                                                  n trong $\triangle EQH$ vu...

You may provide a definition with
\DeclareUnicodeCharacter 

Missing character: There is no n in font nullfont!
Missing character: There is no t in font nullfont!
Missing character: There is no r in font nullfont!
Missing character: There is no o in font nullfont!
Missing character: There is no n in font nullfont!
Missing character: There is no g in font nullfont!
Missing character: There is no v in font nullfont!
Missing character: There is no u in font nullfont!
Missing character: There is no n in font nullfont!
Missing character: There is no g in font nullfont!
Missing character: There is no t in font nullfont!

! LaTeX Error: Unicode character ^^e1^^ba^^a1 (U+1EA1)
               not set up for use with LaTeX.

See the LaTeX manual or LaTeX Companion for explanation.
Type  H <return>  for immediate help.
 ...                                              
                                                  
l.452 ...\triangle EQH$ vu^^c3^^b4ng t^^e1^^ba^^a1
                                                  i $E$).
You may provide a definition with
\DeclareUnicodeCharacter 

Missing character: There is no i in font nullfont!
Missing character: There is no ) in font nullfont!
Missing character: There is no . in font nullfont!

Overfull \hbox (32.76663pt too wide) in paragraph at lines 452--453
[] \/cmr/m/n/10 +
 []


Overfull \hbox (35.54434pt too wide) in paragraph at lines 452--453
[] \/cmr/m/n/10 =
 []


Overfull \hbox (14.59726pt too wide) in paragraph at lines 452--453
\/cmr/m/n/10 90[]$
 []


Overfull \hbox (5.00002pt too wide) in paragraph at lines 452--453
\/cmr/m/n/10 ^^So
 []


Overfull \hbox (33.87773pt too wide) in paragraph at lines 452--453
\OMS/cmsy/m/n/10 4\OML/cmm/m/it/10 EQH$
 []


Overfull \hbox (5.00002pt too wide) in paragraph at lines 452--453
\/cmr/m/n/10 ^o
 []


Overfull \hbox (7.95831pt too wide) in paragraph at lines 452--453
\OML/cmm/m/it/10 E$ 
 []

Missing character: There is no ( in font nullfont!
Missing character: There is no ) in font nullfont!
Missing character: There is no . in font nullfont!

Overfull \hbox (32.79861pt too wide) in paragraph at lines 453--454
[] \/cmr/m/n/10 +
 []


Overfull \hbox (38.55894pt too wide) in paragraph at lines 453--454
[] \/cmr/m/n/10 =
 []


Overfull \hbox (14.59726pt too wide) in paragraph at lines 453--454
\/cmr/m/n/10 90[]$
 []


Overfull \hbox (27.48952pt too wide) in paragraph at lines 453--454
\OML/cmm/m/it/10 PH \OMS/cmsy/m/n/10 ?
 []


Overfull \hbox (19.91663pt too wide) in paragraph at lines 453--454
\OML/cmm/m/it/10 HM$ 
 []

Missing character: There is no V in font nullfont!

! LaTeX Error: Unicode character ^^e1^^ba^^ad (U+1EAD)
               not set up for use with LaTeX.

See the LaTeX manual or LaTeX Companion for explanation.
Type  H <return>  for immediate help.
 ...                                              
                                                  
l.455 ^^I^^I^^IV^^e1^^ba^^ad
                            y $\widehat{BHM}=\widehat{AQH}$.\\
You may provide a definition with
\DeclareUnicodeCharacter 

Missing character: There is no y in font nullfont!
Missing character: There is no . in font nullfont!
Missing character: There is no X in font nullfont!
Missing character: There is no t in font nullfont!
Missing character: There is no v in font nullfont!
Missing character: There is no c in font nullfont!

Overfull \hbox (38.55894pt too wide) in paragraph at lines 455--457
 $[] \/cmr/m/n/10 =
 []


Overfull \hbox (24.53053pt too wide) in paragraph at lines 455--457
[]$ 
 []


Overfull \hbox (4.44444pt too wide) in paragraph at lines 455--457
\/cmr/m/n/10 ^^Se
 []


Overfull \hbox (36.89233pt too wide) in paragraph at lines 455--457
\OMS/cmsy/m/n/10 4\OML/cmm/m/it/10 HBM$
 []


Overfull \hbox (5.00002pt too wide) in paragraph at lines 455--457
\/cmr/m/n/10 ^^Ra
 []


Overfull \hbox (33.41943pt too wide) in paragraph at lines 455--457
\OMS/cmsy/m/n/10 4\OML/cmm/m/it/10 QAH$
 []


Overfull \hbox (5.00002pt too wide) in paragraph at lines 455--457
\/cmr/m/n/10 ^^So 
 []

Missing character: There is no . in font nullfont!

Overfull \hbox (35.08604pt too wide) in paragraph at lines 458--459
[] \/cmr/m/n/10 =
 []


Overfull \hbox (28.00343pt too wide) in paragraph at lines 458--459
[]$ 
 []

Missing character: There is no . in font nullfont!

Overfull \hbox (38.55894pt too wide) in paragraph at lines 459--460
[] \/cmr/m/n/10 =
 []


Overfull \hbox (24.53053pt too wide) in paragraph at lines 459--460
[]$ 
 []

Missing character: There is no V in font nullfont!

! LaTeX Error: Unicode character ^^e1^^ba^^ad (U+1EAD)
               not set up for use with LaTeX.

See the LaTeX manual or LaTeX Companion for explanation.
Type  H <return>  for immediate help.
 ...                                              
                                                  
l.461 ^^I^^I^^IV^^e1^^ba^^ad
                            y $\triangle HBM\sim\triangle QAH$ (g^^c3^^b3c -...

You may provide a definition with
\DeclareUnicodeCharacter 

Missing character: There is no y in font nullfont!
Missing character: There is no ( in font nullfont!
Missing character: There is no g in font nullfont!
Missing character: There is no c in font nullfont!
Missing character: There is no - in font nullfont!
Missing character: There is no g in font nullfont!
Missing character: There is no c in font nullfont!
Missing character: There is no ) in font nullfont!
Missing character: There is no . in font nullfont!
! Undefined control sequence.
l.461 ...3^^b3c - g^^c3^^b3c). $\Rightarrow \dfrac
                                                  {MH}{HQ}=\dfrac{MB}{AH}$.\...
The control sequence at the end of the top line
of your error message was never \def'ed. If you have
misspelled it (e.g., `\hobx'), type `I' and the correct
spelling (e.g., `I\hbox'). Otherwise just continue,
and I'll forget about whatever was undefined.

! Undefined control sequence.
l.461 ...^b3c). $\Rightarrow \dfrac{MH}{HQ}=\dfrac
                                                  {MB}{AH}$.\hfill$(1)$\\
The control sequence at the end of the top line
of your error message was never \def'ed. If you have
misspelled it (e.g., `\hobx'), type `I' and the correct
spelling (e.g., `I\hbox'). Otherwise just continue,
and I'll forget about whatever was undefined.

Missing character: There is no . in font nullfont!
Missing character: There is no T in font nullfont!
Missing character: There is no a in font nullfont!
Missing character: There is no c in font nullfont!

Overfull \hbox (47.44785pt too wide) in paragraph at lines 461--463
 $\OMS/cmsy/m/n/10 4\OML/cmm/m/it/10 HBM \OMS/cmsy/m/n/10 ^^X
 []


Overfull \hbox (33.41943pt too wide) in paragraph at lines 461--463
\OMS/cmsy/m/n/10 4\OML/cmm/m/it/10 QAH$
 []


Overfull \hbox (5.00002pt too wide) in paragraph at lines 461--463
\/cmr/m/n/10 ^^So
 []


Overfull \hbox (5.00002pt too wide) in paragraph at lines 461--463
\/cmr/m/n/10 ^^So
 []


Overfull \hbox (10.00002pt too wide) in paragraph at lines 461--463
\OMS/cmsy/m/n/10 )
 []


Overfull \hbox (47.50266pt too wide) in paragraph at lines 461--463
[][] \/cmr/m/n/10 =
 []


Overfull \hbox (35.50345pt too wide) in paragraph at lines 461--463
[][]$
 []


Overfull \hbox (12.77782pt too wide) in paragraph at lines 461--463
\/cmr/m/n/10 (1)$ 
 []


Overfull \hbox (5.00002pt too wide) in paragraph at lines 461--463
\/cmr/m/n/10 ^^So 
 []

Missing character: There is no ( in font nullfont!

! LaTeX Error: Command \dj unavailable in encoding .

See the LaTeX manual or LaTeX Companion for explanation.
Type  H <return>  for immediate help.
 ...                                              
                                                  
l.464 ...m $\widehat{AHF}=\widehat{CHD}$ (^^c4^^91
                                                  ^^e1^^bb^^91i ^^c4^^91^^e1...

Your command was ignored.
Type  I <command> <return>  to replace it with another command,
or  <return>  to continue without it.


! LaTeX Error: Unicode character ^^e1^^bb^^91 (U+1ED1)
               not set up for use with LaTeX.

See the LaTeX manual or LaTeX Companion for explanation.
Type  H <return>  for immediate help.
 ...                                              
                                                  
l.464 ...AHF}=\widehat{CHD}$ (^^c4^^91^^e1^^bb^^91
                                                  i ^^c4^^91^^e1^^bb^^89nh).
You may provide a definition with
\DeclareUnicodeCharacter 

Missing character: There is no i in font nullfont!

! LaTeX Error: Command \dj unavailable in encoding .

See the LaTeX manual or LaTeX Companion for explanation.
Type  H <return>  for immediate help.
 ...                                              
                                                  
l.464 ...hat{CHD}$ (^^c4^^91^^e1^^bb^^91i ^^c4^^91
                                                  ^^e1^^bb^^89nh).
Your command was ignored.
Type  I <command> <return>  to replace it with another command,
or  <return>  to continue without it.


! LaTeX Error: Unicode character ^^e1^^bb^^89 (U+1EC9)
               not set up for use with LaTeX.

See the LaTeX manual or LaTeX Companion for explanation.
Type  H <return>  for immediate help.
 ...                                              
                                                  
l.464 ...^c4^^91^^e1^^bb^^91i ^^c4^^91^^e1^^bb^^89
                                                  nh).
You may provide a definition with
\DeclareUnicodeCharacter 

Missing character: There is no n in font nullfont!
Missing character: There is no h in font nullfont!
Missing character: There is no ) in font nullfont!
Missing character: There is no . in font nullfont!

Overfull \hbox (34.99995pt too wide) in paragraph at lines 464--465
[] \/cmr/m/n/10 =
 []


Overfull \hbox (25.5444pt too wide) in paragraph at lines 464--465
[]$ 
 []

Missing character: There is no ( in font nullfont!
Missing character: There is no h in font nullfont!
Missing character: There is no a in font nullfont!
Missing character: There is no i in font nullfont!
Missing character: There is no g in font nullfont!
Missing character: There is no c in font nullfont!
Missing character: There is no n in font nullfont!
Missing character: There is no h in font nullfont!

! LaTeX Error: Unicode character ^^e1^^bb^^8d (U+1ECD)
               not set up for use with LaTeX.

See the LaTeX manual or LaTeX Companion for explanation.
Type  H <return>  for immediate help.
 ...                                              
                                                  
l.465 ...=90^\circ$ (hai g^^c3^^b3c nh^^e1^^bb^^8d
                                                  n trong $\triangle AHF$ vu...

You may provide a definition with
\DeclareUnicodeCharacter 

Missing character: There is no n in font nullfont!
Missing character: There is no t in font nullfont!
Missing character: There is no r in font nullfont!
Missing character: There is no o in font nullfont!
Missing character: There is no n in font nullfont!
Missing character: There is no g in font nullfont!
Missing character: There is no v in font nullfont!
Missing character: There is no u in font nullfont!
Missing character: There is no n in font nullfont!
Missing character: There is no g in font nullfont!
Missing character: There is no t in font nullfont!

! LaTeX Error: Unicode character ^^e1^^ba^^a1 (U+1EA1)
               not set up for use with LaTeX.

See the LaTeX manual or LaTeX Companion for explanation.
Type  H <return>  for immediate help.
 ...                                              
                                                  
l.465 ...\triangle AHF$ vu^^c3^^b4ng t^^e1^^ba^^a1
                                                  i $F$).
You may provide a definition with
\DeclareUnicodeCharacter 

Missing character: There is no i in font nullfont!
Missing character: There is no ) in font nullfont!
Missing character: There is no . in font nullfont!

Overfull \hbox (32.22224pt too wide) in paragraph at lines 465--466
[] \/cmr/m/n/10 +
 []


Overfull \hbox (34.99995pt too wide) in paragraph at lines 465--466
[] \/cmr/m/n/10 =
 []


Overfull \hbox (14.59726pt too wide) in paragraph at lines 465--466
\/cmr/m/n/10 90[]$
 []


Overfull \hbox (5.00002pt too wide) in paragraph at lines 465--466
\/cmr/m/n/10 ^^So
 []


Overfull \hbox (33.33334pt too wide) in paragraph at lines 465--466
\OMS/cmsy/m/n/10 4\OML/cmm/m/it/10 AHF$
 []


Overfull \hbox (5.00002pt too wide) in paragraph at lines 465--466
\/cmr/m/n/10 ^o
 []


Overfull \hbox (7.81946pt too wide) in paragraph at lines 465--466
\OML/cmm/m/it/10 F$ 
 []

Missing character: There is no ( in font nullfont!
Missing character: There is no h in font nullfont!
Missing character: There is no a in font nullfont!
Missing character: There is no i in font nullfont!
Missing character: There is no g in font nullfont!
Missing character: There is no c in font nullfont!
Missing character: There is no n in font nullfont!
Missing character: There is no h in font nullfont!

! LaTeX Error: Unicode character ^^e1^^bb^^8d (U+1ECD)
               not set up for use with LaTeX.

See the LaTeX manual or LaTeX Companion for explanation.
Type  H <return>  for immediate help.
 ...                                              
                                                  
l.466 ...=90^\circ$ (hai g^^c3^^b3c nh^^e1^^bb^^8d
                                                  n trong $\triangle DHC$ vu...

You may provide a definition with
\DeclareUnicodeCharacter 

Missing character: There is no n in font nullfont!
Missing character: There is no t in font nullfont!
Missing character: There is no r in font nullfont!
Missing character: There is no o in font nullfont!
Missing character: There is no n in font nullfont!
Missing character: There is no g in font nullfont!
Missing character: There is no v in font nullfont!
Missing character: There is no u in font nullfont!
Missing character: There is no n in font nullfont!
Missing character: There is no g in font nullfont!
Missing character: There is no t in font nullfont!

! LaTeX Error: Unicode character ^^e1^^ba^^a1 (U+1EA1)
               not set up for use with LaTeX.

See the LaTeX manual or LaTeX Companion for explanation.
Type  H <return>  for immediate help.
 ...                                              
                                                  
l.466 ...\triangle DHC$ vu^^c3^^b4ng t^^e1^^ba^^a1
                                                  i $D$).
You may provide a definition with
\DeclareUnicodeCharacter 

Missing character: There is no i in font nullfont!
Missing character: There is no ) in font nullfont!
Missing character: There is no . in font nullfont!

Overfull \hbox (33.3222pt too wide) in paragraph at lines 466--467
[] \/cmr/m/n/10 +
 []


Overfull \hbox (36.09991pt too wide) in paragraph at lines 466--467
[] \/cmr/m/n/10 =
 []


Overfull \hbox (14.59726pt too wide) in paragraph at lines 466--467
\/cmr/m/n/10 90[]$
 []


Overfull \hbox (5.00002pt too wide) in paragraph at lines 466--467
\/cmr/m/n/10 ^^So
 []


Overfull \hbox (34.4333pt too wide) in paragraph at lines 466--467
\OMS/cmsy/m/n/10 4\OML/cmm/m/it/10 DHC$
 []


Overfull \hbox (5.00002pt too wide) in paragraph at lines 466--467
\/cmr/m/n/10 ^o
 []


Overfull \hbox (8.55695pt too wide) in paragraph at lines 466--467
\OML/cmm/m/it/10 D$ 
 []

Missing character: There is no V in font nullfont!

! LaTeX Error: Unicode character ^^e1^^ba^^ad (U+1EAD)
               not set up for use with LaTeX.

See the LaTeX manual or LaTeX Companion for explanation.
Type  H <return>  for immediate help.
 ...                                              
                                                  
l.468 ^^I^^I^^IV^^e1^^ba^^ad
                            y $\widehat{FAH}=\widehat{HCD}$.\\
You may provide a definition with
\DeclareUnicodeCharacter 

Missing character: There is no y in font nullfont!
Missing character: There is no . in font nullfont!
Missing character: There is no T in font nullfont!
Missing character: There is no a in font nullfont!
Missing character: There is no c in font nullfont!

Overfull \hbox (34.99995pt too wide) in paragraph at lines 468--470
 $[] \/cmr/m/n/10 =
 []


Overfull \hbox (25.5444pt too wide) in paragraph at lines 468--470
[]$ 
 []


Overfull \hbox (5.00002pt too wide) in paragraph at lines 468--470
\/cmr/m/n/10 ^^So 
 []

Missing character: There is no ( in font nullfont!

! LaTeX Error: Command \dj unavailable in encoding .

See the LaTeX manual or LaTeX Companion for explanation.
Type  H <return>  for immediate help.
 ...                                              
                                                  
l.471 ...m $\widehat{FHP}=\widehat{CHQ}$ (^^c4^^91
                                                  ^^e1^^bb^^91i ^^c4^^91^^e1...

Your command was ignored.
Type  I <command> <return>  to replace it with another command,
or  <return>  to continue without it.


! LaTeX Error: Unicode character ^^e1^^bb^^91 (U+1ED1)
               not set up for use with LaTeX.

See the LaTeX manual or LaTeX Companion for explanation.
Type  H <return>  for immediate help.
 ...                                              
                                                  
l.471 ...FHP}=\widehat{CHQ}$ (^^c4^^91^^e1^^bb^^91
                                                  i ^^c4^^91^^e1^^bb^^89nh).
You may provide a definition with
\DeclareUnicodeCharacter 

Missing character: There is no i in font nullfont!

! LaTeX Error: Command \dj unavailable in encoding .

See the LaTeX manual or LaTeX Companion for explanation.
Type  H <return>  for immediate help.
 ...                                              
                                                  
l.471 ...hat{CHQ}$ (^^c4^^91^^e1^^bb^^91i ^^c4^^91
                                                  ^^e1^^bb^^89nh).
Your command was ignored.
Type  I <command> <return>  to replace it with another command,
or  <return>  to continue without it.


! LaTeX Error: Unicode character ^^e1^^bb^^89 (U+1EC9)
               not set up for use with LaTeX.

See the LaTeX manual or LaTeX Companion for explanation.
Type  H <return>  for immediate help.
 ...                                              
                                                  
l.471 ...^c4^^91^^e1^^bb^^91i ^^c4^^91^^e1^^bb^^89
                                                  nh).
You may provide a definition with
\DeclareUnicodeCharacter 

Missing character: There is no n in font nullfont!
Missing character: There is no h in font nullfont!
Missing character: There is no ) in font nullfont!
Missing character: There is no . in font nullfont!

Overfull \hbox (35.30898pt too wide) in paragraph at lines 471--472
[] \/cmr/m/n/10 =
 []


Overfull \hbox (24.893pt too wide) in paragraph at lines 471--472
[]$ 
 []

Missing character: There is no ( in font nullfont!
Missing character: There is no h in font nullfont!
Missing character: There is no a in font nullfont!
Missing character: There is no i in font nullfont!
Missing character: There is no g in font nullfont!
Missing character: There is no c in font nullfont!
Missing character: There is no n in font nullfont!
Missing character: There is no h in font nullfont!

! LaTeX Error: Unicode character ^^e1^^bb^^8d (U+1ECD)
               not set up for use with LaTeX.

See the LaTeX manual or LaTeX Companion for explanation.
Type  H <return>  for immediate help.
 ...                                              
                                                  
l.472 ...=90^\circ$ (hai g^^c3^^b3c nh^^e1^^bb^^8d
                                                  n trong $\triangle FPH$ vu...

You may provide a definition with
\DeclareUnicodeCharacter 

Missing character: There is no n in font nullfont!
Missing character: There is no t in font nullfont!
Missing character: There is no r in font nullfont!
Missing character: There is no o in font nullfont!
Missing character: There is no n in font nullfont!
Missing character: There is no g in font nullfont!
Missing character: There is no v in font nullfont!
Missing character: There is no u in font nullfont!
Missing character: There is no n in font nullfont!
Missing character: There is no g in font nullfont!
Missing character: There is no t in font nullfont!

! LaTeX Error: Unicode character ^^e1^^ba^^a1 (U+1EA1)
               not set up for use with LaTeX.

See the LaTeX manual or LaTeX Companion for explanation.
Type  H <return>  for immediate help.
 ...                                              
                                                  
l.472 ...\triangle FPH$ vu^^c3^^b4ng t^^e1^^ba^^a1
                                                  i $E$).
You may provide a definition with
\DeclareUnicodeCharacter 

Missing character: There is no i in font nullfont!
Missing character: There is no ) in font nullfont!
Missing character: There is no . in font nullfont!

Overfull \hbox (32.53127pt too wide) in paragraph at lines 472--473
[] \/cmr/m/n/10 +
 []


Overfull \hbox (35.30898pt too wide) in paragraph at lines 472--473
[] \/cmr/m/n/10 =
 []


Overfull \hbox (14.59726pt too wide) in paragraph at lines 472--473
\/cmr/m/n/10 90[]$
 []


Overfull \hbox (5.00002pt too wide) in paragraph at lines 472--473
\/cmr/m/n/10 ^^So
 []


Overfull \hbox (33.64236pt too wide) in paragraph at lines 472--473
\OMS/cmsy/m/n/10 4\OML/cmm/m/it/10 FPH$
 []


Overfull \hbox (5.00002pt too wide) in paragraph at lines 472--473
\/cmr/m/n/10 ^o
 []


Overfull \hbox (7.95831pt too wide) in paragraph at lines 472--473
\OML/cmm/m/it/10 E$ 
 []

Missing character: There is no ( in font nullfont!
Missing character: There is no ) in font nullfont!
Missing character: There is no . in font nullfont!

Overfull \hbox (32.6708pt too wide) in paragraph at lines 473--474
[] \/cmr/m/n/10 +
 []


Overfull \hbox (38.33463pt too wide) in paragraph at lines 473--474
[] \/cmr/m/n/10 =
 []


Overfull \hbox (14.59726pt too wide) in paragraph at lines 473--474
\/cmr/m/n/10 90[]$
 []


Overfull \hbox (27.58603pt too wide) in paragraph at lines 473--474
\OML/cmm/m/it/10 QH \OMS/cmsy/m/n/10 ?
 []


Overfull \hbox (19.91663pt too wide) in paragraph at lines 473--474
\OML/cmm/m/it/10 HM$ 
 []

Missing character: There is no V in font nullfont!

! LaTeX Error: Unicode character ^^e1^^ba^^ad (U+1EAD)
               not set up for use with LaTeX.

See the LaTeX manual or LaTeX Companion for explanation.
Type  H <return>  for immediate help.
 ...                                              
                                                  
l.475 ^^I^^I^^IV^^e1^^ba^^ad
                            y $\widehat{APH}=\widehat{CHM}$.\\
You may provide a definition with
\DeclareUnicodeCharacter 

Missing character: There is no y in font nullfont!
Missing character: There is no . in font nullfont!
Missing character: There is no X in font nullfont!
Missing character: There is no t in font nullfont!
Missing character: There is no v in font nullfont!
Missing character: There is no c in font nullfont!

Overfull \hbox (34.98953pt too wide) in paragraph at lines 475--477
 $[] \/cmr/m/n/10 =
 []


Overfull \hbox (27.77911pt too wide) in paragraph at lines 475--477
[]$ 
 []


Overfull \hbox (4.44444pt too wide) in paragraph at lines 475--477
\/cmr/m/n/10 ^^Se
 []


Overfull \hbox (36.66801pt too wide) in paragraph at lines 475--477
\OMS/cmsy/m/n/10 4\OML/cmm/m/it/10 HMC$
 []


Overfull \hbox (5.00002pt too wide) in paragraph at lines 475--477
\/cmr/m/n/10 ^^Ra
 []


Overfull \hbox (33.32292pt too wide) in paragraph at lines 475--477
\OMS/cmsy/m/n/10 4\OML/cmm/m/it/10 PHA$
 []


Overfull \hbox (5.00002pt too wide) in paragraph at lines 475--477
\/cmr/m/n/10 ^^So 
 []

Missing character: There is no . in font nullfont!

Overfull \hbox (34.98953pt too wide) in paragraph at lines 478--479
[] \/cmr/m/n/10 =
 []


Overfull \hbox (27.77911pt too wide) in paragraph at lines 478--479
[]$ 
 []

Missing character: There is no . in font nullfont!

Overfull \hbox (34.98953pt too wide) in paragraph at lines 479--480
[] \/cmr/m/n/10 =
 []


Overfull \hbox (27.77911pt too wide) in paragraph at lines 479--480
[]$ 
 []

Missing character: There is no V in font nullfont!

! LaTeX Error: Unicode character ^^e1^^ba^^ad (U+1EAD)
               not set up for use with LaTeX.

See the LaTeX manual or LaTeX Companion for explanation.
Type  H <return>  for immediate help.
 ...                                              
                                                  
l.481 ^^I^^I^^IV^^e1^^ba^^ad
                            y $\triangle HMC\sim\triangle PHA$ (g^^c3^^b3c -...

You may provide a definition with
\DeclareUnicodeCharacter 

Missing character: There is no y in font nullfont!
Missing character: There is no ( in font nullfont!
Missing character: There is no g in font nullfont!
Missing character: There is no c in font nullfont!
Missing character: There is no - in font nullfont!
Missing character: There is no g in font nullfont!
Missing character: There is no c in font nullfont!
Missing character: There is no ) in font nullfont!
Missing character: There is no . in font nullfont!
! Undefined control sequence.
l.481 ...3^^b3c - g^^c3^^b3c). $\Rightarrow \dfrac
                                                  {MH}{HP}=\dfrac{MC}{AH}$.\...
The control sequence at the end of the top line
of your error message was never \def'ed. If you have
misspelled it (e.g., `\hobx'), type `I' and the correct
spelling (e.g., `I\hbox'). Otherwise just continue,
and I'll forget about whatever was undefined.

! Undefined control sequence.
l.481 ...^b3c). $\Rightarrow \dfrac{MH}{HP}=\dfrac
                                                  {MC}{AH}$.\hfill$(2)$\\
The control sequence at the end of the top line
of your error message was never \def'ed. If you have
misspelled it (e.g., `\hobx'), type `I' and the correct
spelling (e.g., `I\hbox'). Otherwise just continue,
and I'll forget about whatever was undefined.

Missing character: There is no . in font nullfont!
Missing character: There is no T in font nullfont!

! LaTeX Error: Unicode character ^^e1^^bb^^ab (U+1EEB)
               not set up for use with LaTeX.

See the LaTeX manual or LaTeX Companion for explanation.
Type  H <return>  for immediate help.
 ...                                              
                                                  
l.482 ^^I^^I^^IT^^e1^^bb^^ab
                             $(1)$ v^^c3^^a0 $(2)$ ta c^^c3^^b3 $\dfrac{MH}{...

You may provide a definition with
\DeclareUnicodeCharacter 

Missing character: There is no v in font nullfont!
Missing character: There is no t in font nullfont!
Missing character: There is no a in font nullfont!
Missing character: There is no c in font nullfont!
! Undefined control sequence.
<recently read> \dfrac 
                       
l.482 ...(1)$ v^^c3^^a0 $(2)$ ta c^^c3^^b3 $\dfrac
                                                  {MH}{HQ}=\dfrac{MB}{AH}=\d...
The control sequence at the end of the top line
of your error message was never \def'ed. If you have
misspelled it (e.g., `\hobx'), type `I' and the correct
spelling (e.g., `I\hbox'). Otherwise just continue,
and I'll forget about whatever was undefined.

! Undefined control sequence.
l.482 ...$(2)$ ta c^^c3^^b3 $\dfrac{MH}{HQ}=\dfrac
                                                  {MB}{AH}=\dfrac{MC}{AH}=\d...
The control sequence at the end of the top line
of your error message was never \def'ed. If you have
misspelled it (e.g., `\hobx'), type `I' and the correct
spelling (e.g., `I\hbox'). Otherwise just continue,
and I'll forget about whatever was undefined.

! Undefined control sequence.
l.482 ...^b3 $\dfrac{MH}{HQ}=\dfrac{MB}{AH}=\dfrac
                                                  {MC}{AH}=\dfrac{MH}{HP}\Ri...
The control sequence at the end of the top line
of your error message was never \def'ed. If you have
misspelled it (e.g., `\hobx'), type `I' and the correct
spelling (e.g., `I\hbox'). Otherwise just continue,
and I'll forget about whatever was undefined.

! Undefined control sequence.
l.482 ...{HQ}=\dfrac{MB}{AH}=\dfrac{MC}{AH}=\dfrac
                                                  {MH}{HP}\Rightarrow\dfrac{...
The control sequence at the end of the top line
of your error message was never \def'ed. If you have
misspelled it (e.g., `\hobx'), type `I' and the correct
spelling (e.g., `I\hbox'). Otherwise just continue,
and I'll forget about whatever was undefined.

! Undefined control sequence.
l.482 ...c{MC}{AH}=\dfrac{MH}{HP}\Rightarrow\dfrac
                                                  {MH}{HQ}\dfrac{MH}{HP}\Rig...
The control sequence at the end of the top line
of your error message was never \def'ed. If you have
misspelled it (e.g., `\hobx'), type `I' and the correct
spelling (e.g., `I\hbox'). Otherwise just continue,
and I'll forget about whatever was undefined.

! Undefined control sequence.
l.482 ...ac{MH}{HP}\Rightarrow\dfrac{MH}{HQ}\dfrac
                                                  {MH}{HP}\Rightarrow HP=HQ$.
The control sequence at the end of the top line
of your error message was never \def'ed. If you have
misspelled it (e.g., `\hobx'), type `I' and the correct
spelling (e.g., `I\hbox'). Otherwise just continue,
and I'll forget about whatever was undefined.

Missing character: There is no . in font nullfont!

Overfull \hbox (47.22353pt too wide) in paragraph at lines 481--483
 $\OMS/cmsy/m/n/10 4\OML/cmm/m/it/10 HMC \OMS/cmsy/m/n/10 ^^X
 []


Overfull \hbox (33.32292pt too wide) in paragraph at lines 481--483
\OMS/cmsy/m/n/10 4\OML/cmm/m/it/10 PHA$
 []


Overfull \hbox (5.00002pt too wide) in paragraph at lines 481--483
\/cmr/m/n/10 ^^So
 []


Overfull \hbox (5.00002pt too wide) in paragraph at lines 481--483
\/cmr/m/n/10 ^^So
 []


Overfull \hbox (10.00002pt too wide) in paragraph at lines 481--483
\OMS/cmsy/m/n/10 )
 []


Overfull \hbox (47.40614pt too wide) in paragraph at lines 481--483
[][] \/cmr/m/n/10 =
 []


Overfull \hbox (35.27913pt too wide) in paragraph at lines 481--483
[][]$
 []


Overfull \hbox (12.77782pt too wide) in paragraph at lines 481--483
\/cmr/m/n/10 (2)$ 
 []


Overfull \hbox (12.77782pt too wide) in paragraph at lines 481--483
\/cmr/m/n/10 (1)$
 []


Overfull \hbox (5.00002pt too wide) in paragraph at lines 481--483
\/cmr/m/n/10 ^^Ra
 []


Overfull \hbox (12.77782pt too wide) in paragraph at lines 481--483
\/cmr/m/n/10 (2)$
 []


Overfull \hbox (5.00002pt too wide) in paragraph at lines 481--483
\/cmr/m/n/10 ^^So
 []


Overfull \hbox (47.50266pt too wide) in paragraph at lines 481--483
[][] \/cmr/m/n/10 =
 []


Overfull \hbox (46.05896pt too wide) in paragraph at lines 481--483
[][] \/cmr/m/n/10 =
 []


Overfull \hbox (45.83464pt too wide) in paragraph at lines 481--483
[][] \/cmr/m/n/10 =
 []


Overfull \hbox (49.62836pt too wide) in paragraph at lines 481--483
[][] \OMS/cmsy/m/n/10 )
 []


Overfull \hbox (86.5755pt too wide) in paragraph at lines 481--483
[][][][] \OMS/cmsy/m/n/10 )
 []


Overfull \hbox (27.48952pt too wide) in paragraph at lines 481--483
\OML/cmm/m/it/10 HP \/cmr/m/n/10 =
 []


Overfull \hbox (17.03052pt too wide) in paragraph at lines 481--483
\OML/cmm/m/it/10 HQ$ 
 []

! Undefined control sequence.
l.484 ^^I^^I^^I\immini
                      {
The control sequence at the end of the top line
of your error message was never \def'ed. If you have
misspelled it (e.g., `\hobx'), type `I' and the correct
spelling (e.g., `I\hbox'). Otherwise just continue,
and I'll forget about whatever was undefined.

Missing character: There is no G in font nullfont!

! LaTeX Error: Unicode character ^^e1^^bb^^8d (U+1ECD)
               not set up for use with LaTeX.

See the LaTeX manual or LaTeX Companion for explanation.
Type  H <return>  for immediate help.
 ...                                              
                                                  
l.485 ...bf{\textit{C^^c3^^a1ch 2:}} G^^e1^^bb^^8d
                                                  i $K$ l^^c3^^a0 ^^c4^^91i^...

You may provide a definition with
\DeclareUnicodeCharacter 

Missing character: There is no i in font nullfont!
Missing character: There is no l in font nullfont!

! LaTeX Error: Command \dj unavailable in encoding .

See the LaTeX manual or LaTeX Companion for explanation.
Type  H <return>  for immediate help.
 ...                                              
                                                  
l.485 ...:}} G^^e1^^bb^^8di $K$ l^^c3^^a0 ^^c4^^91
                                                  i^^e1^^bb^^83m ^^c4^^91^^e...

Your command was ignored.
Type  I <command> <return>  to replace it with another command,
or  <return>  to continue without it.

Missing character: There is no i in font nullfont!

! LaTeX Error: Unicode character ^^e1^^bb^^83 (U+1EC3)
               not set up for use with LaTeX.

See the LaTeX manual or LaTeX Companion for explanation.
Type  H <return>  for immediate help.
 ...                                              
                                                  
l.485 ...^^8di $K$ l^^c3^^a0 ^^c4^^91i^^e1^^bb^^83
                                                  m ^^c4^^91^^e1^^bb^^91i x^...

You may provide a definition with
\DeclareUnicodeCharacter 

Missing character: There is no m in font nullfont!

! LaTeX Error: Command \dj unavailable in encoding .

See the LaTeX manual or LaTeX Companion for explanation.
Type  H <return>  for immediate help.
 ...                                              
                                                  
l.485 ...l^^c3^^a0 ^^c4^^91i^^e1^^bb^^83m ^^c4^^91
                                                  ^^e1^^bb^^91i x^^e1^^bb^^a...

Your command was ignored.
Type  I <command> <return>  to replace it with another command,
or  <return>  to continue without it.


! LaTeX Error: Unicode character ^^e1^^bb^^91 (U+1ED1)
               not set up for use with LaTeX.

See the LaTeX manual or LaTeX Companion for explanation.
Type  H <return>  for immediate help.
 ...                                              
                                                  
l.485 ...c4^^91i^^e1^^bb^^83m ^^c4^^91^^e1^^bb^^91
                                                  i x^^e1^^bb^^a9ng c^^e1^^b...

You may provide a definition with
\DeclareUnicodeCharacter 

Missing character: There is no i in font nullfont!
Missing character: There is no x in font nullfont!

! LaTeX Error: Unicode character ^^e1^^bb^^a9 (U+1EE9)
               not set up for use with LaTeX.

See the LaTeX manual or LaTeX Companion for explanation.
Type  H <return>  for immediate help.
 ...                                              
                                                  
l.485 ...^^83m ^^c4^^91^^e1^^bb^^91i x^^e1^^bb^^a9
                                                  ng c^^e1^^bb^^a7a $C$ qua ...

You may provide a definition with
\DeclareUnicodeCharacter 

Missing character: There is no n in font nullfont!
Missing character: There is no g in font nullfont!
Missing character: There is no c in font nullfont!

! LaTeX Error: Unicode character ^^e1^^bb^^a7 (U+1EE7)
               not set up for use with LaTeX.

See the LaTeX manual or LaTeX Companion for explanation.
Type  H <return>  for immediate help.
 ...                                              
                                                  
l.485 ...e1^^bb^^91i x^^e1^^bb^^a9ng c^^e1^^bb^^a7
                                                  a $C$ qua $H$,\\
You may provide a definition with
\DeclareUnicodeCharacter 

Missing character: There is no a in font nullfont!
Missing character: There is no q in font nullfont!
Missing character: There is no u in font nullfont!
Missing character: There is no a in font nullfont!
Missing character: There is no , in font nullfont!
Missing character: There is no X in font nullfont!
Missing character: There is no t in font nullfont!
Missing character: There is no c in font nullfont!

Overfull \hbox (25.41081pt too wide) in paragraph at lines 485--487
[]\OT1/cmr/bx/it/10 C^^Sach
 []


Overfull \hbox (9.46657pt too wide) in paragraph at lines 485--487
\OT1/cmr/bx/it/10 2:
 []


Overfull \hbox (9.20833pt too wide) in paragraph at lines 485--487
\OML/cmm/m/it/10 K$
 []


Overfull \hbox (5.00002pt too wide) in paragraph at lines 485--487
\/cmr/m/n/10 ^^Ra
 []


Overfull \hbox (7.86249pt too wide) in paragraph at lines 485--487
\OML/cmm/m/it/10 C$
 []


Overfull \hbox (9.12497pt too wide) in paragraph at lines 485--487
\OML/cmm/m/it/10 H$ 
 []


Overfull \hbox (4.44444pt too wide) in paragraph at lines 485--487
\/cmr/m/n/10 ^^Se
 []


Overfull \hbox (34.04652pt too wide) in paragraph at lines 485--487
\OMS/cmsy/m/n/10 4\OML/cmm/m/it/10 CBK$
 []


Overfull \hbox (5.00002pt too wide) in paragraph at lines 485--487
\/cmr/m/n/10 ^^So 
 []

Missing character: There is no l in font nullfont!
Missing character: There is no t in font nullfont!
Missing character: There is no r in font nullfont!
Missing character: There is no u in font nullfont!
Missing character: There is no n in font nullfont!
Missing character: There is no g in font nullfont!

! LaTeX Error: Command \dj unavailable in encoding .

See the LaTeX manual or LaTeX Companion for explanation.
Type  H <return>  for immediate help.
 ...                                              
                                                  
l.488 ...I^^I^^I\item $M$ l^^c3^^a0 trung ^^c4^^91
                                                  i^^e1^^bb^^83m c^^e1^^bb^^...

Your command was ignored.
Type  I <command> <return>  to replace it with another command,
or  <return>  to continue without it.

Missing character: There is no i in font nullfont!

! LaTeX Error: Unicode character ^^e1^^bb^^83 (U+1EC3)
               not set up for use with LaTeX.

See the LaTeX manual or LaTeX Companion for explanation.
Type  H <return>  for immediate help.
 ...                                              
                                                  
l.488 ...$M$ l^^c3^^a0 trung ^^c4^^91i^^e1^^bb^^83
                                                  m c^^e1^^bb^^a7a $BC$.
You may provide a definition with
\DeclareUnicodeCharacter 

Missing character: There is no m in font nullfont!
Missing character: There is no c in font nullfont!

! LaTeX Error: Unicode character ^^e1^^bb^^a7 (U+1EE7)
               not set up for use with LaTeX.

See the LaTeX manual or LaTeX Companion for explanation.
Type  H <return>  for immediate help.
 ...                                              
                                                  
l.488 ...rung ^^c4^^91i^^e1^^bb^^83m c^^e1^^bb^^a7
                                                  a $BC$.
You may provide a definition with
\DeclareUnicodeCharacter 

Missing character: There is no a in font nullfont!
Missing character: There is no . in font nullfont!

Overfull \hbox (10.79166pt too wide) in paragraph at lines 488--489
\OML/cmm/m/it/10 M$
 []


Overfull \hbox (5.00002pt too wide) in paragraph at lines 488--489
\/cmr/m/n/10 ^^Ra
 []


Overfull \hbox (15.9493pt too wide) in paragraph at lines 488--489
\OML/cmm/m/it/10 BC$ 
 []

Missing character: There is no l in font nullfont!
Missing character: There is no t in font nullfont!
Missing character: There is no r in font nullfont!
Missing character: There is no u in font nullfont!
Missing character: There is no n in font nullfont!
Missing character: There is no g in font nullfont!

! LaTeX Error: Command \dj unavailable in encoding .

See the LaTeX manual or LaTeX Companion for explanation.
Type  H <return>  for immediate help.
 ...                                              
                                                  
l.489 ...I^^I^^I\item $H$ l^^c3^^a0 trung ^^c4^^91
                                                  i^^e1^^bb^^83m c^^e1^^bb^^...

Your command was ignored.
Type  I <command> <return>  to replace it with another command,
or  <return>  to continue without it.

Missing character: There is no i in font nullfont!

! LaTeX Error: Unicode character ^^e1^^bb^^83 (U+1EC3)
               not set up for use with LaTeX.

See the LaTeX manual or LaTeX Companion for explanation.
Type  H <return>  for immediate help.
 ...                                              
                                                  
l.489 ...$H$ l^^c3^^a0 trung ^^c4^^91i^^e1^^bb^^83
                                                  m c^^e1^^bb^^a7a $CK$.
You may provide a definition with
\DeclareUnicodeCharacter 

Missing character: There is no m in font nullfont!
Missing character: There is no c in font nullfont!

! LaTeX Error: Unicode character ^^e1^^bb^^a7 (U+1EE7)
               not set up for use with LaTeX.

See the LaTeX manual or LaTeX Companion for explanation.
Type  H <return>  for immediate help.
 ...                                              
                                                  
l.489 ...rung ^^c4^^91i^^e1^^bb^^83m c^^e1^^bb^^a7
                                                  a $CK$.
You may provide a definition with
\DeclareUnicodeCharacter 

Missing character: There is no a in font nullfont!
Missing character: There is no . in font nullfont!

Overfull \hbox (9.12497pt too wide) in paragraph at lines 489--490
\OML/cmm/m/it/10 H$
 []


Overfull \hbox (5.00002pt too wide) in paragraph at lines 489--490
\/cmr/m/n/10 ^^Ra
 []


Overfull \hbox (17.07082pt too wide) in paragraph at lines 489--490
\OML/cmm/m/it/10 CK$ 
 []


! LaTeX Error: Environment tikzpicture undefined.

See the LaTeX manual or LaTeX Companion for explanation.
Type  H <return>  for immediate help.
 ...                                              
                                                  
l.492 ^^I^^I^^I^^I\begin{tikzpicture}
                                     [scale=1, line join=round, line cap=rou...

Your command was ignored.
Type  I <command> <return>  to replace it with another command,
or  <return>  to continue without it.

Missing character: There is no [ in font nullfont!
Missing character: There is no s in font nullfont!
Missing character: There is no c in font nullfont!
Missing character: There is no a in font nullfont!
Missing character: There is no l in font nullfont!
Missing character: There is no e in font nullfont!
Missing character: There is no = in font nullfont!
Missing character: There is no 1 in font nullfont!
Missing character: There is no , in font nullfont!
Missing character: There is no l in font nullfont!
Missing character: There is no i in font nullfont!
Missing character: There is no n in font nullfont!
Missing character: There is no e in font nullfont!
Missing character: There is no j in font nullfont!
Missing character: There is no o in font nullfont!
Missing character: There is no i in font nullfont!
Missing character: There is no n in font nullfont!
Missing character: There is no = in font nullfont!
Missing character: There is no r in font nullfont!
Missing character: There is no o in font nullfont!
Missing character: There is no u in font nullfont!
Missing character: There is no n in font nullfont!
Missing character: There is no d in font nullfont!
Missing character: There is no , in font nullfont!
Missing character: There is no l in font nullfont!
Missing character: There is no i in font nullfont!
Missing character: There is no n in font nullfont!
Missing character: There is no e in font nullfont!
Missing character: There is no c in font nullfont!
Missing character: There is no a in font nullfont!
Missing character: There is no p in font nullfont!
Missing character: There is no = in font nullfont!
Missing character: There is no r in font nullfont!
Missing character: There is no o in font nullfont!
Missing character: There is no u in font nullfont!
Missing character: There is no n in font nullfont!
Missing character: There is no d in font nullfont!
Missing character: There is no , in font nullfont!
Missing character: There is no > in font nullfont!
Missing character: There is no = in font nullfont!
Missing character: There is no s in font nullfont!
Missing character: There is no t in font nullfont!
Missing character: There is no e in font nullfont!
Missing character: There is no a in font nullfont!
Missing character: There is no l in font nullfont!
Missing character: There is no t in font nullfont!
Missing character: There is no h in font nullfont!
Missing character: There is no ] in font nullfont!
! Undefined control sequence.
l.494 ^^I^^I^^I^^I\tkzInit
                          [ymin=-0.5,ymax=4.5,xmin=-2.5,xmax=6.5]
The control sequence at the end of the top line
of your error message was never \def'ed. If you have
misspelled it (e.g., `\hobx'), type `I' and the correct
spelling (e.g., `I\hbox'). Otherwise just continue,
and I'll forget about whatever was undefined.

Missing character: There is no [ in font nullfont!
Missing character: There is no y in font nullfont!
Missing character: There is no m in font nullfont!
Missing character: There is no i in font nullfont!
Missing character: There is no n in font nullfont!
Missing character: There is no = in font nullfont!
Missing character: There is no - in font nullfont!
Missing character: There is no 0 in font nullfont!
Missing character: There is no . in font nullfont!
Missing character: There is no 5 in font nullfont!
Missing character: There is no , in font nullfont!
Missing character: There is no y in font nullfont!
Missing character: There is no m in font nullfont!
Missing character: There is no a in font nullfont!
Missing character: There is no x in font nullfont!
Missing character: There is no = in font nullfont!
Missing character: There is no 4 in font nullfont!
Missing character: There is no . in font nullfont!
Missing character: There is no 5 in font nullfont!
Missing character: There is no , in font nullfont!
Missing character: There is no x in font nullfont!
Missing character: There is no m in font nullfont!
Missing character: There is no i in font nullfont!
Missing character: There is no n in font nullfont!
Missing character: There is no = in font nullfont!
Missing character: There is no - in font nullfont!
Missing character: There is no 2 in font nullfont!
Missing character: There is no . in font nullfont!
Missing character: There is no 5 in font nullfont!
Missing character: There is no , in font nullfont!
Missing character: There is no x in font nullfont!
Missing character: There is no m in font nullfont!
Missing character: There is no a in font nullfont!
Missing character: There is no x in font nullfont!
Missing character: There is no = in font nullfont!
Missing character: There is no 6 in font nullfont!
Missing character: There is no . in font nullfont!
Missing character: There is no 5 in font nullfont!
Missing character: There is no ] in font nullfont!
! Undefined control sequence.
l.497 ^^I^^I^^I^^I\tkzClip
                          
The control sequence at the end of the top line
of your error message was never \def'ed. If you have
misspelled it (e.g., `\hobx'), type `I' and the correct
spelling (e.g., `I\hbox'). Otherwise just continue,
and I'll forget about whatever was undefined.

! Undefined control sequence.
l.498 ^^I^^I^^I^^I\tkzSetUpPoint
                                [color=black,fill=black,size=6]
The control sequence at the end of the top line
of your error message was never \def'ed. If you have
misspelled it (e.g., `\hobx'), type `I' and the correct
spelling (e.g., `I\hbox'). Otherwise just continue,
and I'll forget about whatever was undefined.

Missing character: There is no [ in font nullfont!
Missing character: There is no c in font nullfont!
Missing character: There is no o in font nullfont!
Missing character: There is no l in font nullfont!
Missing character: There is no o in font nullfont!
Missing character: There is no r in font nullfont!
Missing character: There is no = in font nullfont!
Missing character: There is no b in font nullfont!
Missing character: There is no l in font nullfont!
Missing character: There is no a in font nullfont!
Missing character: There is no c in font nullfont!
Missing character: There is no k in font nullfont!
Missing character: There is no , in font nullfont!
Missing character: There is no f in font nullfont!
Missing character: There is no i in font nullfont!
Missing character: There is no l in font nullfont!
Missing character: There is no l in font nullfont!
Missing character: There is no = in font nullfont!
Missing character: There is no b in font nullfont!
Missing character: There is no l in font nullfont!
Missing character: There is no a in font nullfont!
Missing character: There is no c in font nullfont!
Missing character: There is no k in font nullfont!
Missing character: There is no , in font nullfont!
Missing character: There is no s in font nullfont!
Missing character: There is no i in font nullfont!
Missing character: There is no z in font nullfont!
Missing character: There is no e in font nullfont!
Missing character: There is no = in font nullfont!
Missing character: There is no 6 in font nullfont!
Missing character: There is no ] in font nullfont!
! Undefined control sequence.
l.500 ^^I^^I^^I^^I\tkzDefPoints
                               {0/0/B,2/4/A,6/0/C}
The control sequence at the end of the top line
of your error message was never \def'ed. If you have
misspelled it (e.g., `\hobx'), type `I' and the correct
spelling (e.g., `I\hbox'). Otherwise just continue,
and I'll forget about whatever was undefined.

Missing character: There is no 0 in font nullfont!
Missing character: There is no / in font nullfont!
Missing character: There is no 0 in font nullfont!
Missing character: There is no / in font nullfont!
Missing character: There is no B in font nullfont!
Missing character: There is no , in font nullfont!
Missing character: There is no 2 in font nullfont!
Missing character: There is no / in font nullfont!
Missing character: There is no 4 in font nullfont!
Missing character: There is no / in font nullfont!
Missing character: There is no A in font nullfont!
Missing character: There is no , in font nullfont!
Missing character: There is no 6 in font nullfont!
Missing character: There is no / in font nullfont!
Missing character: There is no 0 in font nullfont!
Missing character: There is no / in font nullfont!
Missing character: There is no C in font nullfont!
! Undefined control sequence.
l.501 ^^I^^I^^I^^I\tkzDrawPolygon
                                 (A,B,C)
The control sequence at the end of the top line
of your error message was never \def'ed. If you have
misspelled it (e.g., `\hobx'), type `I' and the correct
spelling (e.g., `I\hbox'). Otherwise just continue,
and I'll forget about whatever was undefined.

Missing character: There is no ( in font nullfont!
Missing character: There is no A in font nullfont!
Missing character: There is no , in font nullfont!
Missing character: There is no B in font nullfont!
Missing character: There is no , in font nullfont!
Missing character: There is no C in font nullfont!
Missing character: There is no ) in font nullfont!
! Undefined control sequence.
l.502 ^^I^^I^^I^^I\tkzDrawAltitude
                                  (B,C)(A)\tkzGetPoint{D}
The control sequence at the end of the top line
of your error message was never \def'ed. If you have
misspelled it (e.g., `\hobx'), type `I' and the correct
spelling (e.g., `I\hbox'). Otherwise just continue,
and I'll forget about whatever was undefined.

Missing character: There is no ( in font nullfont!
Missing character: There is no B in font nullfont!
Missing character: There is no , in font nullfont!
Missing character: There is no C in font nullfont!
Missing character: There is no ) in font nullfont!
Missing character: There is no ( in font nullfont!
Missing character: There is no A in font nullfont!
Missing character: There is no ) in font nullfont!
! Undefined control sequence.
l.502 ...^I^^I\tkzDrawAltitude(B,C)(A)\tkzGetPoint
                                                  {D}
The control sequence at the end of the top line
of your error message was never \def'ed. If you have
misspelled it (e.g., `\hobx'), type `I' and the correct
spelling (e.g., `I\hbox'). Otherwise just continue,
and I'll forget about whatever was undefined.

Missing character: There is no D in font nullfont!
! Undefined control sequence.
l.503 ^^I^^I^^I^^I\tkzDrawAltitude
                                  (A,C)(B)\tkzGetPoint{E}
The control sequence at the end of the top line
of your error message was never \def'ed. If you have
misspelled it (e.g., `\hobx'), type `I' and the correct
spelling (e.g., `I\hbox'). Otherwise just continue,
and I'll forget about whatever was undefined.

Missing character: There is no ( in font nullfont!
Missing character: There is no A in font nullfont!
Missing character: There is no , in font nullfont!
Missing character: There is no C in font nullfont!
Missing character: There is no ) in font nullfont!
Missing character: There is no ( in font nullfont!
Missing character: There is no B in font nullfont!
Missing character: There is no ) in font nullfont!
! Undefined control sequence.
l.503 ...^I^^I\tkzDrawAltitude(A,C)(B)\tkzGetPoint
                                                  {E}
The control sequence at the end of the top line
of your error message was never \def'ed. If you have
misspelled it (e.g., `\hobx'), type `I' and the correct
spelling (e.g., `I\hbox'). Otherwise just continue,
and I'll forget about whatever was undefined.

Missing character: There is no E in font nullfont!
! Undefined control sequence.
l.504 ^^I^^I^^I^^I\tkzDrawAltitude
                                  (A,B)(C)\tkzGetPoint{F}
The control sequence at the end of the top line
of your error message was never \def'ed. If you have
misspelled it (e.g., `\hobx'), type `I' and the correct
spelling (e.g., `I\hbox'). Otherwise just continue,
and I'll forget about whatever was undefined.

Missing character: There is no ( in font nullfont!
Missing character: There is no A in font nullfont!
Missing character: There is no , in font nullfont!
Missing character: There is no B in font nullfont!
Missing character: There is no ) in font nullfont!
Missing character: There is no ( in font nullfont!
Missing character: There is no C in font nullfont!
Missing character: There is no ) in font nullfont!
! Undefined control sequence.
l.504 ...^I^^I\tkzDrawAltitude(A,B)(C)\tkzGetPoint
                                                  {F}
The control sequence at the end of the top line
of your error message was never \def'ed. If you have
misspelled it (e.g., `\hobx'), type `I' and the correct
spelling (e.g., `I\hbox'). Otherwise just continue,
and I'll forget about whatever was undefined.

Missing character: There is no F in font nullfont!
! Undefined control sequence.
l.505 ^^I^^I^^I^^I\tkzDefMidPoint
                                 (B,C)\tkzGetPoint{M}
The control sequence at the end of the top line
of your error message was never \def'ed. If you have
misspelled it (e.g., `\hobx'), type `I' and the correct
spelling (e.g., `I\hbox'). Otherwise just continue,
and I'll forget about whatever was undefined.

Missing character: There is no ( in font nullfont!
Missing character: There is no B in font nullfont!
Missing character: There is no , in font nullfont!
Missing character: There is no C in font nullfont!
Missing character: There is no ) in font nullfont!
! Undefined control sequence.
l.505 ^^I^^I^^I^^I\tkzDefMidPoint(B,C)\tkzGetPoint
                                                  {M}
The control sequence at the end of the top line
of your error message was never \def'ed. If you have
misspelled it (e.g., `\hobx'), type `I' and the correct
spelling (e.g., `I\hbox'). Otherwise just continue,
and I'll forget about whatever was undefined.

Missing character: There is no M in font nullfont!
! Undefined control sequence.
l.506 ^^I^^I^^I^^I\tkzInterLL
                             (A,D)(C,F)\tkzGetPoint{H}
The control sequence at the end of the top line
of your error message was never \def'ed. If you have
misspelled it (e.g., `\hobx'), type `I' and the correct
spelling (e.g., `I\hbox'). Otherwise just continue,
and I'll forget about whatever was undefined.

Missing character: There is no ( in font nullfont!
Missing character: There is no A in font nullfont!
Missing character: There is no , in font nullfont!
Missing character: There is no D in font nullfont!
Missing character: There is no ) in font nullfont!
Missing character: There is no ( in font nullfont!
Missing character: There is no C in font nullfont!
Missing character: There is no , in font nullfont!
Missing character: There is no F in font nullfont!
Missing character: There is no ) in font nullfont!
! Undefined control sequence.
l.506 ...^I^^I^^I\tkzInterLL(A,D)(C,F)\tkzGetPoint
                                                  {H}
The control sequence at the end of the top line
of your error message was never \def'ed. If you have
misspelled it (e.g., `\hobx'), type `I' and the correct
spelling (e.g., `I\hbox'). Otherwise just continue,
and I'll forget about whatever was undefined.

Missing character: There is no H in font nullfont!
! Undefined control sequence.
l.507 ^^I^^I^^I^^I\tkzDefLine
                             [orthogonal=through H](H,M) \tkzGetPoint{p}
The control sequence at the end of the top line
of your error message was never \def'ed. If you have
misspelled it (e.g., `\hobx'), type `I' and the correct
spelling (e.g., `I\hbox'). Otherwise just continue,
and I'll forget about whatever was undefined.

Missing character: There is no [ in font nullfont!
Missing character: There is no o in font nullfont!
Missing character: There is no r in font nullfont!
Missing character: There is no t in font nullfont!
Missing character: There is no h in font nullfont!
Missing character: There is no o in font nullfont!
Missing character: There is no g in font nullfont!
Missing character: There is no o in font nullfont!
Missing character: There is no n in font nullfont!
Missing character: There is no a in font nullfont!
Missing character: There is no l in font nullfont!
Missing character: There is no = in font nullfont!
Missing character: There is no t in font nullfont!
Missing character: There is no h in font nullfont!
Missing character: There is no r in font nullfont!
Missing character: There is no o in font nullfont!
Missing character: There is no u in font nullfont!
Missing character: There is no g in font nullfont!
Missing character: There is no h in font nullfont!
Missing character: There is no H in font nullfont!
Missing character: There is no ] in font nullfont!
Missing character: There is no ( in font nullfont!
Missing character: There is no H in font nullfont!
Missing character: There is no , in font nullfont!
Missing character: There is no M in font nullfont!
Missing character: There is no ) in font nullfont!
! Undefined control sequence.
l.507 ...e[orthogonal=through H](H,M) \tkzGetPoint
                                                  {p}
The control sequence at the end of the top line
of your error message was never \def'ed. If you have
misspelled it (e.g., `\hobx'), type `I' and the correct
spelling (e.g., `I\hbox'). Otherwise just continue,
and I'll forget about whatever was undefined.

Missing character: There is no p in font nullfont!
! Undefined control sequence.
l.508 ^^I^^I^^I^^I\tkzInterLL
                             (H,p)(A,B)\tkzGetPoint{P}
The control sequence at the end of the top line
of your error message was never \def'ed. If you have
misspelled it (e.g., `\hobx'), type `I' and the correct
spelling (e.g., `I\hbox'). Otherwise just continue,
and I'll forget about whatever was undefined.

Missing character: There is no ( in font nullfont!
Missing character: There is no H in font nullfont!
Missing character: There is no , in font nullfont!
Missing character: There is no p in font nullfont!
Missing character: There is no ) in font nullfont!
Missing character: There is no ( in font nullfont!
Missing character: There is no A in font nullfont!
Missing character: There is no , in font nullfont!
Missing character: There is no B in font nullfont!
Missing character: There is no ) in font nullfont!
! Undefined control sequence.
l.508 ...^I^^I^^I\tkzInterLL(H,p)(A,B)\tkzGetPoint
                                                  {P}
The control sequence at the end of the top line
of your error message was never \def'ed. If you have
misspelled it (e.g., `\hobx'), type `I' and the correct
spelling (e.g., `I\hbox'). Otherwise just continue,
and I'll forget about whatever was undefined.

Missing character: There is no P in font nullfont!
! Undefined control sequence.
l.509 ^^I^^I^^I^^I\tkzInterLL
                             (H,p)(A,C)\tkzGetPoint{Q}
The control sequence at the end of the top line
of your error message was never \def'ed. If you have
misspelled it (e.g., `\hobx'), type `I' and the correct
spelling (e.g., `I\hbox'). Otherwise just continue,
and I'll forget about whatever was undefined.

Missing character: There is no ( in font nullfont!
Missing character: There is no H in font nullfont!
Missing character: There is no , in font nullfont!
Missing character: There is no p in font nullfont!
Missing character: There is no ) in font nullfont!
Missing character: There is no ( in font nullfont!
Missing character: There is no A in font nullfont!
Missing character: There is no , in font nullfont!
Missing character: There is no C in font nullfont!
Missing character: There is no ) in font nullfont!
! Undefined control sequence.
l.509 ...^I^^I^^I\tkzInterLL(H,p)(A,C)\tkzGetPoint
                                                  {Q}
The control sequence at the end of the top line
of your error message was never \def'ed. If you have
misspelled it (e.g., `\hobx'), type `I' and the correct
spelling (e.g., `I\hbox'). Otherwise just continue,
and I'll forget about whatever was undefined.

Missing character: There is no Q in font nullfont!
! Undefined control sequence.
l.510 ^^I^^I^^I^^I\tkzDefPointBy
                                [rotation= center H angle 180](C) \tkzGetPoi...
The control sequence at the end of the top line
of your error message was never \def'ed. If you have
misspelled it (e.g., `\hobx'), type `I' and the correct
spelling (e.g., `I\hbox'). Otherwise just continue,
and I'll forget about whatever was undefined.

Missing character: There is no [ in font nullfont!
Missing character: There is no r in font nullfont!
Missing character: There is no o in font nullfont!
Missing character: There is no t in font nullfont!
Missing character: There is no a in font nullfont!
Missing character: There is no t in font nullfont!
Missing character: There is no i in font nullfont!
Missing character: There is no o in font nullfont!
Missing character: There is no n in font nullfont!
Missing character: There is no = in font nullfont!
Missing character: There is no c in font nullfont!
Missing character: There is no e in font nullfont!
Missing character: There is no n in font nullfont!
Missing character: There is no t in font nullfont!
Missing character: There is no e in font nullfont!
Missing character: There is no r in font nullfont!
Missing character: There is no H in font nullfont!
Missing character: There is no a in font nullfont!
Missing character: There is no n in font nullfont!
Missing character: There is no g in font nullfont!
Missing character: There is no l in font nullfont!
Missing character: There is no e in font nullfont!
Missing character: There is no 1 in font nullfont!
Missing character: There is no 8 in font nullfont!
Missing character: There is no 0 in font nullfont!
Missing character: There is no ] in font nullfont!
Missing character: There is no ( in font nullfont!
Missing character: There is no C in font nullfont!
Missing character: There is no ) in font nullfont!
! Undefined control sequence.
l.510 ...tion= center H angle 180](C) \tkzGetPoint
                                                  {K}
The control sequence at the end of the top line
of your error message was never \def'ed. If you have
misspelled it (e.g., `\hobx'), type `I' and the correct
spelling (e.g., `I\hbox'). Otherwise just continue,
and I'll forget about whatever was undefined.

Missing character: There is no K in font nullfont!
! Undefined control sequence.
l.511 ^^I^^I^^I^^I\tkzInterLL
                             (K,P)(H,B)\tkzGetPoint{I}
The control sequence at the end of the top line
of your error message was never \def'ed. If you have
misspelled it (e.g., `\hobx'), type `I' and the correct
spelling (e.g., `I\hbox'). Otherwise just continue,
and I'll forget about whatever was undefined.

Missing character: There is no ( in font nullfont!
Missing character: There is no K in font nullfont!
Missing character: There is no , in font nullfont!
Missing character: There is no P in font nullfont!
Missing character: There is no ) in font nullfont!
Missing character: There is no ( in font nullfont!
Missing character: There is no H in font nullfont!
Missing character: There is no , in font nullfont!
Missing character: There is no B in font nullfont!
Missing character: There is no ) in font nullfont!
! Undefined control sequence.
l.511 ...^I^^I^^I\tkzInterLL(K,P)(H,B)\tkzGetPoint
                                                  {I}
The control sequence at the end of the top line
of your error message was never \def'ed. If you have
misspelled it (e.g., `\hobx'), type `I' and the correct
spelling (e.g., `I\hbox'). Otherwise just continue,
and I'll forget about whatever was undefined.

Missing character: There is no I in font nullfont!
! Undefined control sequence.
l.512 ^^I^^I^^I^^I\tkzMarkRightAngles
                                     [fill=gray!20](B,F,C A,D,C B,E,C K,I,H)
The control sequence at the end of the top line
of your error message was never \def'ed. If you have
misspelled it (e.g., `\hobx'), type `I' and the correct
spelling (e.g., `I\hbox'). Otherwise just continue,
and I'll forget about whatever was undefined.

Missing character: There is no [ in font nullfont!
Missing character: There is no f in font nullfont!
Missing character: There is no i in font nullfont!
Missing character: There is no l in font nullfont!
Missing character: There is no l in font nullfont!
Missing character: There is no = in font nullfont!
Missing character: There is no g in font nullfont!
Missing character: There is no r in font nullfont!
Missing character: There is no a in font nullfont!
Missing character: There is no y in font nullfont!
Missing character: There is no ! in font nullfont!
Missing character: There is no 2 in font nullfont!
Missing character: There is no 0 in font nullfont!
Missing character: There is no ] in font nullfont!
Missing character: There is no ( in font nullfont!
Missing character: There is no B in font nullfont!
Missing character: There is no , in font nullfont!
Missing character: There is no F in font nullfont!
Missing character: There is no , in font nullfont!
Missing character: There is no C in font nullfont!
Missing character: There is no A in font nullfont!
Missing character: There is no , in font nullfont!
Missing character: There is no D in font nullfont!
Missing character: There is no , in font nullfont!
Missing character: There is no C in font nullfont!
Missing character: There is no B in font nullfont!
Missing character: There is no , in font nullfont!
Missing character: There is no E in font nullfont!
Missing character: There is no , in font nullfont!
Missing character: There is no C in font nullfont!
Missing character: There is no K in font nullfont!
Missing character: There is no , in font nullfont!
Missing character: There is no I in font nullfont!
Missing character: There is no , in font nullfont!
Missing character: There is no H in font nullfont!
Missing character: There is no ) in font nullfont!
! Undefined control sequence.
l.513 ^^I^^I^^I^^I\tkzDrawPoints
                                (A,B,C,D,E,F,M,H,P,Q,K,I)
The control sequence at the end of the top line
of your error message was never \def'ed. If you have
misspelled it (e.g., `\hobx'), type `I' and the correct
spelling (e.g., `I\hbox'). Otherwise just continue,
and I'll forget about whatever was undefined.

Missing character: There is no ( in font nullfont!
Missing character: There is no A in font nullfont!
Missing character: There is no , in font nullfont!
Missing character: There is no B in font nullfont!
Missing character: There is no , in font nullfont!
Missing character: There is no C in font nullfont!
Missing character: There is no , in font nullfont!
Missing character: There is no D in font nullfont!
Missing character: There is no , in font nullfont!
Missing character: There is no E in font nullfont!
Missing character: There is no , in font nullfont!
Missing character: There is no F in font nullfont!
Missing character: There is no , in font nullfont!
Missing character: There is no M in font nullfont!
Missing character: There is no , in font nullfont!
Missing character: There is no H in font nullfont!
Missing character: There is no , in font nullfont!
Missing character: There is no P in font nullfont!
Missing character: There is no , in font nullfont!
Missing character: There is no Q in font nullfont!
Missing character: There is no , in font nullfont!
Missing character: There is no K in font nullfont!
Missing character: There is no , in font nullfont!
Missing character: There is no I in font nullfont!
Missing character: There is no ) in font nullfont!
! Undefined control sequence.
l.514 ^^I^^I^^I^^I\tkzDrawSegments
                                  (E,F H,M P,Q K,H K,B K,I)
The control sequence at the end of the top line
of your error message was never \def'ed. If you have
misspelled it (e.g., `\hobx'), type `I' and the correct
spelling (e.g., `I\hbox'). Otherwise just continue,
and I'll forget about whatever was undefined.

Missing character: There is no ( in font nullfont!
Missing character: There is no E in font nullfont!
Missing character: There is no , in font nullfont!
Missing character: There is no F in font nullfont!
Missing character: There is no H in font nullfont!
Missing character: There is no , in font nullfont!
Missing character: There is no M in font nullfont!
Missing character: There is no P in font nullfont!
Missing character: There is no , in font nullfont!
Missing character: There is no Q in font nullfont!
Missing character: There is no K in font nullfont!
Missing character: There is no , in font nullfont!
Missing character: There is no H in font nullfont!
Missing character: There is no K in font nullfont!
Missing character: There is no , in font nullfont!
Missing character: There is no B in font nullfont!
Missing character: There is no K in font nullfont!
Missing character: There is no , in font nullfont!
Missing character: There is no I in font nullfont!
Missing character: There is no ) in font nullfont!
! Undefined control sequence.
l.515 ^^I^^I^^I^^I\tkzLabelPoints
                                 [above](A,K)
The control sequence at the end of the top line
of your error message was never \def'ed. If you have
misspelled it (e.g., `\hobx'), type `I' and the correct
spelling (e.g., `I\hbox'). Otherwise just continue,
and I'll forget about whatever was undefined.

Missing character: There is no [ in font nullfont!
Missing character: There is no a in font nullfont!
Missing character: There is no b in font nullfont!
Missing character: There is no o in font nullfont!
Missing character: There is no v in font nullfont!
Missing character: There is no e in font nullfont!
Missing character: There is no ] in font nullfont!
Missing character: There is no ( in font nullfont!
Missing character: There is no A in font nullfont!
Missing character: There is no , in font nullfont!
Missing character: There is no K in font nullfont!
Missing character: There is no ) in font nullfont!
! Undefined control sequence.
l.516 ^^I^^I^^I^^I\tkzLabelPoints
                                 [below](D,M)
The control sequence at the end of the top line
of your error message was never \def'ed. If you have
misspelled it (e.g., `\hobx'), type `I' and the correct
spelling (e.g., `I\hbox'). Otherwise just continue,
and I'll forget about whatever was undefined.

Missing character: There is no [ in font nullfont!
Missing character: There is no b in font nullfont!
Missing character: There is no e in font nullfont!
Missing character: There is no l in font nullfont!
Missing character: There is no o in font nullfont!
Missing character: There is no w in font nullfont!
Missing character: There is no ] in font nullfont!
Missing character: There is no ( in font nullfont!
Missing character: There is no D in font nullfont!
Missing character: There is no , in font nullfont!
Missing character: There is no M in font nullfont!
Missing character: There is no ) in font nullfont!
! Undefined control sequence.
l.517 ^^I^^I^^I^^I\tkzLabelPoints
                                 [right](H)
The control sequence at the end of the top line
of your error message was never \def'ed. If you have
misspelled it (e.g., `\hobx'), type `I' and the correct
spelling (e.g., `I\hbox'). Otherwise just continue,
and I'll forget about whatever was undefined.

Missing character: There is no [ in font nullfont!
Missing character: There is no r in font nullfont!
Missing character: There is no i in font nullfont!
Missing character: There is no g in font nullfont!
Missing character: There is no h in font nullfont!
Missing character: There is no t in font nullfont!
Missing character: There is no ] in font nullfont!
Missing character: There is no ( in font nullfont!
Missing character: There is no H in font nullfont!
Missing character: There is no ) in font nullfont!
! Undefined control sequence.
l.518 ^^I^^I^^I^^I\tkzLabelPoints
                                 [left]()
The control sequence at the end of the top line
of your error message was never \def'ed. If you have
misspelled it (e.g., `\hobx'), type `I' and the correct
spelling (e.g., `I\hbox'). Otherwise just continue,
and I'll forget about whatever was undefined.

Missing character: There is no [ in font nullfont!
Missing character: There is no l in font nullfont!
Missing character: There is no e in font nullfont!
Missing character: There is no f in font nullfont!
Missing character: There is no t in font nullfont!
Missing character: There is no ] in font nullfont!
Missing character: There is no ( in font nullfont!
Missing character: There is no ) in font nullfont!
! Undefined control sequence.
l.519 ^^I^^I^^I^^I\tkzLabelPoints
                                 [above right](E,Q)
The control sequence at the end of the top line
of your error message was never \def'ed. If you have
misspelled it (e.g., `\hobx'), type `I' and the correct
spelling (e.g., `I\hbox'). Otherwise just continue,
and I'll forget about whatever was undefined.

Missing character: There is no [ in font nullfont!
Missing character: There is no a in font nullfont!
Missing character: There is no b in font nullfont!
Missing character: There is no o in font nullfont!
Missing character: There is no v in font nullfont!
Missing character: There is no e in font nullfont!
Missing character: There is no r in font nullfont!
Missing character: There is no i in font nullfont!
Missing character: There is no g in font nullfont!
Missing character: There is no h in font nullfont!
Missing character: There is no t in font nullfont!
Missing character: There is no ] in font nullfont!
Missing character: There is no ( in font nullfont!
Missing character: There is no E in font nullfont!
Missing character: There is no , in font nullfont!
Missing character: There is no Q in font nullfont!
Missing character: There is no ) in font nullfont!
! Undefined control sequence.
l.520 ^^I^^I^^I^^I\tkzLabelPoints
                                 [above left](F)
The control sequence at the end of the top line
of your error message was never \def'ed. If you have
misspelled it (e.g., `\hobx'), type `I' and the correct
spelling (e.g., `I\hbox'). Otherwise just continue,
and I'll forget about whatever was undefined.

Missing character: There is no [ in font nullfont!
Missing character: There is no a in font nullfont!
Missing character: There is no b in font nullfont!
Missing character: There is no o in font nullfont!
Missing character: There is no v in font nullfont!
Missing character: There is no e in font nullfont!
Missing character: There is no l in font nullfont!
Missing character: There is no e in font nullfont!
Missing character: There is no f in font nullfont!
Missing character: There is no t in font nullfont!
Missing character: There is no ] in font nullfont!
Missing character: There is no ( in font nullfont!
Missing character: There is no F in font nullfont!
Missing character: There is no ) in font nullfont!
! Undefined control sequence.
l.521 ^^I^^I^^I^^I\tkzLabelPoints
                                 [below right](C,I)
The control sequence at the end of the top line
of your error message was never \def'ed. If you have
misspelled it (e.g., `\hobx'), type `I' and the correct
spelling (e.g., `I\hbox'). Otherwise just continue,
and I'll forget about whatever was undefined.

Missing character: There is no [ in font nullfont!
Missing character: There is no b in font nullfont!
Missing character: There is no e in font nullfont!
Missing character: There is no l in font nullfont!
Missing character: There is no o in font nullfont!
Missing character: There is no w in font nullfont!
Missing character: There is no r in font nullfont!
Missing character: There is no i in font nullfont!
Missing character: There is no g in font nullfont!
Missing character: There is no h in font nullfont!
Missing character: There is no t in font nullfont!
Missing character: There is no ] in font nullfont!
Missing character: There is no ( in font nullfont!
Missing character: There is no C in font nullfont!
Missing character: There is no , in font nullfont!
Missing character: There is no I in font nullfont!
Missing character: There is no ) in font nullfont!
! Undefined control sequence.
l.522 ^^I^^I^^I^^I\tkzLabelPoints
                                 [below left](B,P)
The control sequence at the end of the top line
of your error message was never \def'ed. If you have
misspelled it (e.g., `\hobx'), type `I' and the correct
spelling (e.g., `I\hbox'). Otherwise just continue,
and I'll forget about whatever was undefined.

Missing character: There is no [ in font nullfont!
Missing character: There is no b in font nullfont!
Missing character: There is no e in font nullfont!
Missing character: There is no l in font nullfont!
Missing character: There is no o in font nullfont!
Missing character: There is no w in font nullfont!
Missing character: There is no l in font nullfont!
Missing character: There is no e in font nullfont!
Missing character: There is no f in font nullfont!
Missing character: There is no t in font nullfont!
Missing character: There is no ] in font nullfont!
Missing character: There is no ( in font nullfont!
Missing character: There is no B in font nullfont!
Missing character: There is no , in font nullfont!
Missing character: There is no P in font nullfont!
Missing character: There is no ) in font nullfont!

! LaTeX Error: \begin{enumerate} on input line 415 ended by \end{tikzpicture}.

See the LaTeX manual or LaTeX Companion for explanation.
Type  H <return>  for immediate help.
 ...                                              
                                                  
l.523 ^^I^^I^^I^^I\end{tikzpicture}
                                   
Your command was ignored.
Type  I <command> <return>  to replace it with another command,
or  <return>  to continue without it.

Missing character: There is no V in font nullfont!

! LaTeX Error: Unicode character ^^e1^^ba^^ad (U+1EAD)
               not set up for use with LaTeX.

See the LaTeX manual or LaTeX Companion for explanation.
Type  H <return>  for immediate help.
 ...                                              
                                                  
l.525 ^^I^^I^^I\noindent V^^e1^^ba^^ad
                                      y $MH$ l^^c3^^a0 ^^c4^^91^^c6^^b0^^e1^...

You may provide a definition with
\DeclareUnicodeCharacter 

Missing character: There is no y in font nullfont!
Missing character: There is no l in font nullfont!

! LaTeX Error: Command \dj unavailable in encoding .

See the LaTeX manual or LaTeX Companion for explanation.
Type  H <return>  for immediate help.
 ...                                              
                                                  
l.525 ...nt V^^e1^^ba^^ady $MH$ l^^c3^^a0 ^^c4^^91
                                                  ^^c6^^b0^^e1^^bb^^9dng tru...

Your command was ignored.
Type  I <command> <return>  to replace it with another command,
or  <return>  to continue without it.


! LaTeX Error: Unicode character ^^c6^^b0 (U+01B0)
               not set up for use with LaTeX.

See the LaTeX manual or LaTeX Companion for explanation.
Type  H <return>  for immediate help.
 ...                                              
                                                  
l.525 ...^^ba^^ady $MH$ l^^c3^^a0 ^^c4^^91^^c6^^b0
                                                  ^^e1^^bb^^9dng trung b^^c3...

You may provide a definition with
\DeclareUnicodeCharacter 


! LaTeX Error: Unicode character ^^e1^^bb^^9d (U+1EDD)
               not set up for use with LaTeX.

See the LaTeX manual or LaTeX Companion for explanation.
Type  H <return>  for immediate help.
 ...                                              
                                                  
l.525 ...H$ l^^c3^^a0 ^^c4^^91^^c6^^b0^^e1^^bb^^9d
                                                  ng trung b^^c3^^acnh trong...

You may provide a definition with
\DeclareUnicodeCharacter 

Missing character: There is no n in font nullfont!
Missing character: There is no g in font nullfont!
Missing character: There is no t in font nullfont!
Missing character: There is no r in font nullfont!
Missing character: There is no u in font nullfont!
Missing character: There is no n in font nullfont!
Missing character: There is no g in font nullfont!
Missing character: There is no b in font nullfont!
Missing character: There is no n in font nullfont!
Missing character: There is no h in font nullfont!
Missing character: There is no t in font nullfont!
Missing character: There is no r in font nullfont!
Missing character: There is no o in font nullfont!
Missing character: There is no n in font nullfont!
Missing character: There is no g in font nullfont!
Missing character: There is no t in font nullfont!
Missing character: There is no a in font nullfont!
Missing character: There is no m in font nullfont!
Missing character: There is no g in font nullfont!
Missing character: There is no i in font nullfont!
Missing character: There is no c in font nullfont!
Missing character: There is no . in font nullfont!
Missing character: There is no . in font nullfont!
Missing character: There is no T in font nullfont!
Missing character: There is no a in font nullfont!
Missing character: There is no c in font nullfont!
! Undefined control sequence.
<recently read> \heva 
                      
l.526 ^^I^^I^^ITa c^^c3^^b3 $\heva
                                  {&HM\parallel KB\\&HM\perp PQ}\Rightarrow ...
The control sequence at the end of the top line
of your error message was never \def'ed. If you have
misspelled it (e.g., `\hobx'), type `I' and the correct
spelling (e.g., `I\hbox'). Otherwise just continue,
and I'll forget about whatever was undefined.

! Misplaced alignment tab character &.
l.526 ^^I^^I^^ITa c^^c3^^b3 $\heva{&
                                    HM\parallel KB\\&HM\perp PQ}\Rightarrow ...
I can't figure out why you would want to use a tab mark
here. If you just want an ampersand, the remedy is
simple: Just type `I\&' now. But if some right brace
up above has ended a previous alignment prematurely,
you're probably due for more error messages, and you
might try typing `S' now just to see what is salvageable.

! Misplaced alignment tab character &.
<recently read> &
                 
l.526 ...^^ITa c^^c3^^b3 $\heva{&HM\parallel KB\\&
                                                  HM\perp PQ}\Rightarrow PQ\...
I can't figure out why you would want to use a tab mark
here. If you just want an ampersand, the remedy is
simple: Just type `I\&' now. But if some right brace
up above has ended a previous alignment prematurely,
you're probably due for more error messages, and you
might try typing `S' now just to see what is salvageable.

Missing character: There is no . in font nullfont!
Missing character: There is no X in font nullfont!
Missing character: There is no t in font nullfont!
Missing character: There is no c in font nullfont!

Overfull \hbox (19.91663pt too wide) in paragraph at lines 492--528
\OML/cmm/m/it/10 MH$
 []


Overfull \hbox (5.00002pt too wide) in paragraph at lines 492--528
\/cmr/m/n/10 ^^Ra
 []


Overfull \hbox (2.77779pt too wide) in paragraph at lines 492--528
\/cmr/m/n/10 ^^R^^P
 []


Overfull \hbox (5.00002pt too wide) in paragraph at lines 492--528
\/cmr/m/n/10 ^^Sa
 []


Overfull \hbox (25.15762pt too wide) in paragraph at lines 492--528
\OML/cmm/m/it/10 CBK$
 []


Overfull \hbox (10.00002pt too wide) in paragraph at lines 492--528
\OMS/cmsy/m/n/10 )
 []


Overfull \hbox (27.69435pt too wide) in paragraph at lines 492--528
\OML/cmm/m/it/10 HM \OMS/cmsy/m/n/10 k
 []


Overfull \hbox (17.29514pt too wide) in paragraph at lines 492--528
\OML/cmm/m/it/10 KB$ 
 []


Overfull \hbox (5.00002pt too wide) in paragraph at lines 492--528
\/cmr/m/n/10 ^^So
 []


Overfull \hbox (109.50935pt too wide) in paragraph at lines 492--528
[] \OMS/cmsy/m/n/10 )
 []


Overfull \hbox (26.2701pt too wide) in paragraph at lines 492--528
\OML/cmm/m/it/10 PQ \OMS/cmsy/m/n/10 ?
 []


Overfull \hbox (17.29514pt too wide) in paragraph at lines 492--528
\OML/cmm/m/it/10 KB$ 
 []


Overfull \hbox (4.44444pt too wide) in paragraph at lines 492--528
\/cmr/m/n/10 ^^Se
 []


Overfull \hbox (35.309pt too wide) in paragraph at lines 492--528
\OMS/cmsy/m/n/10 4\OML/cmm/m/it/10 KHB$
 []


Overfull \hbox (5.00002pt too wide) in paragraph at lines 492--528
\/cmr/m/n/10 ^^So 
 []

Missing character: There is no l in font nullfont!

! LaTeX Error: Command \dj unavailable in encoding .

See the LaTeX manual or LaTeX Companion for explanation.
Type  H <return>  for immediate help.
 ...                                              
                                                  
l.529 ^^I^^I^^I^^I\item $HP$ l^^c3^^a0 ^^c4^^91
                                               ^^c6^^b0^^e1^^bb^^9dng cao. (...

Your command was ignored.
Type  I <command> <return>  to replace it with another command,
or  <return>  to continue without it.


! LaTeX Error: Unicode character ^^c6^^b0 (U+01B0)
               not set up for use with LaTeX.

See the LaTeX manual or LaTeX Companion for explanation.
Type  H <return>  for immediate help.
 ...                                              
                                                  
l.529 ...I^^I\item $HP$ l^^c3^^a0 ^^c4^^91^^c6^^b0
                                                  ^^e1^^bb^^9dng cao. ($PQ\p...

You may provide a definition with
\DeclareUnicodeCharacter 


! LaTeX Error: Unicode character ^^e1^^bb^^9d (U+1EDD)
               not set up for use with LaTeX.

See the LaTeX manual or LaTeX Companion for explanation.
Type  H <return>  for immediate help.
 ...                                              
                                                  
l.529 ...P$ l^^c3^^a0 ^^c4^^91^^c6^^b0^^e1^^bb^^9d
                                                  ng cao. ($PQ\perp KB$)
You may provide a definition with
\DeclareUnicodeCharacter 

Missing character: There is no n in font nullfont!
Missing character: There is no g in font nullfont!
Missing character: There is no c in font nullfont!
Missing character: There is no a in font nullfont!
Missing character: There is no o in font nullfont!
Missing character: There is no . in font nullfont!
Missing character: There is no ( in font nullfont!
Missing character: There is no ) in font nullfont!

Overfull \hbox (16.934pt too wide) in paragraph at lines 529--530
\OML/cmm/m/it/10 HP$
 []


Overfull \hbox (5.00002pt too wide) in paragraph at lines 529--530
\/cmr/m/n/10 ^^Ra
 []


Overfull \hbox (26.2701pt too wide) in paragraph at lines 529--530
\OML/cmm/m/it/10 PQ \OMS/cmsy/m/n/10 ?
 []


Overfull \hbox (17.29514pt too wide) in paragraph at lines 529--530
\OML/cmm/m/it/10 KB$ 
 []

Missing character: There is no l in font nullfont!

! LaTeX Error: Command \dj unavailable in encoding .

See the LaTeX manual or LaTeX Companion for explanation.
Type  H <return>  for immediate help.
 ...                                              
                                                  
l.530 ^^I^^I^^I^^I\item $BF$ l^^c3^^a0 ^^c4^^91
                                               ^^c6^^b0^^e1^^bb^^9dng cao. (...

Your command was ignored.
Type  I <command> <return>  to replace it with another command,
or  <return>  to continue without it.


! LaTeX Error: Unicode character ^^c6^^b0 (U+01B0)
               not set up for use with LaTeX.

See the LaTeX manual or LaTeX Companion for explanation.
Type  H <return>  for immediate help.
 ...                                              
                                                  
l.530 ...I^^I\item $BF$ l^^c3^^a0 ^^c4^^91^^c6^^b0
                                                  ^^e1^^bb^^9dng cao. ($BF\p...

You may provide a definition with
\DeclareUnicodeCharacter 


! LaTeX Error: Unicode character ^^e1^^bb^^9d (U+1EDD)
               not set up for use with LaTeX.

See the LaTeX manual or LaTeX Companion for explanation.
Type  H <return>  for immediate help.
 ...                                              
                                                  
l.530 ...F$ l^^c3^^a0 ^^c4^^91^^c6^^b0^^e1^^bb^^9d
                                                  ng cao. ($BF\perp KH$)
You may provide a definition with
\DeclareUnicodeCharacter 

Missing character: There is no n in font nullfont!
Missing character: There is no g in font nullfont!
Missing character: There is no c in font nullfont!
Missing character: There is no a in font nullfont!
Missing character: There is no o in font nullfont!
Missing character: There is no . in font nullfont!
Missing character: There is no ( in font nullfont!
Missing character: There is no ) in font nullfont!

Overfull \hbox (15.90627pt too wide) in paragraph at lines 530--531
\OML/cmm/m/it/10 BF$
 []


Overfull \hbox (5.00002pt too wide) in paragraph at lines 530--531
\/cmr/m/n/10 ^^Ra
 []


Overfull \hbox (26.46178pt too wide) in paragraph at lines 530--531
\OML/cmm/m/it/10 BF \OMS/cmsy/m/n/10 ?
 []


Overfull \hbox (18.3333pt too wide) in paragraph at lines 530--531
\OML/cmm/m/it/10 KH$ 
 []

Missing character: There is no c in font nullfont!

! LaTeX Error: Unicode character ^^e1^^ba^^af (U+1EAF)
               not set up for use with LaTeX.

See the LaTeX manual or LaTeX Companion for explanation.
Type  H <return>  for immediate help.
 ...                                              
                                                  
l.531 ^^I^^I^^I^^I\item $HP$ c^^e1^^ba^^af
                                          t $BF$ t^^e1^^ba^^a1i $P$
You may provide a definition with
\DeclareUnicodeCharacter 

Missing character: There is no t in font nullfont!
Missing character: There is no t in font nullfont!

! LaTeX Error: Unicode character ^^e1^^ba^^a1 (U+1EA1)
               not set up for use with LaTeX.

See the LaTeX manual or LaTeX Companion for explanation.
Type  H <return>  for immediate help.
 ...                                              
                                                  
l.531 ...em $HP$ c^^e1^^ba^^aft $BF$ t^^e1^^ba^^a1
                                                  i $P$
You may provide a definition with
\DeclareUnicodeCharacter 

Missing character: There is no i in font nullfont!

Overfull \hbox (16.934pt too wide) in paragraph at lines 531--532
\OML/cmm/m/it/10 HP$
 []


Overfull \hbox (15.90627pt too wide) in paragraph at lines 531--532
\OML/cmm/m/it/10 BF$
 []


Overfull \hbox (7.80904pt too wide) in paragraph at lines 531--532
\OML/cmm/m/it/10 P$ 
 []

Missing character: There is no V in font nullfont!

! LaTeX Error: Unicode character ^^e1^^ba^^ad (U+1EAD)
               not set up for use with LaTeX.

See the LaTeX manual or LaTeX Companion for explanation.
Type  H <return>  for immediate help.
 ...                                              
                                                  
l.533 ^^I^^I^^IV^^e1^^ba^^ad
                            y $P$ l^^c3^^a0 tr^^e1^^bb^^b1c t^^c3^^a2m c^^e1...

You may provide a definition with
\DeclareUnicodeCharacter 

Missing character: There is no y in font nullfont!
Missing character: There is no l in font nullfont!
Missing character: There is no t in font nullfont!
Missing character: There is no r in font nullfont!

! LaTeX Error: Unicode character ^^e1^^bb^^b1 (U+1EF1)
               not set up for use with LaTeX.

See the LaTeX manual or LaTeX Companion for explanation.
Type  H <return>  for immediate help.
 ...                                              
                                                  
l.533 ...^e1^^ba^^ady $P$ l^^c3^^a0 tr^^e1^^bb^^b1
                                                  c t^^c3^^a2m c^^e1^^bb^^a7...

You may provide a definition with
\DeclareUnicodeCharacter 

Missing character: There is no c in font nullfont!
Missing character: There is no t in font nullfont!
Missing character: There is no m in font nullfont!
Missing character: There is no c in font nullfont!

! LaTeX Error: Unicode character ^^e1^^bb^^a7 (U+1EE7)
               not set up for use with LaTeX.

See the LaTeX manual or LaTeX Companion for explanation.
Type  H <return>  for immediate help.
 ...                                              
                                                  
l.533 ... tr^^e1^^bb^^b1c t^^c3^^a2m c^^e1^^bb^^a7
                                                  a $\triangle KBH$. $\Right...

You may provide a definition with
\DeclareUnicodeCharacter 

Missing character: There is no a in font nullfont!
Missing character: There is no . in font nullfont!
Missing character: There is no . in font nullfont!
Missing character: There is no G in font nullfont!

! LaTeX Error: Unicode character ^^e1^^bb^^8d (U+1ECD)
               not set up for use with LaTeX.

See the LaTeX manual or LaTeX Companion for explanation.
Type  H <return>  for immediate help.
 ...                                              
                                                  
l.533 .... $\Rightarrow KP\perp BH$. G^^e1^^bb^^8d
                                                  i giao ^^c4^^91i^^e1^^bb^^...

You may provide a definition with
\DeclareUnicodeCharacter 

Missing character: There is no i in font nullfont!
Missing character: There is no g in font nullfont!
Missing character: There is no i in font nullfont!
Missing character: There is no a in font nullfont!
Missing character: There is no o in font nullfont!

! LaTeX Error: Command \dj unavailable in encoding .

See the LaTeX manual or LaTeX Companion for explanation.
Type  H <return>  for immediate help.
 ...                                              
                                                  
l.533 ...KP\perp BH$. G^^e1^^bb^^8di giao ^^c4^^91
                                                  i^^e1^^bb^^83m  c^^e1^^bb^...

Your command was ignored.
Type  I <command> <return>  to replace it with another command,
or  <return>  to continue without it.

Missing character: There is no i in font nullfont!

! LaTeX Error: Unicode character ^^e1^^bb^^83 (U+1EC3)
               not set up for use with LaTeX.

See the LaTeX manual or LaTeX Companion for explanation.
Type  H <return>  for immediate help.
 ...                                              
                                                  
l.533 ...G^^e1^^bb^^8di giao ^^c4^^91i^^e1^^bb^^83
                                                  m  c^^e1^^bb^^a7a $KP$ v^^...

You may provide a definition with
\DeclareUnicodeCharacter 

Missing character: There is no m in font nullfont!
Missing character: There is no c in font nullfont!

! LaTeX Error: Unicode character ^^e1^^bb^^a7 (U+1EE7)
               not set up for use with LaTeX.

See the LaTeX manual or LaTeX Companion for explanation.
Type  H <return>  for immediate help.
 ...                                              
                                                  
l.533 ...iao ^^c4^^91i^^e1^^bb^^83m  c^^e1^^bb^^a7
                                                  a $KP$ v^^c3^^a0 $HB$ l^^c...

You may provide a definition with
\DeclareUnicodeCharacter 

Missing character: There is no a in font nullfont!
Missing character: There is no v in font nullfont!
Missing character: There is no l in font nullfont!
Missing character: There is no . in font nullfont!
Missing character: There is no X in font nullfont!
Missing character: There is no t in font nullfont!
Missing character: There is no v in font nullfont!
Missing character: There is no u in font nullfont!
Missing character: There is no n in font nullfont!
Missing character: There is no g in font nullfont!
Missing character: There is no t in font nullfont!

! LaTeX Error: Unicode character ^^e1^^ba^^a1 (U+1EA1)
               not set up for use with LaTeX.

See the LaTeX manual or LaTeX Companion for explanation.
Type  H <return>  for immediate help.
 ...                                              
                                                  
l.534 ...\triangle HIK$ vu^^c3^^b4ng t^^e1^^ba^^a1
                                                  i $I$ v^^c3^^a0 $\triangle...

You may provide a definition with
\DeclareUnicodeCharacter 

Missing character: There is no i in font nullfont!
Missing character: There is no v in font nullfont!
Missing character: There is no v in font nullfont!
Missing character: There is no u in font nullfont!
Missing character: There is no n in font nullfont!
Missing character: There is no g in font nullfont!
Missing character: There is no t in font nullfont!

! LaTeX Error: Unicode character ^^e1^^ba^^a1 (U+1EA1)
               not set up for use with LaTeX.

See the LaTeX manual or LaTeX Companion for explanation.
Type  H <return>  for immediate help.
 ...                                              
                                                  
l.534 ...\triangle HEC$ vu^^c3^^b4ng t^^e1^^ba^^a1
                                                  i $E$ c^^c3^^b3
You may provide a definition with
\DeclareUnicodeCharacter 

Missing character: There is no i in font nullfont!
Missing character: There is no c in font nullfont!

Overfull \hbox (7.80904pt too wide) in paragraph at lines 533--535
 $\OML/cmm/m/it/10 P$
 []


Overfull \hbox (5.00002pt too wide) in paragraph at lines 533--535
\/cmr/m/n/10 ^^Ra
 []


Overfull \hbox (5.00002pt too wide) in paragraph at lines 533--535
\/cmr/m/n/10 ^a
 []


Overfull \hbox (35.309pt too wide) in paragraph at lines 533--535
\OMS/cmsy/m/n/10 4\OML/cmm/m/it/10 KBH$
 []


Overfull \hbox (10.00002pt too wide) in paragraph at lines 533--535
\OMS/cmsy/m/n/10 )
 []


Overfull \hbox (27.57288pt too wide) in paragraph at lines 533--535
\OML/cmm/m/it/10 KP \OMS/cmsy/m/n/10 ?
 []


Overfull \hbox (17.21178pt too wide) in paragraph at lines 533--535
\OML/cmm/m/it/10 BH$
 []


Overfull \hbox (17.01736pt too wide) in paragraph at lines 533--535
\OML/cmm/m/it/10 KP$
 []


Overfull \hbox (5.00002pt too wide) in paragraph at lines 533--535
\/cmr/m/n/10 ^^Ra
 []


Overfull \hbox (17.21178pt too wide) in paragraph at lines 533--535
\OML/cmm/m/it/10 HB$
 []


Overfull \hbox (5.00002pt too wide) in paragraph at lines 533--535
\/cmr/m/n/10 ^^Ra
 []


Overfull \hbox (5.18054pt too wide) in paragraph at lines 533--535
\OML/cmm/m/it/10 I$ 
 []


Overfull \hbox (4.44444pt too wide) in paragraph at lines 533--535
\/cmr/m/n/10 ^^Se
 []


Overfull \hbox (32.40274pt too wide) in paragraph at lines 533--535
\OMS/cmsy/m/n/10 4\OML/cmm/m/it/10 HIK$
 []


Overfull \hbox (5.00002pt too wide) in paragraph at lines 533--535
\/cmr/m/n/10 ^o
 []


Overfull \hbox (5.18054pt too wide) in paragraph at lines 533--535
\OML/cmm/m/it/10 I$
 []


Overfull \hbox (5.00002pt too wide) in paragraph at lines 533--535
\/cmr/m/n/10 ^^Ra
 []


Overfull \hbox (33.83467pt too wide) in paragraph at lines 533--535
\OMS/cmsy/m/n/10 4\OML/cmm/m/it/10 HEC$
 []


Overfull \hbox (5.00002pt too wide) in paragraph at lines 533--535
\/cmr/m/n/10 ^o
 []


Overfull \hbox (7.95831pt too wide) in paragraph at lines 533--535
\OML/cmm/m/it/10 E$
 []


Overfull \hbox (5.00002pt too wide) in paragraph at lines 533--535
\/cmr/m/n/10 ^^So 
 []

Missing character: There is no ( in font nullfont!

! LaTeX Error: Command \dj unavailable in encoding .

See the LaTeX manual or LaTeX Companion for explanation.
Type  H <return>  for immediate help.
 ...                                              
                                                  
l.536 ...m $\widehat{IHK}=\widehat{EHC}$ (^^c4^^91
                                                  ^^e1^^bb^^91i ^^c4^^91^^e1...

Your command was ignored.
Type  I <command> <return>  to replace it with another command,
or  <return>  to continue without it.


! LaTeX Error: Unicode character ^^e1^^bb^^91 (U+1ED1)
               not set up for use with LaTeX.

See the LaTeX manual or LaTeX Companion for explanation.
Type  H <return>  for immediate help.
 ...                                              
                                                  
l.536 ...IHK}=\widehat{EHC}$ (^^c4^^91^^e1^^bb^^91
                                                  i ^^c4^^91^^e1^^bb^^89nh).
You may provide a definition with
\DeclareUnicodeCharacter 

Missing character: There is no i in font nullfont!

! LaTeX Error: Command \dj unavailable in encoding .

See the LaTeX manual or LaTeX Companion for explanation.
Type  H <return>  for immediate help.
 ...                                              
                                                  
l.536 ...hat{EHC}$ (^^c4^^91^^e1^^bb^^91i ^^c4^^91
                                                  ^^e1^^bb^^89nh).
Your command was ignored.
Type  I <command> <return>  to replace it with another command,
or  <return>  to continue without it.


! LaTeX Error: Unicode character ^^e1^^bb^^89 (U+1EC9)
               not set up for use with LaTeX.

See the LaTeX manual or LaTeX Companion for explanation.
Type  H <return>  for immediate help.
 ...                                              
                                                  
l.536 ...^c4^^91^^e1^^bb^^91i ^^c4^^91^^e1^^bb^^89
                                                  nh).
You may provide a definition with
\DeclareUnicodeCharacter 

Missing character: There is no n in font nullfont!
Missing character: There is no h in font nullfont!
Missing character: There is no ) in font nullfont!
Missing character: There is no . in font nullfont!

Overfull \hbox (34.06935pt too wide) in paragraph at lines 536--537
[] \/cmr/m/n/10 =
 []


Overfull \hbox (24.94577pt too wide) in paragraph at lines 536--537
[]$ 
 []

Missing character: There is no ( in font nullfont!
Missing character: There is no d in font nullfont!
Missing character: There is no o in font nullfont!
Missing character: There is no c in font nullfont!
Missing character: There is no n in font nullfont!
Missing character: There is no h in font nullfont!
Missing character: There is no v in font nullfont!

! LaTeX Error: Unicode character ^^e1^^ba^^bd (U+1EBD)
               not set up for use with LaTeX.

See the LaTeX manual or LaTeX Companion for explanation.
Type  H <return>  for immediate help.
 ...                                              
                                                  
l.537 ...tem $HK=HC$ (do c^^c3^^a1nh v^^e1^^ba^^bd
                                                   ^^c4^^91i^^e1^^bb^^83m $K$)
You may provide a definition with
\DeclareUnicodeCharacter 


! LaTeX Error: Command \dj unavailable in encoding .

See the LaTeX manual or LaTeX Companion for explanation.
Type  H <return>  for immediate help.
 ...                                              
                                                  
l.537 ...C$ (do c^^c3^^a1nh v^^e1^^ba^^bd ^^c4^^91
                                                  i^^e1^^bb^^83m $K$)
Your command was ignored.
Type  I <command> <return>  to replace it with another command,
or  <return>  to continue without it.

Missing character: There is no i in font nullfont!

! LaTeX Error: Unicode character ^^e1^^bb^^83 (U+1EC3)
               not set up for use with LaTeX.

See the LaTeX manual or LaTeX Companion for explanation.
Type  H <return>  for immediate help.
 ...                                              
                                                  
l.537 ...^a1nh v^^e1^^ba^^bd ^^c4^^91i^^e1^^bb^^83
                                                  m $K$)
You may provide a definition with
\DeclareUnicodeCharacter 

Missing character: There is no m in font nullfont!
Missing character: There is no ) in font nullfont!

Overfull \hbox (28.88881pt too wide) in paragraph at lines 537--538
\OML/cmm/m/it/10 HK \/cmr/m/n/10 =
 []


Overfull \hbox (16.98746pt too wide) in paragraph at lines 537--538
\OML/cmm/m/it/10 HC$
 []


Overfull \hbox (5.00002pt too wide) in paragraph at lines 537--538
\/cmr/m/n/10 ^^Sa
 []


Overfull \hbox (9.20833pt too wide) in paragraph at lines 537--538
\OML/cmm/m/it/10 K$ 
 []

Missing character: There is no V in font nullfont!

! LaTeX Error: Unicode character ^^e1^^ba^^ad (U+1EAD)
               not set up for use with LaTeX.

See the LaTeX manual or LaTeX Companion for explanation.
Type  H <return>  for immediate help.
 ...                                              
                                                  
l.539 ^^I^^I^^IV^^e1^^ba^^ad
                            y $\triangle HIK=\triangle HEC$ (c^^e1^^ba^^a1nh...

You may provide a definition with
\DeclareUnicodeCharacter 

Missing character: There is no y in font nullfont!
Missing character: There is no ( in font nullfont!
Missing character: There is no c in font nullfont!

! LaTeX Error: Unicode character ^^e1^^ba^^a1 (U+1EA1)
               not set up for use with LaTeX.

See the LaTeX manual or LaTeX Companion for explanation.
Type  H <return>  for immediate help.
 ...                                              
                                                  
l.539 ...riangle HIK=\triangle HEC$ (c^^e1^^ba^^a1
                                                  nh huy^^e1^^bb^^81n - g^^c...

You may provide a definition with
\DeclareUnicodeCharacter 

Missing character: There is no n in font nullfont!
Missing character: There is no h in font nullfont!
Missing character: There is no h in font nullfont!
Missing character: There is no u in font nullfont!
Missing character: There is no y in font nullfont!

! LaTeX Error: Unicode character ^^e1^^bb^^81 (U+1EC1)
               not set up for use with LaTeX.

See the LaTeX manual or LaTeX Companion for explanation.
Type  H <return>  for immediate help.
 ...                                              
                                                  
l.539 ...gle HEC$ (c^^e1^^ba^^a1nh huy^^e1^^bb^^81
                                                  n - g^^c3^^b3c nh^^e1^^bb^...

You may provide a definition with
\DeclareUnicodeCharacter 

Missing character: There is no n in font nullfont!
Missing character: There is no - in font nullfont!
Missing character: There is no g in font nullfont!
Missing character: There is no c in font nullfont!
Missing character: There is no n in font nullfont!
Missing character: There is no h in font nullfont!

! LaTeX Error: Unicode character ^^e1^^bb^^8d (U+1ECD)
               not set up for use with LaTeX.

See the LaTeX manual or LaTeX Companion for explanation.
Type  H <return>  for immediate help.
 ...                                              
                                                  
l.539 ...^^e1^^bb^^81n - g^^c3^^b3c nh^^e1^^bb^^8d
                                                  n).$\Rightarrow HI=HE$ (ha...

You may provide a definition with
\DeclareUnicodeCharacter 

Missing character: There is no n in font nullfont!
Missing character: There is no ) in font nullfont!
Missing character: There is no . in font nullfont!
Missing character: There is no ( in font nullfont!
Missing character: There is no h in font nullfont!
Missing character: There is no a in font nullfont!
Missing character: There is no i in font nullfont!
Missing character: There is no c in font nullfont!

! LaTeX Error: Unicode character ^^e1^^ba^^a1 (U+1EA1)
               not set up for use with LaTeX.

See the LaTeX manual or LaTeX Companion for explanation.
Type  H <return>  for immediate help.
 ...                                              
                                                  
l.539 ...n).$\Rightarrow HI=HE$ (hai c^^e1^^ba^^a1
                                                  nh t^^c6^^b0^^c6^^a1ng ^^e...

You may provide a definition with
\DeclareUnicodeCharacter 

Missing character: There is no n in font nullfont!
Missing character: There is no h in font nullfont!
Missing character: There is no t in font nullfont!

! LaTeX Error: Unicode character ^^c6^^b0 (U+01B0)
               not set up for use with LaTeX.

See the LaTeX manual or LaTeX Companion for explanation.
Type  H <return>  for immediate help.
 ...                                              
                                                  
l.539 ...row HI=HE$ (hai c^^e1^^ba^^a1nh t^^c6^^b0
                                                  ^^c6^^a1ng ^^e1^^bb^^a9ng).\\

You may provide a definition with
\DeclareUnicodeCharacter 


! LaTeX Error: Unicode character ^^c6^^a1 (U+01A1)
               not set up for use with LaTeX.

See the LaTeX manual or LaTeX Companion for explanation.
Type  H <return>  for immediate help.
 ...                                              
                                                  
l.539 ...E$ (hai c^^e1^^ba^^a1nh t^^c6^^b0^^c6^^a1
                                                  ng ^^e1^^bb^^a9ng).\\
You may provide a definition with
\DeclareUnicodeCharacter 

Missing character: There is no n in font nullfont!
Missing character: There is no g in font nullfont!

! LaTeX Error: Unicode character ^^e1^^bb^^a9 (U+1EE9)
               not set up for use with LaTeX.

See the LaTeX manual or LaTeX Companion for explanation.
Type  H <return>  for immediate help.
 ...                                              
                                                  
l.539 ...ba^^a1nh t^^c6^^b0^^c6^^a1ng ^^e1^^bb^^a9
                                                  ng).\\
You may provide a definition with
\DeclareUnicodeCharacter 

Missing character: There is no n in font nullfont!
Missing character: There is no g in font nullfont!
Missing character: There is no ) in font nullfont!
Missing character: There is no . in font nullfont!
Missing character: There is no X in font nullfont!
Missing character: There is no t in font nullfont!
Missing character: There is no v in font nullfont!
Missing character: There is no u in font nullfont!
Missing character: There is no n in font nullfont!
Missing character: There is no g in font nullfont!
Missing character: There is no t in font nullfont!

! LaTeX Error: Unicode character ^^e1^^ba^^a1 (U+1EA1)
               not set up for use with LaTeX.

See the LaTeX manual or LaTeX Companion for explanation.
Type  H <return>  for immediate help.
 ...                                              
                                                  
l.540 ...\triangle HIP$ vu^^c3^^b4ng t^^e1^^ba^^a1
                                                  i $I$ v^^c3^^a0 $\triangle...

You may provide a definition with
\DeclareUnicodeCharacter 

Missing character: There is no i in font nullfont!
Missing character: There is no v in font nullfont!
Missing character: There is no v in font nullfont!
Missing character: There is no u in font nullfont!
Missing character: There is no n in font nullfont!
Missing character: There is no g in font nullfont!
Missing character: There is no t in font nullfont!

! LaTeX Error: Unicode character ^^e1^^ba^^a1 (U+1EA1)
               not set up for use with LaTeX.

See the LaTeX manual or LaTeX Companion for explanation.
Type  H <return>  for immediate help.
 ...                                              
                                                  
l.540 ...\triangle HEQ$ vu^^c3^^b4ng t^^e1^^ba^^a1
                                                  i $E$ c^^c3^^b3
You may provide a definition with
\DeclareUnicodeCharacter 

Missing character: There is no i in font nullfont!
Missing character: There is no c in font nullfont!

Overfull \hbox (42.95825pt too wide) in paragraph at lines 539--541
 $\OMS/cmsy/m/n/10 4\OML/cmm/m/it/10 HIK \/cmr/m/n/10 =
 []


Overfull \hbox (33.83467pt too wide) in paragraph at lines 539--541
\OMS/cmsy/m/n/10 4\OML/cmm/m/it/10 HEC$
 []


Overfull \hbox (5.00002pt too wide) in paragraph at lines 539--541
\/cmr/m/n/10 ^^So
 []


Overfull \hbox (10.00002pt too wide) in paragraph at lines 539--541
\OMS/cmsy/m/n/10 )
 []


Overfull \hbox (24.86102pt too wide) in paragraph at lines 539--541
\OML/cmm/m/it/10 HI \/cmr/m/n/10 =
 []


Overfull \hbox (17.08328pt too wide) in paragraph at lines 539--541
\OML/cmm/m/it/10 HE$
 []


Overfull \hbox (4.44444pt too wide) in paragraph at lines 539--541
\/cmr/m/n/10 ^^Se
 []


Overfull \hbox (31.00345pt too wide) in paragraph at lines 539--541
\OMS/cmsy/m/n/10 4\OML/cmm/m/it/10 HIP$
 []


Overfull \hbox (5.00002pt too wide) in paragraph at lines 539--541
\/cmr/m/n/10 ^o
 []


Overfull \hbox (5.18054pt too wide) in paragraph at lines 539--541
\OML/cmm/m/it/10 I$
 []


Overfull \hbox (5.00002pt too wide) in paragraph at lines 539--541
\/cmr/m/n/10 ^^Ra
 []


Overfull \hbox (33.87773pt too wide) in paragraph at lines 539--541
\OMS/cmsy/m/n/10 4\OML/cmm/m/it/10 HEQ$
 []


Overfull \hbox (5.00002pt too wide) in paragraph at lines 539--541
\/cmr/m/n/10 ^o
 []


Overfull \hbox (7.95831pt too wide) in paragraph at lines 539--541
\OML/cmm/m/it/10 E$
 []


Overfull \hbox (5.00002pt too wide) in paragraph at lines 539--541
\/cmr/m/n/10 ^^So 
 []

Missing character: There is no ( in font nullfont!

! LaTeX Error: Command \dj unavailable in encoding .

See the LaTeX manual or LaTeX Companion for explanation.
Type  H <return>  for immediate help.
 ...                                              
                                                  
l.542 ...m $\widehat{IHP}=\widehat{EHQ}$ (^^c4^^91
                                                  ^^e1^^bb^^91i ^^c4^^91^^e1...

Your command was ignored.
Type  I <command> <return>  to replace it with another command,
or  <return>  to continue without it.


! LaTeX Error: Unicode character ^^e1^^bb^^91 (U+1ED1)
               not set up for use with LaTeX.

See the LaTeX manual or LaTeX Companion for explanation.
Type  H <return>  for immediate help.
 ...                                              
                                                  
l.542 ...IHP}=\widehat{EHQ}$ (^^c4^^91^^e1^^bb^^91
                                                  i ^^c4^^91^^e1^^bb^^89nh).
You may provide a definition with
\DeclareUnicodeCharacter 

Missing character: There is no i in font nullfont!

! LaTeX Error: Command \dj unavailable in encoding .

See the LaTeX manual or LaTeX Companion for explanation.
Type  H <return>  for immediate help.
 ...                                              
                                                  
l.542 ...hat{EHQ}$ (^^c4^^91^^e1^^bb^^91i ^^c4^^91
                                                  ^^e1^^bb^^89nh).
Your command was ignored.
Type  I <command> <return>  to replace it with another command,
or  <return>  to continue without it.


! LaTeX Error: Unicode character ^^e1^^bb^^89 (U+1EC9)
               not set up for use with LaTeX.

See the LaTeX manual or LaTeX Companion for explanation.
Type  H <return>  for immediate help.
 ...                                              
                                                  
l.542 ...^c4^^91^^e1^^bb^^91i ^^c4^^91^^e1^^bb^^89
                                                  nh).
You may provide a definition with
\DeclareUnicodeCharacter 

Missing character: There is no n in font nullfont!
Missing character: There is no h in font nullfont!
Missing character: There is no ) in font nullfont!
Missing character: There is no . in font nullfont!

Overfull \hbox (32.67006pt too wide) in paragraph at lines 542--543
[] \/cmr/m/n/10 =
 []


Overfull \hbox (24.98883pt too wide) in paragraph at lines 542--543
[]$ 
 []

Missing character: There is no ( in font nullfont!
Missing character: There is no c in font nullfont!
Missing character: There is no h in font nullfont!

! LaTeX Error: Unicode character ^^e1^^bb^^a9 (U+1EE9)
               not set up for use with LaTeX.

See the LaTeX manual or LaTeX Companion for explanation.
Type  H <return>  for immediate help.
 ...                                              
                                                  
l.543 ^^I^^I^^I^^I\item $HI=HE$ (ch^^e1^^bb^^a9
                                               ng minh tr^^c3^^aan)
You may provide a definition with
\DeclareUnicodeCharacter 

Missing character: There is no n in font nullfont!
Missing character: There is no g in font nullfont!
Missing character: There is no m in font nullfont!
Missing character: There is no i in font nullfont!
Missing character: There is no n in font nullfont!
Missing character: There is no h in font nullfont!
Missing character: There is no t in font nullfont!
Missing character: There is no r in font nullfont!
Missing character: There is no n in font nullfont!
Missing character: There is no ) in font nullfont!

Overfull \hbox (24.86102pt too wide) in paragraph at lines 543--544
\OML/cmm/m/it/10 HI \/cmr/m/n/10 =
 []


Overfull \hbox (17.08328pt too wide) in paragraph at lines 543--544
\OML/cmm/m/it/10 HE$
 []


Overfull \hbox (4.44444pt too wide) in paragraph at lines 543--544
\/cmr/m/n/10 ^e 
 []

Missing character: There is no V in font nullfont!

! LaTeX Error: Unicode character ^^e1^^ba^^ad (U+1EAD)
               not set up for use with LaTeX.

See the LaTeX manual or LaTeX Companion for explanation.
Type  H <return>  for immediate help.
 ...                                              
                                                  
l.545 ^^I^^I^^IV^^e1^^ba^^ad
                            y $\triangle HIP=\triangle HEQ$ (c^^e1^^ba^^a1nh...

You may provide a definition with
\DeclareUnicodeCharacter 

Missing character: There is no y in font nullfont!
Missing character: There is no ( in font nullfont!
Missing character: There is no c in font nullfont!

! LaTeX Error: Unicode character ^^e1^^ba^^a1 (U+1EA1)
               not set up for use with LaTeX.

See the LaTeX manual or LaTeX Companion for explanation.
Type  H <return>  for immediate help.
 ...                                              
                                                  
l.545 ...riangle HIP=\triangle HEQ$ (c^^e1^^ba^^a1
                                                  nh g^^c3^^b3c vu^^c3^^b4ng...

You may provide a definition with
\DeclareUnicodeCharacter 

Missing character: There is no n in font nullfont!
Missing character: There is no h in font nullfont!
Missing character: There is no g in font nullfont!
Missing character: There is no c in font nullfont!
Missing character: There is no v in font nullfont!
Missing character: There is no u in font nullfont!
Missing character: There is no n in font nullfont!
Missing character: There is no g in font nullfont!
Missing character: There is no - in font nullfont!
Missing character: There is no g in font nullfont!
Missing character: There is no c in font nullfont!
Missing character: There is no n in font nullfont!
Missing character: There is no h in font nullfont!

! LaTeX Error: Unicode character ^^e1^^bb^^8d (U+1ECD)
               not set up for use with LaTeX.

See the LaTeX manual or LaTeX Companion for explanation.
Type  H <return>  for immediate help.
 ...                                              
                                                  
l.545 ... vu^^c3^^b4ng - g^^c3^^b3c nh^^e1^^bb^^8d
                                                  n).$\Rightarrow HP=HQ$ (ha...

You may provide a definition with
\DeclareUnicodeCharacter 

Missing character: There is no n in font nullfont!
Missing character: There is no ) in font nullfont!
Missing character: There is no . in font nullfont!
Missing character: There is no ( in font nullfont!
Missing character: There is no h in font nullfont!
Missing character: There is no a in font nullfont!
Missing character: There is no i in font nullfont!
Missing character: There is no c in font nullfont!

! LaTeX Error: Unicode character ^^e1^^ba^^a1 (U+1EA1)
               not set up for use with LaTeX.

See the LaTeX manual or LaTeX Companion for explanation.
Type  H <return>  for immediate help.
 ...                                              
                                                  
l.545 ...n).$\Rightarrow HP=HQ$ (hai c^^e1^^ba^^a1
                                                  nh t^^c6^^b0^^c6^^a1ng ^^e...

You may provide a definition with
\DeclareUnicodeCharacter 

Missing character: There is no n in font nullfont!
Missing character: There is no h in font nullfont!
Missing character: There is no t in font nullfont!

! LaTeX Error: Unicode character ^^c6^^b0 (U+01B0)
               not set up for use with LaTeX.

See the LaTeX manual or LaTeX Companion for explanation.
Type  H <return>  for immediate help.
 ...                                              
                                                  
l.545 ...row HP=HQ$ (hai c^^e1^^ba^^a1nh t^^c6^^b0
                                                  ^^c6^^a1ng ^^e1^^bb^^a9ng).
You may provide a definition with
\DeclareUnicodeCharacter 


! LaTeX Error: Unicode character ^^c6^^a1 (U+01A1)
               not set up for use with LaTeX.

See the LaTeX manual or LaTeX Companion for explanation.
Type  H <return>  for immediate help.
 ...                                              
                                                  
l.545 ...Q$ (hai c^^e1^^ba^^a1nh t^^c6^^b0^^c6^^a1
                                                  ng ^^e1^^bb^^a9ng).
You may provide a definition with
\DeclareUnicodeCharacter 

Missing character: There is no n in font nullfont!
Missing character: There is no g in font nullfont!

! LaTeX Error: Unicode character ^^e1^^bb^^a9 (U+1EE9)
               not set up for use with LaTeX.

See the LaTeX manual or LaTeX Companion for explanation.
Type  H <return>  for immediate help.
 ...                                              
                                                  
l.545 ...ba^^a1nh t^^c6^^b0^^c6^^a1ng ^^e1^^bb^^a9
                                                  ng).
You may provide a definition with
\DeclareUnicodeCharacter 

Missing character: There is no n in font nullfont!
Missing character: There is no g in font nullfont!
Missing character: There is no ) in font nullfont!
Missing character: There is no . in font nullfont!

Overfull \hbox (41.55896pt too wide) in paragraph at lines 545--546
 $\OMS/cmsy/m/n/10 4\OML/cmm/m/it/10 HIP \/cmr/m/n/10 =
 []


Overfull \hbox (33.87773pt too wide) in paragraph at lines 545--546
\OMS/cmsy/m/n/10 4\OML/cmm/m/it/10 HEQ$
 []


Overfull \hbox (5.00002pt too wide) in paragraph at lines 545--546
\/cmr/m/n/10 ^^So
 []


Overfull \hbox (5.00002pt too wide) in paragraph at lines 545--546
\/cmr/m/n/10 ^o
 []


Overfull \hbox (5.00002pt too wide) in paragraph at lines 545--546
\/cmr/m/n/10 ^^So
 []


Overfull \hbox (10.00002pt too wide) in paragraph at lines 545--546
\OMS/cmsy/m/n/10 )
 []


Overfull \hbox (27.48952pt too wide) in paragraph at lines 545--546
\OML/cmm/m/it/10 HP \/cmr/m/n/10 =
 []


Overfull \hbox (17.03052pt too wide) in paragraph at lines 545--546
\OML/cmm/m/it/10 HQ$
 []


! LaTeX Error: \begin{document} ended by \end{ex}.

See the LaTeX manual or LaTeX Companion for explanation.
Type  H <return>  for immediate help.
 ...                                              
                                                  
l.549 \end{ex}
              
Your command was ignored.
Type  I <command> <return>  to replace it with another command,
or  <return>  to continue without it.


! LaTeX Error: Environment ex undefined.

See the LaTeX manual or LaTeX Companion for explanation.
Type  H <return>  for immediate help.
 ...                                              
                                                  
l.551 \begin{ex}
                
Your command was ignored.
Type  I <command> <return>  to replace it with another command,
or  <return>  to continue without it.

Missing character: There is no C in font nullfont!
Missing character: There is no h in font nullfont!
Missing character: There is no o in font nullfont!
Missing character: There is no t in font nullfont!
Missing character: There is no a in font nullfont!
Missing character: There is no m in font nullfont!
Missing character: There is no g in font nullfont!
Missing character: There is no i in font nullfont!
Missing character: There is no c in font nullfont!
Missing character: There is no , in font nullfont!

! LaTeX Error: Command \dj unavailable in encoding .

See the LaTeX manual or LaTeX Companion for explanation.
Type  H <return>  for immediate help.
 ...                                              
                                                  
l.552 ^^ICho tam gi^^c3^^a1c $ABC$, ^^c4^^91
                                            ^^c6^^b0^^e1^^bb^^9dng cao $AH$....

Your command was ignored.
Type  I <command> <return>  to replace it with another command,
or  <return>  to continue without it.


! LaTeX Error: Unicode character ^^c6^^b0 (U+01B0)
               not set up for use with LaTeX.

See the LaTeX manual or LaTeX Companion for explanation.
Type  H <return>  for immediate help.
 ...                                              
                                                  
l.552 ...o tam gi^^c3^^a1c $ABC$, ^^c4^^91^^c6^^b0
                                                  ^^e1^^bb^^9dng cao $AH$. B...

You may provide a definition with
\DeclareUnicodeCharacter 


! LaTeX Error: Unicode character ^^e1^^bb^^9d (U+1EDD)
               not set up for use with LaTeX.

See the LaTeX manual or LaTeX Companion for explanation.
Type  H <return>  for immediate help.
 ...                                              
                                                  
l.552 ...^^a1c $ABC$, ^^c4^^91^^c6^^b0^^e1^^bb^^9d
                                                  ng cao $AH$. Bi^^e1^^ba^^b...

You may provide a definition with
\DeclareUnicodeCharacter 

Missing character: There is no n in font nullfont!
Missing character: There is no g in font nullfont!
Missing character: There is no c in font nullfont!
Missing character: There is no a in font nullfont!
Missing character: There is no o in font nullfont!
Missing character: There is no . in font nullfont!
Missing character: There is no B in font nullfont!
Missing character: There is no i in font nullfont!

! LaTeX Error: Unicode character ^^e1^^ba^^bf (U+1EBF)
               not set up for use with LaTeX.

See the LaTeX manual or LaTeX Companion for explanation.
Type  H <return>  for immediate help.
 ...                                              
                                                  
l.552 ...b0^^e1^^bb^^9dng cao $AH$. Bi^^e1^^ba^^bf
                                                  t $AH=\sqrt{HB\cdot HC}$. ...

You may provide a definition with
\DeclareUnicodeCharacter 

Missing character: There is no t in font nullfont!
Missing character: There is no . in font nullfont!
Missing character: There is no C in font nullfont!
Missing character: There is no h in font nullfont!

! LaTeX Error: Unicode character ^^e1^^bb^^a9 (U+1EE9)
               not set up for use with LaTeX.

See the LaTeX manual or LaTeX Companion for explanation.
Type  H <return>  for immediate help.
 ...                                              
                                                  
l.552 ...ft $AH=\sqrt{HB\cdot HC}$. Ch^^e1^^bb^^a9
                                                  ng minh $\triangle ABC$ vu...

You may provide a definition with
\DeclareUnicodeCharacter 

Missing character: There is no n in font nullfont!
Missing character: There is no g in font nullfont!
Missing character: There is no m in font nullfont!
Missing character: There is no i in font nullfont!
Missing character: There is no n in font nullfont!
Missing character: There is no h in font nullfont!
Missing character: There is no v in font nullfont!
Missing character: There is no u in font nullfont!
Missing character: There is no n in font nullfont!
Missing character: There is no g in font nullfont!
Missing character: There is no t in font nullfont!

! LaTeX Error: Unicode character ^^e1^^ba^^a1 (U+1EA1)
               not set up for use with LaTeX.

See the LaTeX manual or LaTeX Companion for explanation.
Type  H <return>  for immediate help.
 ...                                              
                                                  
l.552 ...\triangle ABC$ vu^^c3^^b4ng t^^e1^^ba^^a1
                                                  i $A$.
You may provide a definition with
\DeclareUnicodeCharacter 

Missing character: There is no i in font nullfont!
Missing character: There is no . in font nullfont!
! Undefined control sequence.
l.553 \loigiai
              {
The control sequence at the end of the top line
of your error message was never \def'ed. If you have
misspelled it (e.g., `\hobx'), type `I' and the correct
spelling (e.g., `I\hbox'). Otherwise just continue,
and I'll forget about whatever was undefined.

! Undefined control sequence.
l.554 ^^I\noindent{\it
                       C^^c3^^a1ch 1.}
The control sequence at the end of the top line
of your error message was never \def'ed. If you have
misspelled it (e.g., `\hobx'), type `I' and the correct
spelling (e.g., `I\hbox'). Otherwise just continue,
and I'll forget about whatever was undefined.

Missing character: There is no C in font nullfont!
Missing character: There is no c in font nullfont!
Missing character: There is no h in font nullfont!
Missing character: There is no 1 in font nullfont!
Missing character: There is no . in font nullfont!
! Undefined control sequence.
l.555 ^^I\immini
                {
The control sequence at the end of the top line
of your error message was never \def'ed. If you have
misspelled it (e.g., `\hobx'), type `I' and the correct
spelling (e.g., `I\hbox'). Otherwise just continue,
and I'll forget about whatever was undefined.

Missing character: There is no T in font nullfont!
Missing character: There is no a in font nullfont!
Missing character: There is no c in font nullfont!

Overfull \hbox (5.00002pt too wide) in paragraph at lines 552--557
  \/cmr/m/n/10 ^^Sa
 []


Overfull \hbox (23.44931pt too wide) in paragraph at lines 552--557
\OML/cmm/m/it/10 ABC$
 []


Overfull \hbox (16.62498pt too wide) in paragraph at lines 552--557
\OML/cmm/m/it/10 AH$
 []


Overfull \hbox (27.1805pt too wide) in paragraph at lines 552--557
\OML/cmm/m/it/10 AH \/cmr/m/n/10 =
 []


Overfull \hbox (49.75471pt too wide) in paragraph at lines 552--557
[]$
 []


Overfull \hbox (32.33821pt too wide) in paragraph at lines 552--557
\OMS/cmsy/m/n/10 4\OML/cmm/m/it/10 ABC$
 []


Overfull \hbox (5.00002pt too wide) in paragraph at lines 552--557
\/cmr/m/n/10 ^o
 []


Overfull \hbox (7.50002pt too wide) in paragraph at lines 552--557
\OML/cmm/m/it/10 A$
 []


Overfull \hbox (5.00002pt too wide) in paragraph at lines 552--557
\/cmr/m/n/10 ^^Sa
 []


Overfull \hbox (5.00002pt too wide) in paragraph at lines 552--557
\/cmr/m/n/10 ^^So 
 []

! Undefined control sequence.
l.560 ^^I^^I^^I^^I&\Leftrightarrow&\dfrac
                                         {AH}{HC}=\dfrac{HB}{AH}.
The control sequence at the end of the top line
of your error message was never \def'ed. If you have
misspelled it (e.g., `\hobx'), type `I' and the correct
spelling (e.g., `I\hbox'). Otherwise just continue,
and I'll forget about whatever was undefined.

! Undefined control sequence.
l.560 ...^^I&\Leftrightarrow&\dfrac{AH}{HC}=\dfrac
                                                  {HB}{AH}.
The control sequence at the end of the top line
of your error message was never \def'ed. If you have
misspelled it (e.g., `\hobx'), type `I' and the correct
spelling (e.g., `I\hbox'). Otherwise just continue,
and I'll forget about whatever was undefined.


Overfull \hbox (93.56023pt too wide) in alignment at lines 557--561
 [][][] []
 []

Missing character: There is no X in font nullfont!
Missing character: There is no t in font nullfont!
Missing character: There is no v in font nullfont!
Missing character: There is no c in font nullfont!

Overfull \hbox (4.44444pt too wide) in paragraph at lines 561--563
\/cmr/m/n/10 ^^Se
 []


Overfull \hbox (33.6007pt too wide) in paragraph at lines 561--563
\OMS/cmsy/m/n/10 4\OML/cmm/m/it/10 AHB$
 []


Overfull \hbox (5.00002pt too wide) in paragraph at lines 561--563
\/cmr/m/n/10 ^^Ra
 []


Overfull \hbox (33.37637pt too wide) in paragraph at lines 561--563
\OMS/cmsy/m/n/10 4\OML/cmm/m/it/10 CHA$
 []


Overfull \hbox (5.00002pt too wide) in paragraph at lines 561--563
\/cmr/m/n/10 ^^So 
 []

Missing character: There is no ( in font nullfont!
Missing character: There is no l in font nullfont!

! LaTeX Error: Command \dj unavailable in encoding .

See the LaTeX manual or LaTeX Companion for explanation.
Type  H <return>  for immediate help.
 ...                                              
                                                  
l.564 ...t{AHC}=90^\circ$ ($AH$ l^^c3^^a0 ^^c4^^91
                                                  ^^c6^^b0^^e1^^bb^^9dng cao).
Your command was ignored.
Type  I <command> <return>  to replace it with another command,
or  <return>  to continue without it.


! LaTeX Error: Unicode character ^^c6^^b0 (U+01B0)
               not set up for use with LaTeX.

See the LaTeX manual or LaTeX Companion for explanation.
Type  H <return>  for immediate help.
 ...                                              
                                                  
l.564 ...0^\circ$ ($AH$ l^^c3^^a0 ^^c4^^91^^c6^^b0
                                                  ^^e1^^bb^^9dng cao).
You may provide a definition with
\DeclareUnicodeCharacter 


! LaTeX Error: Unicode character ^^e1^^bb^^9d (U+1EDD)
               not set up for use with LaTeX.

See the LaTeX manual or LaTeX Companion for explanation.
Type  H <return>  for immediate help.
 ...                                              
                                                  
l.564 ...H$ l^^c3^^a0 ^^c4^^91^^c6^^b0^^e1^^bb^^9d
                                                  ng cao).
You may provide a definition with
\DeclareUnicodeCharacter 

Missing character: There is no n in font nullfont!
Missing character: There is no g in font nullfont!
Missing character: There is no c in font nullfont!
Missing character: There is no a in font nullfont!
Missing character: There is no o in font nullfont!
Missing character: There is no ) in font nullfont!
Missing character: There is no . in font nullfont!

Overfull \hbox (35.2673pt too wide) in paragraph at lines 564--565
[] \/cmr/m/n/10 =
 []


Overfull \hbox (35.04298pt too wide) in paragraph at lines 564--565
[] \/cmr/m/n/10 =
 []


Overfull \hbox (14.59726pt too wide) in paragraph at lines 564--565
\/cmr/m/n/10 90[]$
 []


Overfull \hbox (16.62498pt too wide) in paragraph at lines 564--565
\OML/cmm/m/it/10 AH$
 []


Overfull \hbox (5.00002pt too wide) in paragraph at lines 564--565
\/cmr/m/n/10 ^^Ra 
 []

! Undefined control sequence.
<recently read> \dfrac 
                       
l.565 ^^I^^I^^I\item $\dfrac
                            {AH}{HC}=\dfrac{HB}{AH}$ (ch^^e1^^bb^^a9ng minh ...
The control sequence at the end of the top line
of your error message was never \def'ed. If you have
misspelled it (e.g., `\hobx'), type `I' and the correct
spelling (e.g., `I\hbox'). Otherwise just continue,
and I'll forget about whatever was undefined.

! Undefined control sequence.
l.565 ^^I^^I^^I\item $\dfrac{AH}{HC}=\dfrac
                                           {HB}{AH}$ (ch^^e1^^bb^^a9ng minh ...
The control sequence at the end of the top line
of your error message was never \def'ed. If you have
misspelled it (e.g., `\hobx'), type `I' and the correct
spelling (e.g., `I\hbox'). Otherwise just continue,
and I'll forget about whatever was undefined.

Missing character: There is no ( in font nullfont!
Missing character: There is no c in font nullfont!
Missing character: There is no h in font nullfont!

! LaTeX Error: Unicode character ^^e1^^bb^^a9 (U+1EE9)
               not set up for use with LaTeX.

See the LaTeX manual or LaTeX Companion for explanation.
Type  H <return>  for immediate help.
 ...                                              
                                                  
l.565 ...c{AH}{HC}=\dfrac{HB}{AH}$ (ch^^e1^^bb^^a9
                                                  ng minh tr^^c3^^aan).
You may provide a definition with
\DeclareUnicodeCharacter 

Missing character: There is no n in font nullfont!
Missing character: There is no g in font nullfont!
Missing character: There is no m in font nullfont!
Missing character: There is no i in font nullfont!
Missing character: There is no n in font nullfont!
Missing character: There is no h in font nullfont!
Missing character: There is no t in font nullfont!
Missing character: There is no r in font nullfont!
Missing character: There is no n in font nullfont!
Missing character: There is no ) in font nullfont!
Missing character: There is no . in font nullfont!

Overfull \hbox (44.16795pt too wide) in paragraph at lines 565--566
[][] \/cmr/m/n/10 =
 []


Overfull \hbox (33.83676pt too wide) in paragraph at lines 565--566
[][]$
 []


Overfull \hbox (4.44444pt too wide) in paragraph at lines 565--566
\/cmr/m/n/10 ^e 
 []


! LaTeX Error: Environment tikzpicture undefined.

See the LaTeX manual or LaTeX Companion for explanation.
Type  H <return>  for immediate help.
 ...                                              
                                                  
l.568 ^^I^^I\begin{tikzpicture}
                               
Your command was ignored.
Type  I <command> <return>  to replace it with another command,
or  <return>  to continue without it.

! Undefined control sequence.
l.569 ^^I^^I\path
                 
The control sequence at the end of the top line
of your error message was never \def'ed. If you have
misspelled it (e.g., `\hobx'), type `I' and the correct
spelling (e.g., `I\hbox'). Otherwise just continue,
and I'll forget about whatever was undefined.

Missing character: There is no ( in font nullfont!
Missing character: There is no 0 in font nullfont!
Missing character: There is no , in font nullfont!
Missing character: There is no 0 in font nullfont!
Missing character: There is no ) in font nullfont!
Missing character: There is no c in font nullfont!
Missing character: There is no o in font nullfont!
Missing character: There is no o in font nullfont!
Missing character: There is no r in font nullfont!
Missing character: There is no d in font nullfont!
Missing character: There is no i in font nullfont!
Missing character: There is no n in font nullfont!
Missing character: There is no a in font nullfont!
Missing character: There is no t in font nullfont!
Missing character: There is no e in font nullfont!
Missing character: There is no ( in font nullfont!
Missing character: There is no B in font nullfont!
Missing character: There is no ) in font nullfont!
Missing character: There is no ( in font nullfont!
Missing character: There is no 2 in font nullfont!
Missing character: There is no , in font nullfont!
Missing character: There is no 4 in font nullfont!
Missing character: There is no ) in font nullfont!
Missing character: There is no c in font nullfont!
Missing character: There is no o in font nullfont!
Missing character: There is no o in font nullfont!
Missing character: There is no r in font nullfont!
Missing character: There is no d in font nullfont!
Missing character: There is no i in font nullfont!
Missing character: There is no n in font nullfont!
Missing character: There is no a in font nullfont!
Missing character: There is no t in font nullfont!
Missing character: There is no e in font nullfont!
Missing character: There is no ( in font nullfont!
Missing character: There is no A in font nullfont!
Missing character: There is no ) in font nullfont!
Missing character: There is no ( in font nullfont!
Missing character: There is no 6 in font nullfont!
Missing character: There is no , in font nullfont!
Missing character: There is no 0 in font nullfont!
Missing character: There is no ) in font nullfont!
Missing character: There is no c in font nullfont!
Missing character: There is no o in font nullfont!
Missing character: There is no o in font nullfont!
Missing character: There is no r in font nullfont!
Missing character: There is no d in font nullfont!
Missing character: There is no i in font nullfont!
Missing character: There is no n in font nullfont!
Missing character: There is no a in font nullfont!
Missing character: There is no t in font nullfont!
Missing character: There is no e in font nullfont!
Missing character: There is no ( in font nullfont!
Missing character: There is no C in font nullfont!
Missing character: There is no ) in font nullfont!
Missing character: There is no ( in font nullfont!
Missing character: There is no ) in font nullfont!
Missing character: There is no c in font nullfont!
Missing character: There is no o in font nullfont!
Missing character: There is no o in font nullfont!
Missing character: There is no r in font nullfont!
Missing character: There is no d in font nullfont!
Missing character: There is no i in font nullfont!
Missing character: There is no n in font nullfont!
Missing character: There is no a in font nullfont!
Missing character: There is no t in font nullfont!
Missing character: There is no e in font nullfont!
Missing character: There is no ( in font nullfont!
Missing character: There is no H in font nullfont!
Missing character: There is no ) in font nullfont!
Missing character: There is no ; in font nullfont!
! Undefined control sequence.
l.575 ^^I^^I\draw
                 
The control sequence at the end of the top line
of your error message was never \def'ed. If you have
misspelled it (e.g., `\hobx'), type `I' and the correct
spelling (e.g., `I\hbox'). Otherwise just continue,
and I'll forget about whatever was undefined.

Missing character: There is no ( in font nullfont!
Missing character: There is no A in font nullfont!
Missing character: There is no ) in font nullfont!
Missing character: There is no - in font nullfont!
Missing character: There is no - in font nullfont!
Missing character: There is no ( in font nullfont!
Missing character: There is no B in font nullfont!
Missing character: There is no ) in font nullfont!
Missing character: There is no - in font nullfont!
Missing character: There is no - in font nullfont!
Missing character: There is no ( in font nullfont!
Missing character: There is no C in font nullfont!
Missing character: There is no ) in font nullfont!
Missing character: There is no - in font nullfont!
Missing character: There is no - in font nullfont!
Missing character: There is no c in font nullfont!
Missing character: There is no y in font nullfont!
Missing character: There is no c in font nullfont!
Missing character: There is no l in font nullfont!
Missing character: There is no e in font nullfont!
Missing character: There is no ( in font nullfont!
Missing character: There is no A in font nullfont!
Missing character: There is no ) in font nullfont!
Missing character: There is no - in font nullfont!
Missing character: There is no - in font nullfont!
Missing character: There is no ( in font nullfont!
Missing character: There is no H in font nullfont!
Missing character: There is no ) in font nullfont!
Missing character: There is no ; in font nullfont!
! Undefined control sequence.
l.579 ^^I^^I\foreach
                     \x/\g in {A/90,B/-135,H/-90,C/-90}
The control sequence at the end of the top line
of your error message was never \def'ed. If you have
misspelled it (e.g., `\hobx'), type `I' and the correct
spelling (e.g., `I\hbox'). Otherwise just continue,
and I'll forget about whatever was undefined.

! Undefined control sequence.
l.579 ^^I^^I\foreach \x
                       /\g in {A/90,B/-135,H/-90,C/-90}
The control sequence at the end of the top line
of your error message was never \def'ed. If you have
misspelled it (e.g., `\hobx'), type `I' and the correct
spelling (e.g., `I\hbox'). Otherwise just continue,
and I'll forget about whatever was undefined.

Missing character: There is no / in font nullfont!
! Undefined control sequence.
l.579 ^^I^^I\foreach \x/\g
                           in {A/90,B/-135,H/-90,C/-90}
The control sequence at the end of the top line
of your error message was never \def'ed. If you have
misspelled it (e.g., `\hobx'), type `I' and the correct
spelling (e.g., `I\hbox'). Otherwise just continue,
and I'll forget about whatever was undefined.

Missing character: There is no i in font nullfont!
Missing character: There is no n in font nullfont!
Missing character: There is no A in font nullfont!
Missing character: There is no / in font nullfont!
Missing character: There is no 9 in font nullfont!
Missing character: There is no 0 in font nullfont!
Missing character: There is no , in font nullfont!
Missing character: There is no B in font nullfont!
Missing character: There is no / in font nullfont!
Missing character: There is no - in font nullfont!
Missing character: There is no 1 in font nullfont!
Missing character: There is no 3 in font nullfont!
Missing character: There is no 5 in font nullfont!
Missing character: There is no , in font nullfont!
Missing character: There is no H in font nullfont!
Missing character: There is no / in font nullfont!
Missing character: There is no - in font nullfont!
Missing character: There is no 9 in font nullfont!
Missing character: There is no 0 in font nullfont!
Missing character: There is no , in font nullfont!
Missing character: There is no C in font nullfont!
Missing character: There is no / in font nullfont!
Missing character: There is no - in font nullfont!
Missing character: There is no 9 in font nullfont!
Missing character: There is no 0 in font nullfont!
! Undefined control sequence.
l.581 ^^I^^I^^I\draw
                     [fill=black](\x) circle (1.5pt) +(\g:3mm) node {$\x$};
The control sequence at the end of the top line
of your error message was never \def'ed. If you have
misspelled it (e.g., `\hobx'), type `I' and the correct
spelling (e.g., `I\hbox'). Otherwise just continue,
and I'll forget about whatever was undefined.

Missing character: There is no [ in font nullfont!
Missing character: There is no f in font nullfont!
Missing character: There is no i in font nullfont!
Missing character: There is no l in font nullfont!
Missing character: There is no l in font nullfont!
Missing character: There is no = in font nullfont!
Missing character: There is no b in font nullfont!
Missing character: There is no l in font nullfont!
Missing character: There is no a in font nullfont!
Missing character: There is no c in font nullfont!
Missing character: There is no k in font nullfont!
Missing character: There is no ] in font nullfont!
Missing character: There is no ( in font nullfont!
! Undefined control sequence.
l.581 ^^I^^I^^I\draw [fill=black](\x
                                    ) circle (1.5pt) +(\g:3mm) node {$\x$};
The control sequence at the end of the top line
of your error message was never \def'ed. If you have
misspelled it (e.g., `\hobx'), type `I' and the correct
spelling (e.g., `I\hbox'). Otherwise just continue,
and I'll forget about whatever was undefined.

Missing character: There is no ) in font nullfont!
Missing character: There is no c in font nullfont!
Missing character: There is no i in font nullfont!
Missing character: There is no r in font nullfont!
Missing character: There is no c in font nullfont!
Missing character: There is no l in font nullfont!
Missing character: There is no e in font nullfont!
Missing character: There is no ( in font nullfont!
Missing character: There is no 1 in font nullfont!
Missing character: There is no . in font nullfont!
Missing character: There is no 5 in font nullfont!
Missing character: There is no p in font nullfont!
Missing character: There is no t in font nullfont!
Missing character: There is no ) in font nullfont!
Missing character: There is no + in font nullfont!
Missing character: There is no ( in font nullfont!
! Undefined control sequence.
l.581 ...draw [fill=black](\x) circle (1.5pt) +(\g
                                                  :3mm) node {$\x$};
The control sequence at the end of the top line
of your error message was never \def'ed. If you have
misspelled it (e.g., `\hobx'), type `I' and the correct
spelling (e.g., `I\hbox'). Otherwise just continue,
and I'll forget about whatever was undefined.

Missing character: There is no : in font nullfont!
Missing character: There is no 3 in font nullfont!
Missing character: There is no m in font nullfont!
Missing character: There is no m in font nullfont!
Missing character: There is no ) in font nullfont!
Missing character: There is no n in font nullfont!
Missing character: There is no o in font nullfont!
Missing character: There is no d in font nullfont!
Missing character: There is no e in font nullfont!
! Undefined control sequence.
<recently read> \x 
                   
l.581 ...k](\x) circle (1.5pt) +(\g:3mm) node {$\x
                                                  $};
The control sequence at the end of the top line
of your error message was never \def'ed. If you have
misspelled it (e.g., `\hobx'), type `I' and the correct
spelling (e.g., `I\hbox'). Otherwise just continue,
and I'll forget about whatever was undefined.

Missing character: There is no ; in font nullfont!

! LaTeX Error: \begin{document} ended by \end{tikzpicture}.

See the LaTeX manual or LaTeX Companion for explanation.
Type  H <return>  for immediate help.
 ...                                              
                                                  
l.583 ^^I^^I\end{tikzpicture}
                             
Your command was ignored.
Type  I <command> <return>  to replace it with another command,
or  <return>  to continue without it.

Missing character: There is no V in font nullfont!

! LaTeX Error: Unicode character ^^e1^^ba^^ad (U+1EAD)
               not set up for use with LaTeX.

See the LaTeX manual or LaTeX Companion for explanation.
Type  H <return>  for immediate help.
 ...                                              
                                                  
l.585 V^^e1^^ba^^ad
                   y $\triangle AHB\sim \triangle CHA$ (c^^e1^^ba^^a1nh - g^...

You may provide a definition with
\DeclareUnicodeCharacter 

Missing character: There is no y in font nullfont!
Missing character: There is no ( in font nullfont!
Missing character: There is no c in font nullfont!

! LaTeX Error: Unicode character ^^e1^^ba^^a1 (U+1EA1)
               not set up for use with LaTeX.

See the LaTeX manual or LaTeX Companion for explanation.
Type  H <return>  for immediate help.
 ...                                              
                                                  
l.585 ...gle AHB\sim \triangle CHA$ (c^^e1^^ba^^a1
                                                  nh - g^^c3^^b3c - c^^e1^^b...

You may provide a definition with
\DeclareUnicodeCharacter 

Missing character: There is no n in font nullfont!
Missing character: There is no h in font nullfont!
Missing character: There is no - in font nullfont!
Missing character: There is no g in font nullfont!
Missing character: There is no c in font nullfont!
Missing character: There is no - in font nullfont!
Missing character: There is no c in font nullfont!

! LaTeX Error: Unicode character ^^e1^^ba^^a1 (U+1EA1)
               not set up for use with LaTeX.

See the LaTeX manual or LaTeX Companion for explanation.
Type  H <return>  for immediate help.
 ...                                              
                                                  
l.585 ...e1^^ba^^a1nh - g^^c3^^b3c - c^^e1^^ba^^a1
                                                  nh).\\
You may provide a definition with
\DeclareUnicodeCharacter 

Missing character: There is no n in font nullfont!
Missing character: There is no h in font nullfont!
Missing character: There is no ) in font nullfont!
Missing character: There is no . in font nullfont!
Missing character: There is no S in font nullfont!
Missing character: There is no u in font nullfont!
Missing character: There is no y in font nullfont!
Missing character: There is no r in font nullfont!
Missing character: There is no a in font nullfont!
Missing character: There is no . in font nullfont!
Missing character: There is no M in font nullfont!

Overfull \hbox (20.0pt too wide) in paragraph at lines 570--588
[]
 []


Overfull \hbox (52.33829pt too wide) in paragraph at lines 570--588
\/cmr/m/n/10 (\OML/cmm/m/it/10 B\/cmr/m/n/10 )!(\OML/cmm/m/it/10 A\/cmr/m/n/10 
)!(\OML/cmm/m/it/10 C\/cmr/m/n/10 )$
 []


Overfull \hbox (44.1562pt too wide) in paragraph at lines 570--588
\OMS/cmsy/m/n/10 4\OML/cmm/m/it/10 AHB \OMS/cmsy/m/n/10 ^^X
 []


Overfull \hbox (33.37637pt too wide) in paragraph at lines 570--588
\OMS/cmsy/m/n/10 4\OML/cmm/m/it/10 CHA$
 []


Overfull \hbox (5.00002pt too wide) in paragraph at lines 570--588
\/cmr/m/n/10 ^^So
 []


Overfull \hbox (35.2673pt too wide) in paragraph at lines 570--588
[] \/cmr/m/n/10 =
 []


Overfull \hbox (24.48747pt too wide) in paragraph at lines 570--588
[]$ 
 []


Overfull \hbox (5.00002pt too wide) in paragraph at lines 570--588
\/cmr/m/n/10 ^^Ra 
 []


Overfull \hbox (99.57622pt too wide) in alignment at lines 588--592
 [][][] []
 []

Missing character: There is no V in font nullfont!

! LaTeX Error: Unicode character ^^e1^^ba^^ad (U+1EAD)
               not set up for use with LaTeX.

See the LaTeX manual or LaTeX Companion for explanation.
Type  H <return>  for immediate help.
 ...                                              
                                                  
l.593 V^^e1^^ba^^ad
                   y $\triangle ABC$ vu^^c3^^b4ng t^^e1^^ba^^a1i $A$.\\
You may provide a definition with
\DeclareUnicodeCharacter 

Missing character: There is no y in font nullfont!
Missing character: There is no v in font nullfont!
Missing character: There is no u in font nullfont!
Missing character: There is no n in font nullfont!
Missing character: There is no g in font nullfont!
Missing character: There is no t in font nullfont!

! LaTeX Error: Unicode character ^^e1^^ba^^a1 (U+1EA1)
               not set up for use with LaTeX.

See the LaTeX manual or LaTeX Companion for explanation.
Type  H <return>  for immediate help.
 ...                                              
                                                  
l.593 ...\triangle ABC$ vu^^c3^^b4ng t^^e1^^ba^^a1
                                                  i $A$.\\
You may provide a definition with
\DeclareUnicodeCharacter 

Missing character: There is no i in font nullfont!
Missing character: There is no . in font nullfont!
! Undefined control sequence.
l.594 ^^I\noindent{\it
                       C^^c3^^a1ch 2.}\\
The control sequence at the end of the top line
of your error message was never \def'ed. If you have
misspelled it (e.g., `\hobx'), type `I' and the correct
spelling (e.g., `I\hbox'). Otherwise just continue,
and I'll forget about whatever was undefined.

Missing character: There is no C in font nullfont!
Missing character: There is no c in font nullfont!
Missing character: There is no h in font nullfont!
Missing character: There is no 2 in font nullfont!
Missing character: There is no . in font nullfont!
! Undefined control sequence.
<recently read> \immini 
                        
l.595 ^^I\immini
                {
The control sequence at the end of the top line
of your error message was never \def'ed. If you have
misspelled it (e.g., `\hobx'), type `I' and the correct
spelling (e.g., `I\hbox'). Otherwise just continue,
and I'll forget about whatever was undefined.

Missing character: There is no Q in font nullfont!
Missing character: There is no u in font nullfont!
Missing character: There is no a in font nullfont!
Missing character: There is no k in font nullfont!

! LaTeX Error: Unicode character ^^e1^^ba^^bb (U+1EBB)
               not set up for use with LaTeX.

See the LaTeX manual or LaTeX Companion for explanation.
Type  H <return>  for immediate help.
 ...                                              
                                                  
l.596 ^^I^^IQua $A$ k^^e1^^ba^^bb
                                  ^^c4^^91^^c6^^b0^^e1^^bb^^9dng vu^^c3^^b4n...

You may provide a definition with
\DeclareUnicodeCharacter 


! LaTeX Error: Command \dj unavailable in encoding .

See the LaTeX manual or LaTeX Companion for explanation.
Type  H <return>  for immediate help.
 ...                                              
                                                  
l.596 ^^I^^IQua $A$ k^^e1^^ba^^bb ^^c4^^91
                                          ^^c6^^b0^^e1^^bb^^9dng vu^^c3^^b4n...

Your command was ignored.
Type  I <command> <return>  to replace it with another command,
or  <return>  to continue without it.


! LaTeX Error: Unicode character ^^c6^^b0 (U+01B0)
               not set up for use with LaTeX.

See the LaTeX manual or LaTeX Companion for explanation.
Type  H <return>  for immediate help.
 ...                                              
                                                  
l.596 ^^I^^IQua $A$ k^^e1^^ba^^bb ^^c4^^91^^c6^^b0
                                                  ^^e1^^bb^^9dng vu^^c3^^b4n...

You may provide a definition with
\DeclareUnicodeCharacter 


! LaTeX Error: Unicode character ^^e1^^bb^^9d (U+1EDD)
               not set up for use with LaTeX.

See the LaTeX manual or LaTeX Companion for explanation.
Type  H <return>  for immediate help.
 ...                                              
                                                  
l.596 ...^^e1^^ba^^bb ^^c4^^91^^c6^^b0^^e1^^bb^^9d
                                                  ng vu^^c3^^b4ng g^^c3^^b3c...

You may provide a definition with
\DeclareUnicodeCharacter 

Missing character: There is no n in font nullfont!
Missing character: There is no g in font nullfont!
Missing character: There is no v in font nullfont!
Missing character: There is no u in font nullfont!
Missing character: There is no n in font nullfont!
Missing character: There is no g in font nullfont!
Missing character: There is no g in font nullfont!
Missing character: There is no c in font nullfont!
Missing character: There is no v in font nullfont!

! LaTeX Error: Unicode character ^^e1^^bb^^9b (U+1EDB)
               not set up for use with LaTeX.

See the LaTeX manual or LaTeX Companion for explanation.
Type  H <return>  for immediate help.
 ...                                              
                                                  
l.596 ...dng vu^^c3^^b4ng g^^c3^^b3c v^^e1^^bb^^9b
                                                  i $AB$ c^^e1^^ba^^aft $BC$...

You may provide a definition with
\DeclareUnicodeCharacter 

Missing character: There is no i in font nullfont!
Missing character: There is no c in font nullfont!

! LaTeX Error: Unicode character ^^e1^^ba^^af (U+1EAF)
               not set up for use with LaTeX.

See the LaTeX manual or LaTeX Companion for explanation.
Type  H <return>  for immediate help.
 ...                                              
                                                  
l.596 ...c3^^b3c v^^e1^^bb^^9bi $AB$ c^^e1^^ba^^af
                                                  t $BC$ ^^e1^^bb^^9f $C'$.\\
You may provide a definition with
\DeclareUnicodeCharacter 

Missing character: There is no t in font nullfont!

! LaTeX Error: Unicode character ^^e1^^bb^^9f (U+1EDF)
               not set up for use with LaTeX.

See the LaTeX manual or LaTeX Companion for explanation.
Type  H <return>  for immediate help.
 ...                                              
                                                  
l.596 ...9bi $AB$ c^^e1^^ba^^aft $BC$ ^^e1^^bb^^9f
                                                   $C'$.\\
You may provide a definition with
\DeclareUnicodeCharacter 

Missing character: There is no . in font nullfont!
Missing character: There is no X in font nullfont!
Missing character: There is no t in font nullfont!
Missing character: There is no v in font nullfont!
Missing character: There is no c in font nullfont!

Overfull \hbox (32.33821pt too wide) in paragraph at lines 592--598
 $\OMS/cmsy/m/n/10 4\OML/cmm/m/it/10 ABC$
 []


Overfull \hbox (5.00002pt too wide) in paragraph at lines 592--598
\/cmr/m/n/10 ^o
 []


Overfull \hbox (7.50002pt too wide) in paragraph at lines 592--598
\OML/cmm/m/it/10 A$ 
 []


Overfull \hbox (5.00002pt too wide) in paragraph at lines 592--598
\/cmr/m/n/10 ^^Sa 
 []


Overfull \hbox (7.50002pt too wide) in paragraph at lines 592--598
\OML/cmm/m/it/10 A$
 []


Overfull \hbox (5.00002pt too wide) in paragraph at lines 592--598
\/cmr/m/n/10 ^o
 []


Overfull \hbox (5.00002pt too wide) in paragraph at lines 592--598
\/cmr/m/n/10 ^^So
 []


Overfull \hbox (15.58682pt too wide) in paragraph at lines 592--598
\OML/cmm/m/it/10 AB$
 []


Overfull \hbox (15.9493pt too wide) in paragraph at lines 592--598
\OML/cmm/m/it/10 BC$
 []


Overfull \hbox (10.66805pt too wide) in paragraph at lines 592--598
\OML/cmm/m/it/10 C[]$ 
 []


Overfull \hbox (4.44444pt too wide) in paragraph at lines 592--598
\/cmr/m/n/10 ^^Se
 []


Overfull \hbox (33.6007pt too wide) in paragraph at lines 592--598
\OMS/cmsy/m/n/10 4\OML/cmm/m/it/10 AHB$
 []


Overfull \hbox (5.00002pt too wide) in paragraph at lines 592--598
\/cmr/m/n/10 ^^Ra
 []


Overfull \hbox (36.18193pt too wide) in paragraph at lines 592--598
\OMS/cmsy/m/n/10 4\OML/cmm/m/it/10 C[]HA$
 []


Overfull \hbox (5.00002pt too wide) in paragraph at lines 592--598
\/cmr/m/n/10 ^^So 
 []

Missing character: There is no ( in font nullfont!
Missing character: There is no l in font nullfont!

! LaTeX Error: Command \dj unavailable in encoding .

See the LaTeX manual or LaTeX Companion for explanation.
Type  H <return>  for immediate help.
 ...                                              
                                                  
l.599 ...{AHC'}=90^\circ$ ($AH$ l^^c3^^a0 ^^c4^^91
                                                  ^^c6^^b0^^e1^^bb^^9dng cao).
Your command was ignored.
Type  I <command> <return>  to replace it with another command,
or  <return>  to continue without it.


! LaTeX Error: Unicode character ^^c6^^b0 (U+01B0)
               not set up for use with LaTeX.

See the LaTeX manual or LaTeX Companion for explanation.
Type  H <return>  for immediate help.
 ...                                              
                                                  
l.599 ...0^\circ$ ($AH$ l^^c3^^a0 ^^c4^^91^^c6^^b0
                                                  ^^e1^^bb^^9dng cao).
You may provide a definition with
\DeclareUnicodeCharacter 


! LaTeX Error: Unicode character ^^e1^^bb^^9d (U+1EDD)
               not set up for use with LaTeX.

See the LaTeX manual or LaTeX Companion for explanation.
Type  H <return>  for immediate help.
 ...                                              
                                                  
l.599 ...H$ l^^c3^^a0 ^^c4^^91^^c6^^b0^^e1^^bb^^9d
                                                  ng cao).
You may provide a definition with
\DeclareUnicodeCharacter 

Missing character: There is no n in font nullfont!
Missing character: There is no g in font nullfont!
Missing character: There is no c in font nullfont!
Missing character: There is no a in font nullfont!
Missing character: There is no o in font nullfont!
Missing character: There is no ) in font nullfont!
Missing character: There is no . in font nullfont!

Overfull \hbox (35.2673pt too wide) in paragraph at lines 599--600
[] \/cmr/m/n/10 =
 []


Overfull \hbox (37.84854pt too wide) in paragraph at lines 599--600
[] \/cmr/m/n/10 =
 []


Overfull \hbox (14.59726pt too wide) in paragraph at lines 599--600
\/cmr/m/n/10 90[]$
 []


Overfull \hbox (16.62498pt too wide) in paragraph at lines 599--600
\OML/cmm/m/it/10 AH$
 []


Overfull \hbox (5.00002pt too wide) in paragraph at lines 599--600
\/cmr/m/n/10 ^^Ra 
 []

Missing character: There is no ( in font nullfont!
Missing character: There is no c in font nullfont!
Missing character: There is no n in font nullfont!
Missing character: There is no g in font nullfont!
Missing character: There is no p in font nullfont!
Missing character: There is no h in font nullfont!

! LaTeX Error: Unicode character ^^e1^^bb^^a5 (U+1EE5)
               not set up for use with LaTeX.

See the LaTeX manual or LaTeX Companion for explanation.
Type  H <return>  for immediate help.
 ...                                              
                                                  
l.600 ...idehat{AC'H}$ (c^^c3^^b9ng ph^^e1^^bb^^a5
                                                   $\widehat{HAC}$).
You may provide a definition with
\DeclareUnicodeCharacter 

Missing character: There is no ) in font nullfont!
Missing character: There is no . in font nullfont!

Overfull \hbox (35.2673pt too wide) in paragraph at lines 600--601
[] \/cmr/m/n/10 =
 []


Overfull \hbox (27.29303pt too wide) in paragraph at lines 600--601
[]$
 []


Overfull \hbox (5.55557pt too wide) in paragraph at lines 600--601
\/cmr/m/n/10 ^^Ru
 []


Overfull \hbox (24.48747pt too wide) in paragraph at lines 600--601
[]$ 
 []


! LaTeX Error: Environment tikzpicture undefined.

See the LaTeX manual or LaTeX Companion for explanation.
Type  H <return>  for immediate help.
 ...                                              
                                                  
l.603 ^^I^^I\begin{tikzpicture}
                               
Your command was ignored.
Type  I <command> <return>  to replace it with another command,
or  <return>  to continue without it.

! Undefined control sequence.
l.604 ^^I^^I^^I\path
                    
The control sequence at the end of the top line
of your error message was never \def'ed. If you have
misspelled it (e.g., `\hobx'), type `I' and the correct
spelling (e.g., `I\hbox'). Otherwise just continue,
and I'll forget about whatever was undefined.

Missing character: There is no ( in font nullfont!
Missing character: There is no 0 in font nullfont!
Missing character: There is no , in font nullfont!
Missing character: There is no 0 in font nullfont!
Missing character: There is no ) in font nullfont!
Missing character: There is no c in font nullfont!
Missing character: There is no o in font nullfont!
Missing character: There is no o in font nullfont!
Missing character: There is no r in font nullfont!
Missing character: There is no d in font nullfont!
Missing character: There is no i in font nullfont!
Missing character: There is no n in font nullfont!
Missing character: There is no a in font nullfont!
Missing character: There is no t in font nullfont!
Missing character: There is no e in font nullfont!
Missing character: There is no ( in font nullfont!
Missing character: There is no B in font nullfont!
Missing character: There is no ) in font nullfont!
Missing character: There is no ( in font nullfont!
Missing character: There is no 2 in font nullfont!
Missing character: There is no , in font nullfont!
Missing character: There is no 4 in font nullfont!
Missing character: There is no ) in font nullfont!
Missing character: There is no c in font nullfont!
Missing character: There is no o in font nullfont!
Missing character: There is no o in font nullfont!
Missing character: There is no r in font nullfont!
Missing character: There is no d in font nullfont!
Missing character: There is no i in font nullfont!
Missing character: There is no n in font nullfont!
Missing character: There is no a in font nullfont!
Missing character: There is no t in font nullfont!
Missing character: There is no e in font nullfont!
Missing character: There is no ( in font nullfont!
Missing character: There is no A in font nullfont!
Missing character: There is no ) in font nullfont!
Missing character: There is no ( in font nullfont!
Missing character: There is no 6 in font nullfont!
Missing character: There is no , in font nullfont!
Missing character: There is no 0 in font nullfont!
Missing character: There is no ) in font nullfont!
Missing character: There is no c in font nullfont!
Missing character: There is no o in font nullfont!
Missing character: There is no o in font nullfont!
Missing character: There is no r in font nullfont!
Missing character: There is no d in font nullfont!
Missing character: There is no i in font nullfont!
Missing character: There is no n in font nullfont!
Missing character: There is no a in font nullfont!
Missing character: There is no t in font nullfont!
Missing character: There is no e in font nullfont!
Missing character: There is no ( in font nullfont!
Missing character: There is no C in font nullfont!
Missing character: There is no ) in font nullfont!
Missing character: There is no ( in font nullfont!
Missing character: There is no ) in font nullfont!
Missing character: There is no c in font nullfont!
Missing character: There is no o in font nullfont!
Missing character: There is no o in font nullfont!
Missing character: There is no r in font nullfont!
Missing character: There is no d in font nullfont!
Missing character: There is no i in font nullfont!
Missing character: There is no n in font nullfont!
Missing character: There is no a in font nullfont!
Missing character: There is no t in font nullfont!
Missing character: There is no e in font nullfont!
Missing character: There is no ( in font nullfont!
Missing character: There is no H in font nullfont!
Missing character: There is no ) in font nullfont!
Missing character: There is no ( in font nullfont!
Missing character: There is no ) in font nullfont!
Missing character: There is no c in font nullfont!
Missing character: There is no o in font nullfont!
Missing character: There is no o in font nullfont!
Missing character: There is no r in font nullfont!
Missing character: There is no d in font nullfont!
Missing character: There is no i in font nullfont!
Missing character: There is no n in font nullfont!
Missing character: There is no a in font nullfont!
Missing character: There is no t in font nullfont!
Missing character: There is no e in font nullfont!
Missing character: There is no ( in font nullfont!
Missing character: There is no c in font nullfont!
Missing character: There is no ) in font nullfont!
Missing character: There is no ( in font nullfont!
Missing character: There is no i in font nullfont!
Missing character: There is no n in font nullfont!
Missing character: There is no t in font nullfont!
Missing character: There is no e in font nullfont!
Missing character: There is no r in font nullfont!
Missing character: There is no s in font nullfont!
Missing character: There is no e in font nullfont!
Missing character: There is no c in font nullfont!
Missing character: There is no t in font nullfont!
Missing character: There is no i in font nullfont!
Missing character: There is no o in font nullfont!
Missing character: There is no n in font nullfont!
Missing character: There is no o in font nullfont!
Missing character: There is no f in font nullfont!
Missing character: There is no A in font nullfont!
Missing character: There is no - in font nullfont!
Missing character: There is no - in font nullfont!
Missing character: There is no c in font nullfont!
Missing character: There is no a in font nullfont!
Missing character: There is no n in font nullfont!
Missing character: There is no d in font nullfont!
Missing character: There is no B in font nullfont!
Missing character: There is no - in font nullfont!
Missing character: There is no - in font nullfont!
Missing character: There is no C in font nullfont!
Missing character: There is no ) in font nullfont!
Missing character: There is no c in font nullfont!
Missing character: There is no o in font nullfont!
Missing character: There is no o in font nullfont!
Missing character: There is no r in font nullfont!
Missing character: There is no d in font nullfont!
Missing character: There is no i in font nullfont!
Missing character: There is no n in font nullfont!
Missing character: There is no a in font nullfont!
Missing character: There is no t in font nullfont!
Missing character: There is no e in font nullfont!
Missing character: There is no ( in font nullfont!
Missing character: There is no C in font nullfont!
Missing character: There is no ' in font nullfont!
Missing character: There is no ) in font nullfont!
Missing character: There is no ; in font nullfont!
! Undefined control sequence.
l.612 ^^I^^I^^I\draw
                    
The control sequence at the end of the top line
of your error message was never \def'ed. If you have
misspelled it (e.g., `\hobx'), type `I' and the correct
spelling (e.g., `I\hbox'). Otherwise just continue,
and I'll forget about whatever was undefined.

Missing character: There is no ( in font nullfont!
Missing character: There is no A in font nullfont!
Missing character: There is no ) in font nullfont!
Missing character: There is no - in font nullfont!
Missing character: There is no - in font nullfont!
Missing character: There is no ( in font nullfont!
Missing character: There is no B in font nullfont!
Missing character: There is no ) in font nullfont!
Missing character: There is no - in font nullfont!
Missing character: There is no - in font nullfont!
Missing character: There is no ( in font nullfont!
Missing character: There is no C in font nullfont!
Missing character: There is no ) in font nullfont!
Missing character: There is no - in font nullfont!
Missing character: There is no - in font nullfont!
Missing character: There is no c in font nullfont!
Missing character: There is no y in font nullfont!
Missing character: There is no c in font nullfont!
Missing character: There is no l in font nullfont!
Missing character: There is no e in font nullfont!
Missing character: There is no ( in font nullfont!
Missing character: There is no A in font nullfont!
Missing character: There is no ) in font nullfont!
Missing character: There is no - in font nullfont!
Missing character: There is no - in font nullfont!
Missing character: There is no ( in font nullfont!
Missing character: There is no H in font nullfont!
Missing character: There is no ) in font nullfont!
Missing character: There is no ( in font nullfont!
Missing character: There is no A in font nullfont!
Missing character: There is no ) in font nullfont!
Missing character: There is no - in font nullfont!
Missing character: There is no - in font nullfont!
Missing character: There is no ( in font nullfont!
Missing character: There is no C in font nullfont!
Missing character: There is no ' in font nullfont!
Missing character: There is no ) in font nullfont!
Missing character: There is no ( in font nullfont!
Missing character: There is no B in font nullfont!
Missing character: There is no ) in font nullfont!
Missing character: There is no - in font nullfont!
Missing character: There is no - in font nullfont!
Missing character: There is no ( in font nullfont!
Missing character: There is no C in font nullfont!
Missing character: There is no ' in font nullfont!
Missing character: There is no ) in font nullfont!
Missing character: There is no ; in font nullfont!
! Undefined control sequence.
l.618 ^^I^^I^^I^^I^^I^^I\foreach
                                 \x/\g in {A/90,B/-135,C'/-45,H/-90,C/-90}
The control sequence at the end of the top line
of your error message was never \def'ed. If you have
misspelled it (e.g., `\hobx'), type `I' and the correct
spelling (e.g., `I\hbox'). Otherwise just continue,
and I'll forget about whatever was undefined.

! Undefined control sequence.
l.618 ^^I^^I^^I^^I^^I^^I\foreach \x
                                   /\g in {A/90,B/-135,C'/-45,H/-90,C/-90}
The control sequence at the end of the top line
of your error message was never \def'ed. If you have
misspelled it (e.g., `\hobx'), type `I' and the correct
spelling (e.g., `I\hbox'). Otherwise just continue,
and I'll forget about whatever was undefined.

Missing character: There is no / in font nullfont!
! Undefined control sequence.
l.618 ^^I^^I^^I^^I^^I^^I\foreach \x/\g
                                       in {A/90,B/-135,C'/-45,H/-90,C/-90}
The control sequence at the end of the top line
of your error message was never \def'ed. If you have
misspelled it (e.g., `\hobx'), type `I' and the correct
spelling (e.g., `I\hbox'). Otherwise just continue,
and I'll forget about whatever was undefined.

Missing character: There is no i in font nullfont!
Missing character: There is no n in font nullfont!
Missing character: There is no A in font nullfont!
Missing character: There is no / in font nullfont!
Missing character: There is no 9 in font nullfont!
Missing character: There is no 0 in font nullfont!
Missing character: There is no , in font nullfont!
Missing character: There is no B in font nullfont!
Missing character: There is no / in font nullfont!
Missing character: There is no - in font nullfont!
Missing character: There is no 1 in font nullfont!
Missing character: There is no 3 in font nullfont!
Missing character: There is no 5 in font nullfont!
Missing character: There is no , in font nullfont!
Missing character: There is no C in font nullfont!
Missing character: There is no ' in font nullfont!
Missing character: There is no / in font nullfont!
Missing character: There is no - in font nullfont!
Missing character: There is no 4 in font nullfont!
Missing character: There is no 5 in font nullfont!
Missing character: There is no , in font nullfont!
Missing character: There is no H in font nullfont!
Missing character: There is no / in font nullfont!
Missing character: There is no - in font nullfont!
Missing character: There is no 9 in font nullfont!
Missing character: There is no 0 in font nullfont!
Missing character: There is no , in font nullfont!
Missing character: There is no C in font nullfont!
Missing character: There is no / in font nullfont!
Missing character: There is no - in font nullfont!
Missing character: There is no 9 in font nullfont!
Missing character: There is no 0 in font nullfont!
! Undefined control sequence.
l.620 ^^I^^I^^I^^I^^I^^I^^I\draw
                                 [fill=black](\x) circle (1.5pt) +(\g:3mm) n...
The control sequence at the end of the top line
of your error message was never \def'ed. If you have
misspelled it (e.g., `\hobx'), type `I' and the correct
spelling (e.g., `I\hbox'). Otherwise just continue,
and I'll forget about whatever was undefined.

Missing character: There is no [ in font nullfont!
Missing character: There is no f in font nullfont!
Missing character: There is no i in font nullfont!
Missing character: There is no l in font nullfont!
Missing character: There is no l in font nullfont!
Missing character: There is no = in font nullfont!
Missing character: There is no b in font nullfont!
Missing character: There is no l in font nullfont!
Missing character: There is no a in font nullfont!
Missing character: There is no c in font nullfont!
Missing character: There is no k in font nullfont!
Missing character: There is no ] in font nullfont!
Missing character: There is no ( in font nullfont!
! Undefined control sequence.
l.620 ^^I^^I^^I^^I^^I^^I^^I\draw [fill=black](\x
                                                ) circle (1.5pt) +(\g:3mm) n...
The control sequence at the end of the top line
of your error message was never \def'ed. If you have
misspelled it (e.g., `\hobx'), type `I' and the correct
spelling (e.g., `I\hbox'). Otherwise just continue,
and I'll forget about whatever was undefined.

Missing character: There is no ) in font nullfont!
Missing character: There is no c in font nullfont!
Missing character: There is no i in font nullfont!
Missing character: There is no r in font nullfont!
Missing character: There is no c in font nullfont!
Missing character: There is no l in font nullfont!
Missing character: There is no e in font nullfont!
Missing character: There is no ( in font nullfont!
Missing character: There is no 1 in font nullfont!
Missing character: There is no . in font nullfont!
Missing character: There is no 5 in font nullfont!
Missing character: There is no p in font nullfont!
Missing character: There is no t in font nullfont!
Missing character: There is no ) in font nullfont!
Missing character: There is no + in font nullfont!
Missing character: There is no ( in font nullfont!
! Undefined control sequence.
l.620 ...draw [fill=black](\x) circle (1.5pt) +(\g
                                                  :3mm) node {$\x$};
The control sequence at the end of the top line
of your error message was never \def'ed. If you have
misspelled it (e.g., `\hobx'), type `I' and the correct
spelling (e.g., `I\hbox'). Otherwise just continue,
and I'll forget about whatever was undefined.

Missing character: There is no : in font nullfont!
Missing character: There is no 3 in font nullfont!
Missing character: There is no m in font nullfont!
Missing character: There is no m in font nullfont!
Missing character: There is no ) in font nullfont!
Missing character: There is no n in font nullfont!
Missing character: There is no o in font nullfont!
Missing character: There is no d in font nullfont!
Missing character: There is no e in font nullfont!
! Undefined control sequence.
<recently read> \x 
                   
l.620 ...k](\x) circle (1.5pt) +(\g:3mm) node {$\x
                                                  $};
The control sequence at the end of the top line
of your error message was never \def'ed. If you have
misspelled it (e.g., `\hobx'), type `I' and the correct
spelling (e.g., `I\hbox'). Otherwise just continue,
and I'll forget about whatever was undefined.

Missing character: There is no ; in font nullfont!

! LaTeX Error: \begin{document} ended by \end{tikzpicture}.

See the LaTeX manual or LaTeX Companion for explanation.
Type  H <return>  for immediate help.
 ...                                              
                                                  
l.622 ^^I^^I\end{tikzpicture}
                             
Your command was ignored.
Type  I <command> <return>  to replace it with another command,
or  <return>  to continue without it.

Missing character: There is no V in font nullfont!

! LaTeX Error: Unicode character ^^e1^^ba^^ad (U+1EAD)
               not set up for use with LaTeX.

See the LaTeX manual or LaTeX Companion for explanation.
Type  H <return>  for immediate help.
 ...                                              
                                                  
l.624 ^^I\noindent V^^e1^^ba^^ad
                                y $\triangle AHB\sim \triangle C'HA$ (g^^c3^...

You may provide a definition with
\DeclareUnicodeCharacter 

Missing character: There is no y in font nullfont!
Missing character: There is no ( in font nullfont!
Missing character: There is no g in font nullfont!
Missing character: There is no c in font nullfont!
Missing character: There is no - in font nullfont!
Missing character: There is no g in font nullfont!
Missing character: There is no c in font nullfont!
Missing character: There is no ) in font nullfont!
Missing character: There is no . in font nullfont!
Missing character: There is no S in font nullfont!
Missing character: There is no u in font nullfont!
Missing character: There is no y in font nullfont!
Missing character: There is no r in font nullfont!
Missing character: There is no a in font nullfont!
! Undefined control sequence.
<recently read> \dfrac 
                       
l.625 ^^ISuy ra $\dfrac
                       {AH}{HC'}=\dfrac{HB}{AH}\Leftrightarrow AH^2=HB\cdot ...
The control sequence at the end of the top line
of your error message was never \def'ed. If you have
misspelled it (e.g., `\hobx'), type `I' and the correct
spelling (e.g., `I\hbox'). Otherwise just continue,
and I'll forget about whatever was undefined.

! Undefined control sequence.
l.625 ^^ISuy ra $\dfrac{AH}{HC'}=\dfrac
                                       {HB}{AH}\Leftrightarrow AH^2=HB\cdot ...
The control sequence at the end of the top line
of your error message was never \def'ed. If you have
misspelled it (e.g., `\hobx'), type `I' and the correct
spelling (e.g., `I\hbox'). Otherwise just continue,
and I'll forget about whatever was undefined.

Missing character: There is no . in font nullfont!
Missing character: There is no V in font nullfont!

! LaTeX Error: Unicode character ^^e1^^ba^^ad (U+1EAD)
               not set up for use with LaTeX.

See the LaTeX manual or LaTeX Companion for explanation.
Type  H <return>  for immediate help.
 ...                                              
                                                  
l.626 ^^IV^^e1^^ba^^ad
                      y l^^c3^^bac n^^c3^^a0y $C$ ph^^e1^^ba^^a3i l^^c3^^a0 ...

You may provide a definition with
\DeclareUnicodeCharacter 

Missing character: There is no y in font nullfont!
Missing character: There is no l in font nullfont!
Missing character: There is no c in font nullfont!
Missing character: There is no n in font nullfont!
Missing character: There is no y in font nullfont!
Missing character: There is no p in font nullfont!
Missing character: There is no h in font nullfont!

! LaTeX Error: Unicode character ^^e1^^ba^^a3 (U+1EA3)
               not set up for use with LaTeX.

See the LaTeX manual or LaTeX Companion for explanation.
Type  H <return>  for immediate help.
 ...                                              
                                                  
l.626 ... l^^c3^^bac n^^c3^^a0y $C$ ph^^e1^^ba^^a3
                                                  i l^^c3^^a0 ^^c4^^91i^^e1^...

You may provide a definition with
\DeclareUnicodeCharacter 

Missing character: There is no i in font nullfont!
Missing character: There is no l in font nullfont!

! LaTeX Error: Command \dj unavailable in encoding .

See the LaTeX manual or LaTeX Companion for explanation.
Type  H <return>  for immediate help.
 ...                                              
                                                  
l.626 ...0y $C$ ph^^e1^^ba^^a3i l^^c3^^a0 ^^c4^^91
                                                  i^^e1^^bb^^83m tr^^c3^^b9n...

Your command was ignored.
Type  I <command> <return>  to replace it with another command,
or  <return>  to continue without it.

Missing character: There is no i in font nullfont!

! LaTeX Error: Unicode character ^^e1^^bb^^83 (U+1EC3)
               not set up for use with LaTeX.

See the LaTeX manual or LaTeX Companion for explanation.
Type  H <return>  for immediate help.
 ...                                              
                                                  
l.626 ...^^ba^^a3i l^^c3^^a0 ^^c4^^91i^^e1^^bb^^83
                                                  m tr^^c3^^b9ng v^^e1^^bb^^...

You may provide a definition with
\DeclareUnicodeCharacter 

Missing character: There is no m in font nullfont!
Missing character: There is no t in font nullfont!
Missing character: There is no r in font nullfont!
Missing character: There is no n in font nullfont!
Missing character: There is no g in font nullfont!
Missing character: There is no v in font nullfont!

! LaTeX Error: Unicode character ^^e1^^bb^^9b (U+1EDB)
               not set up for use with LaTeX.

See the LaTeX manual or LaTeX Companion for explanation.
Type  H <return>  for immediate help.
 ...                                              
                                                  
l.626 ...i^^e1^^bb^^83m tr^^c3^^b9ng v^^e1^^bb^^9b
                                                  i $C'$ hay $\triangle ABC$...

You may provide a definition with
\DeclareUnicodeCharacter 

Missing character: There is no i in font nullfont!
Missing character: There is no h in font nullfont!
Missing character: There is no a in font nullfont!
Missing character: There is no y in font nullfont!
Missing character: There is no v in font nullfont!
Missing character: There is no u in font nullfont!
Missing character: There is no n in font nullfont!
Missing character: There is no g in font nullfont!
Missing character: There is no t in font nullfont!

! LaTeX Error: Unicode character ^^e1^^ba^^a1 (U+1EA1)
               not set up for use with LaTeX.

See the LaTeX manual or LaTeX Companion for explanation.
Type  H <return>  for immediate help.
 ...                                              
                                                  
l.626 ...\triangle ABC$ vu^^c3^^b4ng t^^e1^^ba^^a1
                                                  i $A$.
You may provide a definition with
\DeclareUnicodeCharacter 

Missing character: There is no i in font nullfont!
Missing character: There is no . in font nullfont!

! LaTeX Error: \begin{document} ended by \end{ex}.

See the LaTeX manual or LaTeX Companion for explanation.
Type  H <return>  for immediate help.
 ...                                              
                                                  
l.628 \end{ex}
              
Your command was ignored.
Type  I <command> <return>  to replace it with another command,
or  <return>  to continue without it.

Missing character: There is no - in font nullfont!
Missing character: There is no - in font nullfont!
Missing character: There is no - in font nullfont!
Missing character: There is no H in font nullfont!

! LaTeX Error: Unicode character ^^e1^^ba^^bf (U+1EBF)
               not set up for use with LaTeX.

See the LaTeX manual or LaTeX Companion for explanation.
Type  H <return>  for immediate help.
 ...                                              
                                                  
l.629 \centering{---H^^e1^^ba^^bf
                                 t---}
You may provide a definition with
\DeclareUnicodeCharacter 

Missing character: There is no t in font nullfont!
Missing character: There is no - in font nullfont!
Missing character: There is no - in font nullfont!
Missing character: There is no - in font nullfont!
! Undefined control sequence.
l.630 \Closesolutionfile
                        {ans}
The control sequence at the end of the top line
of your error message was never \def'ed. If you have
misspelled it (e.g., `\hobx'), type `I' and the correct
spelling (e.g., `I\hbox'). Otherwise just continue,
and I'll forget about whatever was undefined.

Missing character: There is no a in font nullfont!
Missing character: There is no n in font nullfont!
Missing character: There is no s in font nullfont!
)
! Emergency stop.
<*> ...KhoiLop_TenBaiThi_DonViRaDe_NamHoc_TNTL.tex
                                                  
*** (job aborted, no legal \end found)

 
Here is how much of TeX's memory you used:
 109 strings out of 478342
 1478 string characters out of 5839198
 1894793 words of memory out of 5000000
 20321 multiletter control sequences out of 15000+600000
 512954 words of font info for 34 fonts, out of 8000000 for 9000
 0 hyphenation exceptions out of 8191
 28i,8n,32p,324b,200s stack positions out of 10000i,1000n,20000p,200000b,200000s
!  ==> Fatal error occurred, no output PDF file produced!
